Date;ITSA4.SA;ALOS3.SA;CSAN3.SA;USIM5.SA;BBAS3.SA;B3SA3.SA;UGPA3.SA;BEEF3.SA;BPAC11.SA;BRKM5.SA;CMIG4.SA;KLBN11.SA;ITUB4.SA;VBBR3.SA;BBDC4.SA;LREN3.SA;AXIA3.SA;MGLU3.SA;WEGE3.SA;COGN3.SA;SLCE3.SA;Retorno_IBOV_Simples
2021-01-04;-0,015345438;-0,033938546;0,046348987;0,022587232;-0,031185243;-0,007205746;0,016006812;-0,010073054;-0,008838541;-0,009333888;-0,00942058;-0,01883251;-0,02261605;-0,012652541;-0,026160596;-0,030546471;-0,028361112;0,010020093;-0,014787251;0,015118963;0,038615634;-0,006269592
2021-01-05;-0,007792417;-0,000354825;0,003154873;0,01070961;-0,010374886;0,001967945;-0,008291771;-0,019920431;-0,007520324;0,000428352;0;-0,006909701;-0,006472078;0,011441544;-0,006096549;-0,009713178;-0,025820969;-0,017460347;0,061377386;-0,006383144;0,045949018;0,005609069
2021-01-06;0,020070233;-0,049698423;-0,002390081;0,048344239;0,022849356;-0,016366724;-0,012123728;-0,01422773;-0,032258417;0,038955498;0,020509331;0,0189408;0,029315785;-0,01447953;0,033142487;-0,050239256;-0,016133637;-0,052504129;0,026515237;-0,029978568;-0,002682818;0,00526744
2021-01-07;0,040205029;-0,021666146;0,038965865;0,048010188;0,039684734;0,027953252;0,030469576;-0,005154593;0,006337669;0,024721804;-0,011087714;0,053111112;0,038923627;0,018365596;0,026548587;0,026447981;-0,00702787;-0,012787595;0,041328332;0,019867696;0,003026247;0,017563475
2021-01-08;-0,002466966;0,036655295;-0,001699331;-0,004822122;0,005813933;0,014729906;0,025872659;0,008290216;0,031676951;-0,007237659;0,068675634;0,04070576;-0,000304393;0,027953121;-0,008620943;0,057668954;0,031554216;0,029360863;0,060477471;0,043289931;0,050955443;0,025591197
2021-01-11;-0,023083195;-0,043093912;-0,016656584;0,012113648;-0,016335568;-0,041154812;-0,046837327;-0,012332988;-0,023434881;0,016606008;-0,034753993;0,021114766;-0,022547;-0,020175503;-0,017753395;-0,038283072;-0,036306507;-0,014681197;-0,030630562;-0,041493673;0,011802273;-0,01814882
2021-01-12;0,00759514;0,014241738;0,025222693;-0,013764115;0,009197219;0,028946462;-0,00714001;0,039542228;0,008887641;0,000398398;-0,004076424;0,006440659;0,003117054;0,007610043;-0,000738193;0,010856749;0,020765314;0,030225644;0,034930409;0,006493432;0,051702231;0,009698144
2021-01-13;-0,01005078;-0,012902993;0,021466402;-0,060679652;-0,049366952;0,004042349;-0,007614064;-0,019019058;0,005616166;-0,000398239;0,008867844;-0,027282042;-0,01646958;-0,013328034;-0,015134275;-0,01193342;-0,005230937;-0,007437956;0,002331813;-0,004301167;0,003597045;-0,015790577
2021-01-14;0,021997043;0,042675924;-0,003541781;0,018087862;-0,00239682;-0,007085247;-0,005967803;0,002040665;0,002080742;0,005577568;0,014874958;-0,015928038;0,029700045;0,00540319;0,030734622;0,047826179;0,036809942;-0,012073256;-0,004541848;0,030237502;0,009558144;0,011807604
2021-01-15;-0,038907484;-0,007374843;-0,035071111;-0,046954187;-0,0309663;-0,029841096;-0,027444356;-0,010183088;-0,020762989;-0,001584663;-0,022651613;0,016537674;-0,037741767;-0,0228392;-0,027636396;-0,00691538;-0,039447922;0,009692351;-0,041281511;-0,002096393;-0,003550419;-0,024125169
2021-01-18;0,001722717;0,017458948;0,009577498;0,002663083;-0,010192779;0,016382425;-0,016313762;0,005144107;0,036491603;-0,014682577;-0,016360237;0,013845709;-0,005102018;-0,002749783;0,003365523;0,001160326;-0,006746767;0,020450749;0,070218022;-0,014705815;0,022565336;0,006140977
2021-01-19;-0,015477306;-0,023000925;0,001581124;-0,047144719;-0,016977332;-0,003453928;-0,005378802;-0,019447507;0,019487623;0,022150596;-0,017324898;-0,003414254;-0,01185909;-0,00045921;-0,016026644;0,01785319;-0,016538785;-0,015132914;-0,028304805;-0,012793211;-0,018582936;-0,004693093
2021-01-20;-0,015720619;0,005231689;-0,019186384;-0,01672486;-0,02236716;-0,009737646;0,016223671;-0,008350606;-0,010455337;-0,006698131;-0,023977174;0,00068519;-0,016542477;-0,010115158;-0,020833617;-0,017995842;-0,009008859;0,055647861;-0,010045084;0,002159783;0,01804712;-0,007996818
2021-01-21;-0,02040776;-0,023419985;-0,038999605;0,003543626;-0,010135975;-0,03166634;-0,002660892;-0,016842287;0,008431281;-0,015073412;-0,000722786;-0,004108228;-0,01352205;-0,032512687;-0,014312482;-0,01739726;-0,051515352;0,002753637;-0,011837308;-0,030172275;0,014240207;-0,010567381
2021-01-22;-0,014492865;-0,003426155;-0,007987658;0;-0,014336025;0,007745005;-0,025789092;-0,017130493;-0,028151276;-0,033024574;-0,002169022;-0,019938033;-0,021398231;0,003360391;-0,018446205;-0,031633367;-0,033865632;0,01961564;0,015059776;-0,020000146;-0,015186281;-0,0107309
2021-01-26;-0,022027551;-0,004201616;-0,016233699;-0,045197683;-0,026714246;0,012809713;0,007759064;-0,013071764;0,008167187;-0,014993801;-0,023188425;0,027358873;-0,033190947;0,095693796;-0,023990403;0,009751196;-0,096891533;-0,009234474;-0,000224934;-0,01814047;0,00785574;-0,006042399
2021-01-27;-0,00659133;0,005753609;0,01650158;-0,031064966;0,029277294;-0,004890584;-0,002264493;0,022074982;-0,013177748;-0,014799119;-0,002225471;-0,020143559;0;0,016157002;0,014338323;0,010139842;0,029659285;0,00155347;-0,002923055;0,004618971;-0,005485089;-0,004997252
2021-01-28;0,039810562;0,080091728;0,001948035;0,061831827;0,023407398;0,03863757;0,042668843;0,025917919;0,048927313;0,02274677;0,052044419;-0,014285365;0,040354391;0,022776104;0,031098425;0,033221844;0,039473763;0,015509915;-0,008117652;0,055172429;-0,006676321;0,029616334
2021-01-29;-0,032816905;-0,025070669;-0,027089966;-0,051042297;-0,019687132;-0,024310569;-0,051806597;-0,023157857;-0,017322323;0,016365947;-0,031802389;-0,013785813;-0,035726904;-0,022688694;-0,030943902;-0,040712442;-0,01847406;-0,035127972;-0,047516391;-0,015250656;0,011981311;-0,027716781
2021-02-01;0,016965374;0,016298246;0,024247153;0,011363495;0,01269927;0,024247412;0,020201887;-0,002155204;0,045025069;0,055326182;0,032116764;0,013619825;0,026655299;0,021925772;0,020614496;-0,009645592;0,07459043;-0,013454643;0,00895083;0,004424811;0,010684415;0,01170619
2021-02-02;0,001853305;0,012473529;0,022112375;-0,020973879;-0,006707388;0,023510216;0,027452899;0,005399519;-0,002845398;0,063380312;0,009901477;-0,008486556;-0,021320428;-0,018090208;-0,004004189;-0,001460923;0,016217905;0,014841547;0,00816177;0,024229129;0,045714166;0,007404252
2021-02-03;0,000924895;0,021823169;0,004708594;-0,003825327;0,007927322;0,004306818;0,02715708;0,020408206;0,07510457;0,062178043;0,009803585;0,013908728;-0,004919234;-0,014995742;0,004775141;0,020238962;0,012448109;0,013834052;0,040361679;0,019354799;0,035246044;0,012610586
2021-02-04;0;-0,001033308;0,01241297;0,009984515;-0,004078193;-0,008259208;-0,005970131;-0,01368416;0,020379163;0,029095861;-0,009014941;-0,010200698;-0,004237391;-0,009569089;0,030098896;-0,011949927;-0,014359222;-0,013255383;-0,034961236;-0,025316346;-0,027447906;-0,003875548
2021-02-05;-0,005545109;-0,014827551;-0,014888224;0,04410646;-0,006727006;0,016175778;0,012441107;-0,002134566;0,020529443;-0,018512263;-0,010497314;0,011016684;-0,004255104;-0,012735942;-0,005382097;-0,007982941;-0,001675128;0,021335407;-0,012504364;0,002164336;0,008412508;0,005567621
2021-02-08;-0,01486996;0,005250143;0,085725521;0,010925019;-0,002650447;-0,0148151;0,011017085;0,007486613;0,039868896;-0,018175575;0,001414903;-0,017926357;-0,018518929;-0,002224421;-0,021260513;0,005608631;-0,00369128;0,01199225;0,011833993;-0,034557188;0,046824393;-0,003410465
2021-02-09;0,008490469;-0,01218663;-0,022341922;0,012968395;0,012105374;-0,004639221;0,022212765;0,011677201;-0,007703047;0,012574264;-0,016949356;0;0,011973897;-0,002228933;0,005134663;-0,008486738;0,004715357;0,003058109;-0,005731014;-0,011185764;0,011054029;-0,000727936
2021-02-10;-0,006547995;-0,032076223;0,00442681;-0,01778097;-0,013710946;-0,034876235;-0,027880249;-0,024134356;-0,043842498;-0,006209058;-0,013649455;-0,00071605;-0,007170596;-0,00223436;-0,011002157;-0,027635396;-0,018772983;-0,035823166;0,011998716;-0,04072384;0,013729982;-0,008364803
2021-02-11;0,001883149;-0,002913205;0,029184158;0,023895773;0,003844682;0,004496394;-0,012652894;0,022580913;0,02186547;0,018049287;0,000728447;0,003940019;0;0,014330644;0,001192269;-0,009305686;0,014007578;0,013834052;0,011275302;-0,002358574;0,043140208;0,006797264
2021-02-12;-0,003759395;-0,005113222;0,013773034;0,00353594;-0,005597766;-0,007626061;-0,00042708;0,007360468;-0,018057274;0,030344389;-0,01528345;-0,000356722;0,002527959;-0,017660223;0;0,012947256;0,012129277;0,010136469;-0,003793172;-0,009456334;0,024284709;-0,000998029
2021-02-17;-0,005660725;-0,0216593;-0,001712314;0,057787128;-0,011555488;-0,014199863;-0,003846353;0,051148233;0,002390645;0,009927208;-0,021434176;0,018915057;0,0126076;0;-0,000793944;0,016290641;0,000332952;-0,015824067;-0,031383339;0,016706635;-0,01760575;0,010703852
2021-02-18;-0,01802611;-0,017260903;-0,008463073;-0,011991937;-0,002997487;-0,016777086;-0,034748965;-0,043693899;-0,027792808;-0,009829627;-0,025679815;0,016462371;-0,007114903;0,00764044;-0,009865513;-0,013563297;-0,018302853;-0,018039177;-0,006789952;-0,014084675;-0,007646192;-0,010391142
2021-02-19;-0,009661916;-0,001527327;0,012572148;0,009440446;-0,018941618;0,000517146;0,01600003;-0,022845419;0,00622683;0,014228976;-0,012402974;0,007236494;-0,010390456;0,019625441;-0,008430243;-0,008249873;-0,01322035;-0,003993617;-0,001678756;-0,00476174;0,001204066;-0,003290247
2021-02-22;-0,045853704;-0,03594626;-0,06606688;0,00133591;-0,116457171;-0,039792942;-0,078302779;-0,037194385;-0,021753454;-0,0208809;-0,03453699;0,05713326;-0,072773778;-0,072178472;-0,065586915;-0,033526772;-0,006870451;-0,027666411;-0,006247133;-0,047847102;-0,03631558;-0,051200862
2021-02-23;0,075664645;-0,003966842;0,062568667;0,050033209;0,071700122;-0,007176136;0,014713016;0,034216307;0,011214447;0,00266572;0,009756179;-0,002265683;0,06403725;0,003300457;0,047660168;-0,002086548;0,130058708;0,025154572;0,011363895;-0,005024881;0,00074861;0,022712749
2021-02-24;-0,009505694;-0,001592828;-0,010330488;0,095298712;-0,003943529;0,005059433;-0,00467733;0,043756419;0,005402814;0,101362624;-0,003220759;0,013298596;-0,014677913;-0,008458951;-0,007030626;-0,024568762;0,034588318;-0,008849502;0,036336958;-0,015151625;0,025436322;0,003827228
2021-02-25;-0,02975045;-0,011567664;-0,024704304;-0,04350356;-0,028043838;-0,013124937;-0,073778274;-0,040899731;-0,020269568;-0,042546797;-0,030694374;-0,04033258;-0,03128556;-0,032701227;-0,021657781;-0,001339716;-0,008283961;-0,023944738;-0,077277602;-0,015384512;-0,028210085;-0,029498219
2021-02-26;-0,015825899;-0,054479336;-0,031989566;-0,015160589;-0,047861461;-0,010748462;-0,019787024;0,03411507;-0,015204132;-0,014812443;-0,003333708;-0,003669097;-0,012102192;-0,024007847;-0,020860223;-0,016367209;-0,033114522;0,005405377;-0,024374998;-0,026041563;0,025525525;-0,019785134
2021-03-01;-0,031219014;-0,026888704;0,012285045;0,037561548;-0,006773163;0,000920572;-0,029502844;-0,005154593;0,003615574;0,016634675;-0,035952934;0,034482855;-0,029958587;-0,011546186;-0,033043381;0,013911881;-0,026843614;0,015301818;0,003852883;-0,034759456;0,043435999;0,002726405
2021-03-02;0,029106498;0,004385935;-0,000242806;0,022551931;0,0384061;0,030542996;-0,003200166;-0,004145016;-0,003991837;-0,039962221;0,029488431;-0,013268837;0,040371151;-0,015236152;0,026955423;0,005380642;0,012048215;-0,01140517;-0,012051653;0,005540206;0,024321662;0,010921285
2021-03-03;0,009090758;0,001309806;-0,005947966;0,005223452;0,002073852;0,010354835;-0,025147205;0;-0,013392148;-0,032776163;-0,008424718;-0,012134939;0,00232803;-0,020113546;0,008764386;0,002943416;-0,006265698;0,035022536;-0,000778714;0,011019131;0,014155293;-0,00319168
2021-03-04;0,022022377;0,040122286;0,086823819;-0,029445705;0,036219359;-0,01943755;0,062019879;0,031217629;-0,026552864;0,021009828;0,032285383;-0,00763634;0,0313591;0,067894729;0,038662389;0,049359703;0,007881362;0,012738876;-0,048960843;0,008174447;-0,035119316;0,013545114
2021-03-05;0,015670708;0,048218206;0,03067406;0,058298684;0,018641842;0,018021072;0,016922257;-0,0111;-0,01262109;0,013275815;-0,018930076;0,032452357;0,037161838;-0,001971329;0,047260089;0,005847844;-0,006255686;-0,012185521;-0,002594469;0,100000045;0,020765207;0,022291241
2021-03-08;-0,039537221;-0,059199765;-0,011228613;-0,044969123;-0,045751477;-0,06726859;-0,079043212;-0,019387796;-0,068343399;-0,010809026;-0,03691286;-0,043745852;-0,031849757;-0,057283934;-0,035543395;-0,039433563;0,001888426;-0,080779978;-0,05325871;-0,058968072;-0,025142817;-0,039843058
2021-03-09;0,009036277;-0,006377708;-0,014443213;0,005885812;-0,007191949;0,015373086;0,013551679;0,061394353;-0,014383498;0,042715197;-0,010452738;0,032192384;0,013832327;0,011524232;0,008282057;-0,029473861;-0,017279177;0,012554173;0,033984102;-0,020887953;-0,025556841;0,006500199
2021-03-10;0,027450899;0,02267847;0,002684879;-0,032182441;0,031390418;0,033831723;0,020612856;-0,035294112;0,021329088;0,019688791;0,048415157;-0,035127993;0,007374838;0,064215465;0,0168377;0,039045629;0,013107401;0,0645575;0,010908875;0,080000224;0,015399415;0,012979314
2021-03-11;-0,00290989;0,069037588;-0,003793314;0,044739965;0,005016528;0,02513139;0,06386455;-0,01016257;0,024071061;0,034257267;0,01091504;-0,014290683;0,001463603;0,054501498;0,01736629;0,054801773;0,001577721;-0,004016071;-0,004980088;0,022222176;-0,033175439;0,019578634
2021-03-12;-0,00778211;0,027788892;-0,002127854;-0,023148339;0,003200567;-0,023986039;0,001539252;-0,010266847;0,01094791;0,015657933;0,004153182;0,014842916;-0,006578438;0,000461381;-0,006748796;0,028203769;0,001890355;-0,009274174;-0,01070654;0,01207718;-0,018382226;-0,007166214
2021-03-15;0,002941271;0,02018272;0,029741824;0,011848336;-0,006999695;-0,027828146;-0,012807411;-0,012448068;-0,01051093;0,024903639;0,011579866;-0,035033826;0,011772968;0,011992559;0,013989177;0,006255982;0,035220076;-0,03459513;0,029093646;-0,0167063;0;0,006052908
2021-03-16;-0,014662864;-0,030235275;-0,032697633;0,085480292;0,002685419;-0,025092682;-0,004670347;0,004201555;-0,020064231;0,041076161;-0,010629371;0,043707946;-0,020363692;-0,019598901;-0,016555232;-0,026781608;0,003037823;0,018128232;0,002458426;-0,036407896;0,002496782;-0,007244169
2021-03-17;0,028769598;0,015396263;0,073690309;-0,009169377;0,027786888;0,009532485;0,047966522;0,026150699;0,031095948;0,039733081;0,004958348;-0,001688435;0,03897572;0,029288626;0,041683809;0,022604562;0,020896277;-0,008695704;-0,002861052;0,037783514;0,039103508;0,022189284
2021-03-18;0,009643666;-0,03184186;-0,024031935;-0,022319043;-0,008469097;0,014730938;-0,033333138;-0,020387474;-0,02888392;0,000801813;0,008223655;-0,032814739;0,005716084;-0,001354955;0,018468647;-0,01225368;0,002669859;-0,069339992;-0,018855343;-0,036407896;-0,01006726;-0,014706261
2021-03-19;-0,002865511;0,050117091;0,008709564;-0,010022279;0,008541435;0,035548168;0,02007194;0,020811774;0,023073009;-0,007209636;0,019576022;-0,01084298;0,002131203;0,024423376;0,010200116;0,034932131;-0,017159683;0,000448874;0,00194968;0,047859085;-0,006053199;0,012078199
2021-03-22;0,007662576;-0,003728269;-0,015989718;-0,03093365;0,002931731;-0,011142969;-0,001513561;0,032619705;0,006519579;-0,005917152;-0,01520003;0,006365044;0,005672036;-0,030022285;-0,005235451;-0,021662078;-0,022275804;-0,017048033;-0,009033921;-0,026442298;0,014859832;-0,010695049
2021-03-23;-0,02471442;0,008607617;-0,001408206;-0,033662282;-0,036051063;-0,015449377;-0,011116756;-0,013820303;0,009875728;-0,007846393;0;0,002108296;-0,025379157;-0,0095584;-0,010902257;0,002406717;0,016009983;-0,018256536;0,004347943;-0,022222176;-0,020883317;-0,014933162
2021-03-24;-0,02046813;-0,017810799;-0,013994457;-0,013813857;-0,018193864;-0,00701447;-0,005620768;-0,004003944;-0,034700274;0,018271161;-0,020308837;0,006311077;-0,017359769;-0,021599314;-0,010262272;-0,017767054;-0,021515323;-0,052998534;-0,015221711;-0,020202237;0,012503064;-0,010577246
2021-03-25;0,020895828;0,013222426;0,013312767;-0,003653964;0,014413324;0,018345518;0,035971273;-0,015075476;0,010675553;0,011515851;0,031509338;-0,005226414;0,017666455;0,046030887;0,022273685;0,04791005;0,049550867;-0,003436476;0,007799519;0,02835051;0,001937086;0,015044974
2021-03-26;0,011627684;-0,009321429;-0,01400643;0,013447411;0,003382607;0,004276845;0,037698275;0,003061148;-0,010993835;0,003706565;-0,000803985;-0,001400999;0,017052742;-0,008531352;0,006761466;-0,020760684;-0,003540726;-0,015763574;0,023497797;-0,045112696;0,026341292;0,009063736
2021-03-29;-0,003860933;-0,007151;-0,011012126;0,005428231;0,004720464;-0,005483312;0,004302287;0,065106925;-0,000762879;0,031390165;0,029766775;0,004208995;-0,00035616;-0,018115931;0,004103973;-0,011671891;-0,018655674;-0,016516501;-0,00833754;-0,010498691;0,027784233;0,005558411
2021-03-30;0,014534864;0,057240644;0,030397603;0,011997665;0,030872342;-0,001865717;0,01475467;-0,010506304;0,062493042;0,042966623;0,011718568;-0,010827531;0,016393857;0,026291292;0,016722937;0,058568074;0,000301876;0,020865313;0,040915879;0,023872557;-0,017411237;0,012398305
2021-03-31;-0,014326629;-0,013266501;-0,01210291;0,01363364;-0,008789099;0,0209348;-0,005159519;-0,015444013;-0,003797906;-0,026728652;0,006177543;-0,024364595;-0,019284921;-0,007640247;-0,02156457;-0,030282458;0,033785772;0,008972917;-0,006529436;0,031088098;0,040802216;-0,001848524
2021-04-01;-0,021317753;-0,007994236;0,015641998;-0,028654893;-0,016420365;-0,018491607;-0,019801821;0;-0,025759847;0,021919855;-0,019954077;0,015200673;-0,030585291;0,00769907;-0,036607842;0,007748442;-0,019258786;0,00988144;0,006706119;-0,035175649;0,047714906;-0,011840458
2021-04-05;0,012871164;0,010989024;-0,004092538;0,027092061;-0,001335537;0,013244136;0,014910805;0,003921626;0,041248037;0,024408308;-0,020359999;0,001069812;0,0129156;0,020224743;0,009272832;0,010251446;0,030943218;-0,000978475;0,024646805;0,059895828;-0,024802194;0,019652417
2021-04-06;-0,00977531;-0,007246242;-0,015139975;0,034583739;-0,012036096;0,013807026;-0,004739361;-0,005859345;0,00172672;0,014681112;0,012789423;0,018518448;-0,011657698;-0,016299546;-0,015763272;0,010839505;0,010100867;0,008814903;0,002470514;-0,00491404;0,023898251;-0,000161677
2021-04-07;-0,000987264;-0,01240897;-0,012078671;0,014164399;-0,006429864;-0,002178936;-0,007142745;0,042239776;0,001825233;0,059534983;0,001578781;0,008041687;-0,008846375;-0,008508684;-0,010937267;-0,015970784;0,019428444;-0,020388385;-0,012191768;-0,012345769;-0,015845808;0,001063839
2021-04-08;-0,002964166;-0,016259825;-0,003556697;0,037430165;-0,008514845;0,016378236;0,005275704;0,011309914;0,00981762;-0,014998758;0,000788217;0,01214031;-0,007809568;0,0094852;-0,00315948;-0,016229924;0,008688569;0,082755217;0,003938982;0,012500092;0,00718013;0,005857648
2021-04-09;-0,004955518;0,016153137;-0,005130919;0,033925711;0,002747957;-0,011280037;-0,024331905;0,007455951;-0,012228084;-0,014318279;-0,009448686;0,008910131;-0,00149906;-0,022371543;-0,00158478;-0,021918404;-0,015004199;-0,008238001;-0,012424933;0,014814646;0,026571569;-0,005434737
2021-04-12;0,016932356;-0,005175689;0,009081425;0,010937426;0,012333173;0,009959905;0,010757853;0,051803755;0,007103083;0,078164595;0,003974406;0,017323637;0,024774352;0,02654465;0,01865036;-0,010361503;-0,020028306;-0,000922937;0;-0,004866216;0,024410817;0,009705108
2021-04-13;-0,001959056;0,006317152;-0,001444255;0,028851056;0;-0,008427087;0,012094855;-0,007515295;-0,00654902;0,003207897;0,015043508;0,000333662;-0,000366009;0,019616372;-0,006621749;0,0107135;0,000575682;0,025404161;-0,007018686;0,058679871;-0,01355781;0,004082079
2021-04-14;0,006869606;-0,02547975;0,003226861;0,042063287;0,00169221;-0,004882602;-0,000956124;0,038642783;0,009939132;-0,001065848;0,009360244;-0,008678063;0,012825021;0,004810088;0,011764201;-0,000481589;-0,01093193;-0,00360361;0,016670926;-0,046189391;-0,00499802;0,008365676
2021-04-15;0;0,016673084;0,009982071;0,009130112;0,001351519;-0,008540779;0,010526346;0,016333824;-0,003514849;0,035424764;-0,008500592;0,011784391;0;0,016101005;0;0,010122609;-0,005235657;0,003616643;0,027154821;-0,004842718;0,032858845;0,003375036
2021-04-16;0,003898564;0,019008404;-0,002855167;0,027142746;0,0043857;0,015395816;-0,001420694;-0,042857048;0,026504132;0,030090678;0,005455915;-0,017304621;0,011216058;-0,008269506;0,011627994;0,127988061;0,0394737;-0,012612474;-0,015964062;0,019464728;-0,010739503;0,003421678
2021-04-19;-0,009708787;0,025969238;-0,009471308;-0,006490416;-0,005038545;-0,018772575;0,009009337;0,004664199;-0,020714797;0,056222435;0,00775198;0,010498119;-0,015026885;0,025925453;-0,004521216;-0,035607752;-0,014345929;-0,01231766;-0,01622327;-0,021479605;0,028062338;-0,001486203
2021-04-20;0,001961068;-0,014616622;0,02946405;-0,016332263;0,016205279;-0,011773322;-0,004229563;0,012070431;-0,014536184;-0,019700699;0,038461401;0,008377779;-0,005085523;0,030685913;-0,015241267;-0,040459827;0,005707793;-0,002309432;-0,025461875;-0,026829396;-0,009165277;-0,007210545
2021-04-22;0;-0,033647069;0,008100248;0,053605213;-0,008970323;-0,006887631;-0,008966405;0;-0,007223142;-0,018164204;-0,003703492;-0,026254488;0,000364915;-0,023642614;-0,006878737;-0,059907788;0,013620725;-0,020833328;-0,013402149;-0,007518572;0,014880338;-0,00575536
2021-04-23;0,009784692;0,002620741;-0,024855382;-0,002701453;0,008045647;0,006935399;-0,001428633;-0,012844051;0,018137383;0,035622842;0,003717259;-0,005802006;0,004744871;0,018385791;0,018614536;0,000490506;0,027995675;0,027423131;0,031970343;0;0;0,009709226
2021-04-26;-0,004844895;0,009708815;-0,009668227;0,03566601;0,000997843;-0,013216631;0,005245874;-0,008364203;0,02495958;0,026225799;-0,003703492;-0,005492713;-0,000726442;0,000440351;0,000850008;0,016648144;0,013888827;-0,000920306;-0,007710999;0,007575529;-0,012482678;0,000539285
2021-04-27;-0,02142181;-0,024408523;-0,002440582;0,006538819;-0,010963551;-0,001131773;-0,034155625;-0,041237245;0,027494203;0,038888793;-0,00892194;0,010700852;-0,015267335;-0,019806597;-0,008917343;-0,025566837;-0,028471744;-0,035006886;-0,008174371;-0,007518572;0,011637293;-0,010008707
2021-04-28;0,037024419;0,021607516;0,016459038;-0,007362608;0,017803048;0,012275382;0,027504852;-0,024437816;0,017106365;-0,015507926;0,058514576;-0,036885259;0,043519272;0,021104927;0,053555997;-0,009901206;0,044114527;-0,014319833;-0,013779805;0,010100871;-0,002578269;0,013946125
2021-04-29;-0,023076746;-0,017722136;0,001312917;0;-0,021781815;-0,019589394;0,018164252;-0,013026018;-0,001879135;0,021003029;-0,005669679;0;-0,031549016;0,000439535;-0,033346443;-0,000749758;-0,014417861;-0,018886187;-0,027671193;-0,017499918;0,025849945;-0,008153453
2021-04-30;-0,009842382;-0,022095203;-0,015952869;-0,014835878;0;-0,019981067;-0,00892004;-0,01725882;0,007248359;-0,068983802;-0,013542372;-0,01134771;0,007686779;-0,010549019;0,003366211;0,010758045;0,01545665;-0,011352482;-0,013525012;-0,015267287;-0,034383064;-0,009761298
2021-05-03;0,012922485;0,032723093;0,009327167;-0,032071278;0,003710852;-0,00019406;0,021790601;0,027892424;0,045700941;-0,046857151;0,019867768;-0,012553676;0,01399205;0,017769462;0,029768519;0,014851288;0,000271878;0,007488735;-0,015995755;-0,002584071;0,041196959;0,002649419
2021-05-04;-0,026496536;-0,008298575;-0,028602767;0,008743586;-0,012772801;-0,015925504;-0,012517513;0,011055368;-0,038788133;-0,008793044;-0,012396522;-0,005448531;-0,042652521;-0,016586324;-0,030195408;0,0021951;-0,042391219;-0,021308131;-0,02177036;-0,023315946;0,001968368;-0,012557777
2021-05-05;0,029233886;0,014073578;0,00985261;0,044708173;-0,003745735;0,016380469;0,022066026;0,043737602;0,022780188;0,050201703;0,012552125;0,018626389;0,02845407;0,029737675;0,001680639;0,00730143;0,003121446;0,007594814;0,029969967;0,029177636;0,041650392;0,015733315
2021-05-06;-0,000979545;0,016879132;-0,022457666;0,029257632;-0,001708693;-0,0135923;-0,068442845;-0,036190541;0,016181749;-0,022845097;-0,009090665;-0,001433947;-0,006188843;-0,013792924;0,005033774;0,010388823;0,038755305;-0,022110592;-0,028233583;-0,007731727;-0,008675985;0,002985849
2021-05-07;0,013725533;0,033567045;0,031569132;-0,018243784;0,024991603;0,05;0,00295852;-0,001976271;0,001073564;0,025933257;0,001668093;0,00179555;0,012087984;0,032779762;0,004173318;0,041607046;0,029411503;0,022096603;-0,009190912;0,005194624;-0,005136922;0,017653288
2021-05-10;0,010638183;0,010349691;-0,016201538;0,010371791;0,013026021;-0,000749783;-0,023598964;0,022772284;0,003842658;-0,015894377;-0,013322328;0,004300813;0,014838751;-0,001269506;0,024106583;0,007575765;-0,017460046;-0,034690729;-0,033213519;0,025839767;0,026582534;-0,001057048
2021-05-11;0;0,007064716;-0,007319278;0,008126725;0,007253329;-0,008442854;-0,021147994;-0,003872298;-0,018338819;0,014010466;0,013502209;0,009992905;-0,002139554;0,013559481;-0,001623528;0,014126022;0,06542802;0,006250011;-0,000618905;-0,01259434;0,052347255;0,008653996
2021-05-12;-0,019138665;-0,055769829;-0,015668229;-0,051336465;-0,006546536;-0,02554397;0,005144124;-0,036928804;-0,022218197;-0,018998207;-0,039966985;-0,021554764;-0,014653451;0,050585127;-0,020324953;-0,029656167;-0,051806673;-0,037784699;-0,031588602;-0,035714403;-0,015223867;-0,02646303
2021-05-13;0,017561017;0,01671602;0,010767806;-0,044722841;0,026688651;0,004854421;0,012282444;-0,004036523;0,038861152;0,004499208;0,021682711;-0,01408443;0,029017106;0,000795678;0,023236298;0,021532585;0,069029588;0,029047927;0,01694895;0,023809552;-0,099406911;0,008320107
2021-05-14;0,020134335;0,002923026;0,034738402;-0,049625557;0;0,03478273;0,0091003;-0,003039549;0,002589119;0,014995156;0,033955752;-0,014652;0,022206554;-0,009542459;0,009326736;-0,00838581;-0,006731664;0,00104548;0,009434076;0,028423693;0,004191777;0,009734396
2021-05-17;0,000939696;0,022586586;0,016562033;0,015763875;0,017650991;-0,015126239;0,022043895;0;0,031789713;0,031465854;0,01806273;0,002230134;-0,00068944;-0,004817626;0,004419981;0,030856948;-0,006024094;-0,015143676;0,002180438;0,012563049;-0,001192708;0,008672394
2021-05-18;-0,002816704;-0,011756362;-0,012329256;0,007759331;0,013875692;-0,015927242;-0,011764532;-0,035569143;-0,012686575;-0,036458377;0,018547922;-0,007789006;-0,002070359;0,007664341;0,015999251;-0,008869497;0,030303241;0,005832602;0,007149811;-0,002481477;0,008955198;0,000341636
2021-05-19;0,01129908;0,001441891;-0,002229214;-0,011549608;0,017107372;-0,00462418;0,008432338;-0,003161142;0,011013958;-0,012162159;0,050673207;0,001869171;0,007261238;0,012009517;0,00669366;-0,007382372;0,039215624;-0,015287462;-0,024691519;-0,00248758;-0,04536496;-0,002797203
2021-05-20;0,003724481;0,041756419;-0,00089364;-0,012658254;0,00305788;0,00174219;-0,028037348;0,014799287;0,031557978;-0,023255749;-0,015825169;-0,023880681;0,005492833;0,00276909;0,009385572;-0,007662772;-0,016509415;0,003212188;0,008227825;-0,004987638;0,014256324;0,000530024
2021-05-21;0,005566078;-0,021769004;-0,020125261;-0,019723898;0,008536959;0,005797508;-0,021254953;0,00624984;-0,005783325;0,016806627;0,004594164;-0,006116312;0,00477991;0,009073103;0,00464921;0,002952602;0,001198902;-0,011206042;-0,004708054;-0,017543709;-0,014259685;-0,000888338
2021-05-24;0,001844975;0,014129099;0,027841277;0,0090543;0,006564476;0,005763498;-0,008273103;0,017598395;0,033299716;-0,004328999;0,023627864;0,002692458;-0,002718671;0,001954411;-0,002698896;-0,003170222;0,012455208;0,079330804;0,029643786;-0,002551111;-0,013225796;0,01174628
2021-05-25;-0,005681914;0,025775187;-0,028863212;-0,030907079;-0,013381772;-0,025788263;-0,01459851;-0,002034461;-0,006200552;0,001185834;0,001489236;-0,00345231;-0,01028162;-0,02223945;-0,005027653;0,023398249;0,020818605;0,000999913;0,009800865;0,066496368;0,009424058;-0,008417183
2021-05-26;0,009276691;-0,005432834;0,003657917;0,011579352;0,016645768;0,005882699;0,022751365;0;-0,006649724;0,018160244;0,000743625;-0,00076985;0,013793516;0,015562799;0,022930579;0,021087557;0,00139042;-0,017482415;-0,005156063;-0,03117515;0,003112093;0,008139005
2021-05-27;-0,012867892;0,012632269;-0,001822389;-0,003560622;0,013645;-0,007017727;-0,004656109;0,023445354;0,014049651;0,004071344;0,021545677;0,031587058;-0,008503665;0,004714882;0,006079365;0,021739273;-0,004628538;-0,004067205;0,000304602;0,061881292;0,037228437;0,003048658
2021-05-28;0,014897829;0,012474685;0,000456405;0,000510504;0,003290423;0,029446318;-0,009355388;-0,016932319;0,001955968;-0,000965416;-0,003636553;-0,022031228;0,01646682;0;0,002265729;0,009149036;0,002790202;0,033690718;0,048460853;-0,006993057;0,021934336;0,009600618
2021-05-31;-0,003669977;-0,00099909;0,066149676;0,013265363;-0,001490742;0,003432421;0,01259176;0,004052882;0,009028738;-0,032276762;-0,008759202;0,006109196;-0,003037405;0,008995041;-0,002260607;-0,013282656;0,016461688;-0,004444496;-0,007267436;-0,009389805;0,034146374;0,005216588
2021-06-01;0,03966832;-0,002333279;0,028669292;0,01460215;0,014631162;0,009122139;0,072538773;0,015136062;-0,016525449;0,065508212;0,008099985;-0,021252351;0,03640931;0,042248381;0,022658435;0,022863018;0,022582167;0,009424576;0,001171367;0,054502439;-0,030377371;0,016249921
2021-06-02;0,032830203;0,014032971;0,008735381;-0,027791593;0,035903342;-0,038982995;0,007729557;0,01292243;-0,005737776;0,048172498;0,015340001;-0,017836548;0,033333716;0,017106265;0,03913297;-0,000835679;0,003792221;0,007371064;-0,02164369;0;0,005253874;0,010400181
2021-06-04;0,022336927;0,042503858;0,014433094;-0,027564978;0,015625075;0,013521371;0,013422911;-0,005887976;0,007831874;0,053469207;-0,00719418;-0,000394633;0,02087268;0,005484664;-0,001067175;0,005645347;0,01355555;0,01707307;0,023019572;0,040449356;-0,008130071;0,004050895
2021-06-07;0,012604551;0,009797903;0,012601498;-0,01207349;0,021538704;0,002900502;0,008987787;-0,007897608;-0,006216852;0,02189787;0,011593897;0,026461256;0,023544093;0,007636354;0,012460022;0,00623698;0,016882222;-0,002397958;-0,002630278;-0,008639191;-0,012685172;0,004995159
2021-06-08;-0,009128269;-0,007511815;0,0012044;-0,023379425;-0,006024185;-0,055523615;-0,007970158;-0,015920179;0,016544628;-0,063621299;-0,002865282;-0,028087769;-0,006961121;0,008661067;-0,007032009;0,007851262;-0,024795181;0,012019209;-0,003222928;-0,006535934;-0,003755894;-0,00756255
2021-06-09;0,003350119;-0,019236812;-0,004811636;0,025571314;-0,019284079;0,004286428;-0,026465032;0,022244648;-0,016518279;0,011708341;-0,011494283;0,016627092;0,01371522;-0,011091167;-0,004957705;-0,018040237;-0,000221244;-0,037054696;0,006760565;-0,013157929;-0,001984253;0,000924592
2021-06-10;-0,005008555;0,014790924;0,027800203;-0,002122116;-0,002808725;-0,024390145;-0,005825431;-0,012858631;-0,005351405;0,042609175;-0,002906817;0,004672837;-0,003607607;-0,031114316;0,001779461;-0,005845738;0,002211451;0,000493385;-0,00934283;-0,008888891;0,012922562;0,001300931
2021-06-11;-0,015939613;-0,026932961;0,007448017;0,005848027;-0,002816793;0,00812497;-0,011718701;-0,001002053;-0,020941993;-0,03632691;-0,020408606;0,007751876;-0,011768622;-0,019417295;-0,003908054;-0,024779484;0,001765355;0,004930975;0,008252168;-0,026905963;-0,008635854;-0,004881761
2021-06-14;0,005115302;0,044285415;-0,011673119;-0,011627804;0,011027691;0,011779397;-0,002964306;-0,008023906;0,001521704;-0,016579439;0,017857196;-0,013461404;-0,003358614;0,014851318;-0,004279481;0,032084234;-0,001762244;0,010304194;0,019585146;0,094470102;-0,014056622;0,00592548
2021-06-15;0,002544556;-0,010913815;-0,00354333;-0,004812888;-0,003369164;0,021445901;0,024281447;0,004044461;0,030136629;0,018456076;-0,012426614;-0,001949218;0;-0,005628525;0,000716114;-0,007927902;-0,015225094;0,014570206;0,016627877;-0,01894739;0,005019999;-0,000898562
2021-06-16;0,009306358;-0,017969406;-0,01738439;-0,025792664;0,007042235;0,014397227;-0,025641029;-0,012084508;0,003441863;-0,008538044;-0,002220512;-0,008203467;0,019914206;-0,003018778;0,005010724;-0,019558376;0,00784235;-0,027764444;-0,01776618;-0,004291877;-0,005594443;-0,006395523
2021-06-17;-0,009220549;-0,003852519;0,004020841;-0,023166048;-0,023776163;0,015375663;-0,018371251;-0,020387556;-0,001143282;-0,053778575;-0,014095034;-0,005513724;-0,011715064;0,029523164;-0,004273062;-0,006864024;-0,03045818;0,049236826;-0,011771339;0,004310377;-0,027727591;-0,009299159
2021-06-18;-0,009306515;0,029648889;-0,018822524;0,022021618;-0,001432661;0,012230506;-0,008599127;0,003121785;-0,001307972;0,004086259;-0,001504924;0,016633563;-0,018237201;0,004411632;-0,01287582;0,004319657;0,059848977;-0,011262421;0,022370416;-0,019313267;-0,000413253;0,00271754
2021-06-21;0,002562099;-0,002816783;0,021224476;0,003314781;-0,007747596;-0,017836543;0,006122583;0,008298929;0,006794738;0,019422773;-0,015071573;0,018698967;0,004643742;0,009516699;0,002536663;-0,004731168;0,029208029;0,009492271;0,001705427;0,050328353;0,01116401;0,006697559
2021-06-22;0,007666022;-0,012869082;0,00919266;0,003854597;-0,021110287;-0,004686618;-0,009634791;-0,002057828;-0,0166693;-0,003992011;-0,019892732;0,005735954;-0,01294276;0,006163824;-0,018431782;-0,010587956;-0,01030056;-0,014104313;-0,027234436;-0,022916774;0,006542624;-0,003852551
2021-06-23;-0,009298415;-0,020985688;-0,024158426;0,021393529;0;0,001765774;-0,019457367;-0,009278344;0,002315304;0,028238255;-0,008587467;-0,017110049;-0,007181085;-0,022702485;-0,004418471;-0,018781232;-0,012319487;-0,01859807;-0,009915037;0,010660999;-0,008734541;-0,002632662
2021-06-24;0,003413164;0,000324861;0,02232148;0,025778683;0,00206799;-0,001762662;0,009921767;0,023933412;-0,006682569;0,00815031;0,003937155;0,020115757;0,00031494;0,018805215;0,007396429;0,016470321;-0,013118371;0,051992186;0,01119266;0,002109661;-0,001024655;0,0084561
2021-06-25;-0,023809694;-0,032143042;-0,018261325;-0,013612745;-0,030070803;-0,01765754;-0,018097266;-0,013211348;-0,017691182;-0,026010612;-0,017254739;-0,019339915;-0,031751267;-0,001809694;-0,031203581;-0,012480998;-0,034212232;-0,012009177;-0,022429253;-0,033684105;-0,020923034;-0,017434409
2021-06-28;-0,010452992;-0,021469377;-0,019409554;0,004777249;-0,007598764;0,017974933;1,193349541;-0,010298704;0,031199773;0,015878806;0;0,019334779;-0,011363801;-0,011602459;-0,004926436;0,006628988;0,004512616;0,006545126;0,0137311;-0,004357391;0,025350904;0,001359464
2021-06-29;-0,005281747;-0,016455278;-0,015257735;0,01162166;-0,006738249;0,002942979;-0,03439304;-0,01664944;0,006067715;0,05364124;-0,020750346;0,001138182;-0,009852042;-0,035216556;-0,006093244;-0,024282726;-0,015723154;0,006502483;0,02058788;-0,017505293;0,006538614;-0,000800446
2021-06-30;-0,013273823;0,012199504;0,003350027;-0,002610859;-0,009250413;-0,000318219;-0,007555371;-0,008465316;-0,005216033;0,003877192;-0,011409756;-0,001894887;-0,011608694;0,014448696;-0,014176207;0,000679129;-0,014833624;-0,023996268;-0,029106574;-0,035634875;0,041818981;-0,004123242
2021-07-01;0,001793491;-0,034090866;0,003339018;0,009947544;-0,010581997;-0,029726273;-0,011419177;-0,004268973;-0,013927499;-0,020151075;-0,019785517;0,005695125;-0,00318916;0,071964074;-0,012436811;-0,031653036;0,005791112;-0,021749362;0,016622203;-0,016166206;0,013250145;-0,008958849
2021-07-02;0,005371255;0,014973168;0,01622295;0,01244184;0,011009632;0,006127593;0,042354259;0,003215292;0,045530131;0,028277637;0,018502634;0,008304877;0,010777524;0,027622369;0,023983634;0,013075172;0,003224379;0,045915849;0,029488868;0,01877915;-0,009615294;0,015565069
2021-07-05;-0,013356975;-0,002458589;0,01473599;0,001535975;-0,006222931;-0,018879568;-0,008443272;0,004273594;-0,001589428;0,017666657;-0,001651247;0,008236474;-0,013661767;0,002381669;-0,017712269;0,002765223;-0,014462712;-0,012014808;-0,009925974;-0,009216529;0,046213513;-0,005500619
2021-07-06;-0,003610147;-0,025000015;-0,016538987;-0,004090112;-0,015028173;-0,011793917;-0,015433823;-0,01063846;-0,021967523;-0,033409771;-0,010752857;-0,008911987;-0,00168919;-0,029192026;-0,01239543;-0,004826327;-0,006755148;-0,013784815;-0,010312236;-0,03023239;-0,033036335;-0,014379136
2021-07-07;0,017210077;0,010111975;0,013945795;0,014887179;0,013350304;0,021984832;0,032432547;0,0150539;0,008137942;-0,003219254;0,010033471;0,020232577;0,004399045;0,002447363;0,007287562;0,025866172;0,008677192;0,044613147;0,043704625;0;-0,035124776;0,015380311
2021-07-08;-0,005342559;-0,00607792;-0,002831668;-0,010116399;-0,002822836;-0,007375418;-0,002094317;-0,009533891;-0,017436106;-0,007479168;-0,02897376;-0,008446808;-0,013140229;0,002093044;-0,011655946;0,003376806;-0,0072076;-0,004089048;-0,03688295;-0,007194364;-0,029639888;-0,012525685
2021-07-12;0,01880014;0,022662024;0,060040583;0,033725031;0,025479445;0,034674845;0,017313904;0,001069452;0,00920132;0,034423725;0,034953359;0,005555697;0,013657051;0,022972419;0,025213576;0,007179939;0,021545637;0,008211674;0,02447469;0,021739086;-0,021935239;0,017268871
2021-07-13;-0,003515057;0,020049286;0,009950242;0,013346725;-0,004294399;0,014362829;0,000515584;0,025641205;0,014327727;-0,009933856;-0,020592898;-0,002210022;0,00606237;-0,006124395;-0,000793316;0,010692664;-0,006189881;0,017647075;-0,011242249;0,004728167;0,006707115;0,004498644
2021-07-14;0,001763769;0,01724115;0,021978051;-0,034634272;0,00677752;0,01002955;0,013917538;-0,005208354;0,017335418;0,046153974;0,021025882;-0,014396484;0,001338405;0,004792781;0,004366641;-0,00286564;0,019608042;0,019564283;-0,0048323;0,007058941;-0,017072492;0,00186474
2021-07-15;-0,007922131;-0,010847572;-0,002595511;-0,001515914;-0,015300007;-0,007009626;-0,019826911;-0,016754042;0,015777831;-0,00751284;-0,009884578;-0,015355645;-0,012035273;-0,011925027;-0,01502008;-0,005967745;-0,005203562;0,034452669;-0,002570939;-0,021028254;0,002118189;-0,007312685
2021-07-16;-0,014197293;-0,013707923;-0,018587361;-0,021761135;-0,012118971;-0,024117539;-0,014004579;0;-0,015843421;-0,026735383;-0,007487875;-0,011031031;-0,01624378;-0,016551781;0;0,001333816;0,00523078;0,007588528;-0,018041372;-0,011933062;0,000845373;-0,01183042
2021-07-19;-0,008100812;-0,00938145;-0,009848479;-0,011898481;-0,007549714;-0,010849903;-0,013150737;-0,003194925;-0,016414141;-0,01737547;-0,005028934;-0,012307572;-0,005847631;-0,005960762;-0,036516643;-0,0239838;-0,015837286;-0,032635938;-0,003207921;-0,01932361;-0,052798162;-0,012424579
2021-07-20;0,01179711;0,021045303;-0,006120865;0,005235572;0,017749626;0,000609529;-0,005330468;0,016025709;0,014120534;0,012293662;0,022746266;0,012460936;0,0131483;0,00705484;0,015410284;-0,010238816;-0,001839114;0,010813073;0,010825358;0,002463072;0,04191729;0,008087142
2021-07-21;0,006277509;-0,006870726;0,014626632;0,025000015;0,009965595;-0,004263144;-0,001071943;-0,008412256;0,00791159;0,045915872;0,002471224;-0,015769177;0,004098645;0,001401009;0,000410283;-0,007126658;-0,005527302;-0,000427856;-0,00289466;-0,024570202;-0,016691644;0,004210493
2021-07-22;-0,011586412;0,00518849;0,031866486;0,012195159;-0,01480102;0,009174213;-0,002145752;-0,007423125;-0,005965476;-0,007475795;0,009038627;0,007033908;-0,010204085;0,011542549;-0,007790121;0,015281201;0,00185264;-0,004708893;0,018868174;-0,005037609;0,001741004;0,001731134
2021-07-23;-0,000901639;-0,014452686;-0,007352894;0,01405612;-0,005320938;-0,009090812;-0,012903381;0,008547068;0,000631659;-0,055608921;-0,009772012;-0,004656407;-0,002749466;-0,011065137;-0,010330497;-0,012314537;-0,02172906;-0,027957039;-0,008547115;-0,020253311;-0,001520613;-0,008672422
2021-07-26;0,009025116;-0,004189988;-0,01518524;0,035643501;0,015418655;0,00366963;-0,007625203;0;0,01862386;0,022399428;-0,005756452;0,010916225;0,017574037;0,013986063;0,008349899;-0,01777894;-0,000472493;-0,024778659;-0,004309939;-0,020671842;-0,006962643;0,007604776
2021-07-27;0,006261082;-0,011219984;-0,010530335;-0,032982847;0,004648353;-0,018891007;-0,007134846;-0,018008526;-0,018593246;-0,037344408;0,003308401;-0,019668416;0,009820488;-0,00517242;0,007868401;-0,012928901;0,004491753;-0,02676959;-0,007504171;-0,015830956;-0,008325919;-0,011047268
2021-07-28;0,026666874;0,017730262;0,019384339;-0,001977181;0,014805583;-0,016148912;0,017136246;0,006472627;-0,020524257;0,018965493;0,01978577;-0,003540587;0,032528508;0;0,023418185;0,001666967;0,004942271;0,003729648;0,081710225;0,024128635;0,019001241;0,013433698
2021-07-29;-0,00952359;0,024738609;-0,013795678;0,032194177;-0,015805479;-0,001894033;0,002717506;-0,00321565;-0,011927808;0,004399304;-0,021827287;-0,00552701;-0,00519663;0,01802428;-0,009634853;0,001664326;-0,009601681;0,008824844;-0,028763287;-0,028795801;0,000433665;-0,004838224
2021-07-30;-0,023601402;-0,039102362;-0,034026608;-0,012955831;-0,023162469;-0,035420614;-0,04173444;-0,035483808;-0,048939526;-0,027122584;-0,01322305;-0,023024905;-0,010773394;-0,035410314;-0,017024292;-0,019700766;-0,048238578;-0,051565328;-0,011624948;-0,018868137;-0,024707371;-0,030825542
2021-08-02;0,019695736;0,007785022;0,007827905;-0,006806092;0,013594775;0,024262362;-0,012443465;0,002229577;0,013379036;0,008311664;-0,005862453;-0,00853324;0,006108332;0,01517825;0,006184797;0,009200901;0,00149071;0,001456252;0,030889507;0;0,016666545;0,005870231
2021-08-03;0,012291123;-0,009831315;-0,006213569;0,000978913;-0,005614578;0,024967997;-0,001145484;-0,015572567;0,015572128;-0,003606387;0,006739567;0,003688831;0,009846211;-0,014951315;0,005700353;0,006238008;0,00545769;-0,009694604;-0,006275653;-0,010988862;-0,006557286;0,008660093
2021-08-04;-0,022549468;-0,010283963;-0,040640848;0,045965961;-0,014742973;-0,00437239;-0,007454217;-0,016949284;-0,005999933;-0,003447013;-0,012552318;0,020824788;-0,027950092;-0,008824516;-0,039559588;-0,010967959;-0,001727092;-0,023005448;-0,009610101;-0,011111192;-0,04180428;-0,014371606
2021-08-05;0,002661468;-0,017556365;-0,008961324;-0,017297917;-0,017828567;-0,014428999;-0,01790869;-0,014942552;-0,003353465;-0,041681105;-0,016101591;-0,012000073;0,003009672;-0,010327635;-0,014862107;-0,006268084;-0,020513961;0,025050196;-0,005822081;-0,02247184;-0,002066463;-0,001379299
2021-08-06;0,018584352;0,009117271;-0,005343194;0,027117096;0,030470314;0,012094064;0,005882533;-0,007001183;0,017593914;0,019130111;0,009474268;-0,010526218;0,027999985;0,009355843;0,021982812;-0,000485348;0,040877952;0,010752575;0,010596891;0,008620753;-0,016797068;0,00967665
2021-08-09;0,004344175;0,010481034;0,003718945;-0,003242163;-0,009122793;-0,008175844;0,038011599;0,039953177;0,04090472;0,011156363;0,004266436;0,027413912;0,011673446;0,017825397;-0,00042186;-0,002184379;-0,018908999;-0,009187568;-0,002207531;-0,008547071;0,012169417;0,001701816
2021-08-10;-0,007785708;-0,022174681;0,000411685;0,026951549;-0,025396587;-0,016487122;-0,020281643;-0,020339153;-0,006709376;-0,001926482;-0,017842034;-0,001194613;-0,01891051;0,001050546;-0,014345321;-0,013621746;-0,013837438;-0,004392384;-0,001935981;-0,011494418;-0,004624341;-0,006641251
2021-08-11;0,014821268;0;-0,000411516;-0,003167344;-0,00977196;-0,029658346;-0,002300123;0,146482005;-0,023801759;-0,004562184;0,00432542;-0,005981012;0,011107156;-0,033590045;0,003852237;0,006165087;-0,001754145;0,025000044;0,001662412;-0,026162661;0,01161437;-0,001194743
2021-08-12;-0,017181994;-0,028529496;-0,013997468;-0,01407173;-0,021710449;-0,077076431;-0,123343032;-0,112676071;-0,028995094;-0,010400153;-0,012058633;-0,01163269;-0,018739719;-0,024619498;-0,014072471;-0,011519931;-0,015813037;0,00286941;-0,017703753;-0,023880438;-0,001148102;-0,011101462
2021-08-13;0,006118864;0,002258971;-0,015031325;-0,026243154;-0,008070029;0,053995919;0,024983595;-0,024943204;0,007465155;0,006234439;0,008718184;0,023133171;0,013500331;0,011507079;0,004757863;0,012646095;-0,004845846;-0,033381095;0,007321967;0,015290201;-0,002298844;0,004084473
2021-08-16;-0,008948254;-0,019909873;-0,022043134;-0,052955137;-0,001695099;-0,045082033;0,010904469;-0,047674412;-0,049511505;-0,034165392;-0,016421743;0,004759955;-0,010958554;-0,01798192;-0,008178997;-0,026444831;-0,032291258;-0,041933851;-0,038020833;-0,060240825;-0,013824847;-0,016617984
2021-08-17;-0,013192916;-0,037945519;-0,012137134;-0,050923644;-0,004074561;-0,011445056;0,021573614;-0,024419991;-0,006733012;-0,037756522;0,028119652;-0,00552701;-0,003625461;-0,013452714;-0,003905806;-0,007042268;0,002648706;-0,005664159;0,00813708;-0,006410394;-0,028504531;-0,010706494
2021-08-18;0,002673958;-0,008366621;-0,021500666;-0,047343424;0,004773087;-0,020260407;-0,049689442;0,011264002;-0,018908148;0,042095179;0,019657826;-0,038507383;0,001984543;-0,009469641;-0,006536424;-0,01215804;-0,017168703;-0,024339786;-0,031997645;0,045161358;0,003366946;-0,010695142
2021-08-19;-0,00799966;0,035355462;0,006278205;-0,056874662;0,006786828;0,047267499;0,004575083;0,037128802;0,03236356;0,050265094;0,020955715;-0,013211974;-0,012875534;-0,003059284;-0,002192906;0,011538358;0,018812186;0,005838722;0,047945077;-0,006172712;0,019894462;0,004475194
2021-08-20;0,001791863;0,00116434;0,004010627;0,001170981;0,001347991;0,001410374;0,013183969;-0,007159987;-0,002113423;0,019491866;0,025451488;0,029707007;-0,003678616;0,00115079;-0,005714112;-0,006337063;0,005803322;-0,004749337;0,022449466;0,031055692;-0,008930629;0,007579055
2021-08-23;0,0044721;-0,022868364;-0,018198024;-0,020467823;0,009087975;-0,038732611;-0,018217439;0,021634667;-0,01270747;0,025605988;0,000800781;0,022754956;0,010741677;-0,018008017;0,007073255;-0,029336741;-0,014162212;-0,038706367;-0,006392281;-0,006023804;0,003319839;-0,004921518
2021-08-24;0,021371544;0,028560304;0,016274876;0,071044882;0,032677403;0,018315238;0,025182329;-0,003529453;0,024669285;0,006824235;0,043199962;0,019864815;0,027897948;0,025361221;0,026339008;0,022339081;0,039106195;0,061224586;-0,002517572;0,027272669;0,010872151;0,023316194
2021-08-25;0,001743596;-0,004242235;0,00489325;0;-0,003268056;0,006474815;-0,00193923;0,005903213;0,003489263;0,039179994;0,007668879;0,038956115;0,001292124;0,011795867;0,00171069;0,010796938;-0,000256078;0,016112235;0,020191111;0;-0,008183283;0,005049455
2021-08-26;-0,025239059;-0,031371358;-0,019035023;-0,034559861;-0,014098257;-0,023588555;-0,052461174;-0,028169015;-0,025382547;-0,019090127;-0,0083711;-0,011248879;-0,024201276;-0,005641226;-0,019214368;-0,035859622;-0,006145963;-0,038363178;0,010719832;0,002949874;-0,026402659;-0,017331855
2021-08-27;0,017856863;0,021591502;0,014891827;0,068129397;0,015297639;0,020497886;0,002050574;0,008454115;0,042097812;0,015244926;0,016116528;0,013272745;0,017195988;0,025718751;0,013060572;0,007913432;0,000515455;0,012233961;0,003535764;-0,002941198;0,010895853;0,01645834
2021-08-30;-0,007017452;-0,019569402;-0,012894682;0,007567512;-0,009498885;-0,017216444;-0,003410577;0,010778368;-0,016090439;-0,001757079;-0,004531936;-0,007485078;-0,007152299;-0,004424745;-0,010743896;-0,006019427;-0,022662835;-0,007882256;-0,005962359;-0,038348196;0,007185609;-0,007772751
2021-08-31;0,021201542;0,001996123;-0,006756833;-0,00804726;0,006283109;0,027007206;-0,011635928;-0,00947874;-0,010786264;0,05600882;0,025037899;-0,007918235;0,0130975;0,0070369;0,005647607;0,002106345;-0,008432414;-0,033898327;-0,030534426;-0,015337537;-0,031153271;-0,00800902
2021-09-01;0,010398259;-0,008366621;0,023582848;-0,02266271;0,000985705;0,025586337;0,004155347;-0,016746298;-0,016180188;0,024094651;0,0340488;-0,006461592;0,004365513;-0,015814731;-0,001728006;-0,014713643;0,027903358;0,024122848;0,020528751;-0,01869138;0,134020525;0,005177596
2021-09-02;-0,033447563;-0,038971695;-0,012405732;-0,04529415;-0,041365581;-0,024948009;-0,008275989;-0,036496301;-0,012155745;-0,007546647;-0,020043058;-0,032134687;-0,036059417;-0,042974583;-0,035123266;-0,025866495;-0,049896563;-0,035867195;-0,015155637;-0,028571459;-0,035714186;-0,022772957
2021-09-03;-0,001774495;0,00376278;-0,007178363;0,003080791;-0,002397236;-0,001421481;0,026425522;-0,016414168;-0,005429083;-0,004323814;-0,005843586;0,007905189;-0,005677857;0,00078087;-0,004936902;0,016151082;0,012244936;0,049416915;0,014269777;-0,006535904;-0,005611805;0,002194091
2021-09-06;0,018666462;0,016659704;0,009941375;0,015970613;0,017851046;0,019217069;0,014227669;0,066752355;0,016739628;0,004342591;-0,008817126;-0,012548896;0,012765025;0,003511536;0,010374318;0;0,016128783;0,030687887;0,003586484;0,006578903;0,01580146;0,008004584
2021-09-08;-0,047120152;-0,042605358;-0,029082755;-0,0574366;-0,042158784;-0,083798934;-0,0561121;-0,012033811;-0,048675797;-0,026688558;-0,017790778;0,010722429;-0,04742995;-0,042379381;-0,057589052;-0,05226303;-0,092856943;-0,035420892;0,003023557;-0,062091684;-0,025111172;-0,037804681
2021-09-09;0,02014641;0,013264805;0,022580652;0,005131537;0,017605886;0,0388719;0,030431565;0,038976927;0,038374771;0,02757362;0,009056454;0,019646494;0,013231405;0,020706354;0,004263523;0,017908061;0,060658938;0,003193059;0,064400908;0,038327521;0,030088981;0,017176161
2021-09-10;-0,014362776;-0,000422302;-0,015322243;-0,022973811;0,003114047;0,013206404;-0,019230674;0,060961279;-0,024275278;0,001788803;0,006731521;-0,021965149;-0,009965893;0,011933298;-0,01226464;0,010052888;0,00027514;-0,088594137;-0,004634124;0,01006719;-0,013056051;-0,009318574
2021-09-13;0,013661054;0,02872835;0,035240355;0,04049634;0,022076397;0,028240411;0,042716983;0,013259515;0,023393894;0,002976193;0,015601897;0,008668319;0,012495541;0,009826987;0,020534734;0,027647294;0,031885609;0,015133925;0,006208039;0,066445119;-0,00538118;0,018532454
2021-09-14;-0,006289269;-0,01437377;0,038903618;-0,015693632;-0,007310297;-0,004929874;-0,025520494;0,026172548;0,002539955;0,029970277;0,006583679;0,005859187;-0,006170715;-0,001432525;-0,006550969;0,005649692;0,017581087;-0,023509182;0,012339037;-0,012460803;-0,007213701;-0,001915742
2021-09-15;0;-0,016249777;0,002127623;-0,008928609;-0,007868662;-0,005661541;-0,015851028;0,020191321;-0,004704998;0,010803893;-0,000726426;-0,024077399;-0,016212335;-0,000789863;-0,008949256;-0,015783892;-0,004973737;-0,02407517;0,011681195;-0,044164181;0,00181651;-0,009622916
2021-09-16;0,005424813;-0,00677696;0,004246302;-0,054054;0,016206918;0,004982346;0,00840325;0,024999823;-0,005818267;-0,009690797;0,002181754;-0,046160089;-0,000701593;0,011857617;-0,012832561;0,012503447;-0,008418871;-0,015042014;0,001506042;0,003300447;0,004986402;-0,011028741
2021-09-17;-0,021582505;-0,014499086;-0,010993828;-0,053061244;-0,017984316;0,004249342;-0,03541662;-0,012194925;-0,019751228;-0,050079098;-0,001451633;-0,025031444;-0,023859368;-0,019921921;-0,036109916;-0,018791987;0,004245116;0,01221745;-0,017794695;-0,023026207;-0,010148747;-0,020695291
2021-09-20;-0,017463075;0,011683276;-0,015818551;-0,014367775;-0,032481034;-0,035261184;-0,015838813;-0,004115312;-0,038432765;-0,115437067;-0,00145352;-0,024390055;-0,022645703;-0,019928109;-0,03746269;-0,022982267;-0,021664209;-0,031382113;-0,007654888;-0,03367037;-0,041923125;-0,023286282
2021-09-21;-0,004677102;0,021385622;0,012163313;0,021865866;0,025356955;-0,009502873;0,036576427;-0,003099324;0,018238159;0,001198809;0,015284177;0;-0,002574286;0,023993428;0,014530516;0,023522876;0,023764397;0,0211838;0,022113478;0,041811868;-0,003567093;0,01291757
2021-09-22;0,019736535;-0,002931157;0,002575154;0,087018427;0,023337114;0,051660466;0,031051596;-0,005181139;0,038109724;-0,020697849;0,007168503;0,011842078;0,023229998;0,002382763;0,01483346;0,005156275;0,001055267;-0,003050663;0,020629499;0,016722627;0,012649192;0,018430839
2021-09-23;0,025806285;-0,010079906;0,020975852;0,092519779;0,002382615;-0,023859459;0,095140259;0,013541513;-0,008076448;-0,011353779;0,002134731;0,034243433;0,034595144;0,00594306;0,044355007;0,016115467;0,027667714;-0,028763632;0,014788793;0,013157991;0,006598992;0,015870754
2021-09-24;-0,014375436;-0,014000698;0;-0,021621533;-0,007810064;-0,00215699;-0,01437483;0,045220996;-0,009252379;0,024028224;0,004971809;-0,004191322;-0,01393265;-0,009846477;-0,022200779;-0,00591364;0,007948804;-0,01512305;0,004129579;-0,022727527;-0,001170683;-0,006847033
2021-09-27;0,025524329;-0,001721087;-0,014674894;-0,020871767;0,022245142;-0,014409151;-0,023462448;0,01278277;0,002241398;-0,008454001;0,023321521;-0,002103907;0,026139358;-0,012728603;0,030108743;-0,030557061;0,001526243;-0,039667235;-0,011116052;-0,023255615;-0,008204384;0,002648235
2021-09-28;-0,01955586;-0,020258731;-0,028510693;-0,072727312;-0,020422021;-0,054093307;-0,026623456;0,017475605;-0,044353434;-0,030276712;-0,019337015;-0,015183875;-0,02271954;-0,039484326;-0,021083251;-0,044909364;-0,013207926;-0,055296482;-0,004650351;-0,071428612;-0,027180338;-0,030453501
2021-09-29;0,019039366;0,005279422;0,008322427;0,061527985;0,005468301;-0,01468315;-0,002668335;0,033396982;0,01092062;0,090615518;0,002112938;0,01284805;0,017963745;-0,003775261;0,018110703;0,007009314;-0,011068238;-0,016925258;-0,019670519;0,00366303;0,037172053;0,008926301
2021-09-30;-0,00889689;-0,005689338;-0,001737773;0,026751708;-0,017675023;-0,000784677;-0,014046696;-0,035087887;-0,035493871;-0,023692006;-0,014054793;0,023678994;0,001038145;-0,01094722;0,001442237;-0,001740253;0,002342514;0,028694359;-0,00601918;-0,010948985;0,068165934;-0,001152043
2021-10-01;0,025134154;0,01232397;0,029590911;0,04652604;0,022491549;0,038461736;0,023066375;0,01435413;0,040799795;-0,001011176;0,010691169;-0,01858783;0,026110964;0,023839907;0,024964219;0,05229535;0,012204668;0,014644385;0,013626025;0,081180787;0,011403417;0,017309581
2021-10-04;-0,022766729;-0,029565325;-0,012256857;-0,052163703;-0,011844449;-0,062736182;-0,024535772;0,000943547;-0,049961477;-0,006241582;-0,007052448;-0,008838152;-0,179642726;-0,007900268;-0,028176207;-0,05245726;-0,051564916;-0,057731967;-0,034603152;-0,047781731;0,02666954;-0,022205492
2021-10-05;0,015233113;-0,025985623;-0,011125367;-0,003752273;0,047602706;-0,020161347;-0,000679781;0,020735116;-0,025485429;0,013070884;0;0,000424582;0,024240071;-0,008801374;0,016883543;-0,002622305;-0,010008174;-0,002188096;-0,032232585;-0,007168513;-0,037592208;0,000588805
2021-10-06;0,003530276;-0,001839837;-0,00735609;-0,009416152;0,00163483;0,005761293;-0,025850505;0,004616825;0,008717367;-0,044906243;-0,01988593;-0,028013225;0,003208717;-0,016913303;0,007590598;-0,01256211;-0,005737808;0,057017528;-0,000533099;0,003610237;0,024796927;0,000923428
2021-10-07;-0,019349226;-0,001382503;0,010897902;-0,000633771;-0,010444199;0,003273361;-0,014664674;-0,000919162;0,00411532;-0,006315732;-0,004348142;-0,01615739;-0,021191654;0,034408683;-0,024952827;-0,000887549;0,017037773;-0,029737262;0,001332892;0,046762636;0,003854364;0,000226122
2021-10-08;0,015246942;0,057221917;0,007762018;0,049461023;0,021108145;0,018760142;0,041814354;0,016559326;0,051229439;0,022069126;0,028384231;-0,005770158;0,00735326;0,027442662;0,006759709;0,027539212;0,028911204;0,066999347;0,029020296;0,034364227;0,012585175;0,020328254
2021-10-11;-0,015017964;-0,020514967;-0,024390284;-0,001208369;-0,007751926;-0,028823041;0,012244776;-0,006334949;-0,060428803;-0,023838264;0,031847506;0,016071094;-0,017437224;0,003642447;-0,018225427;-0,023054864;0,026523058;-0,039412219;-0,000776367;-0,01661114;0,03749753;-0,005787314
2021-10-13;0,001793593;0,037878871;0,031578971;-0,013309209;0,00130217;0,059357115;0,019489358;0,005464748;0,026555961;0,038931192;0,028806259;0,014938953;0,001238441;0,010887045;-0,002931253;0,02595886;0,001790715;0,00834496;0,050750957;0,064189184;-0,01522845;0,011374577
2021-10-14;-0,011638139;-0,019750868;-0,000850236;-0,00122615;-0,004876588;-0,009338719;-0,015820641;-0,019927698;0,001616991;-0,016351586;0,006000131;-0,011688346;-0,00494703;-0,003590037;-0,009308914;-0,005175404;0,019662877;-0,022758566;0,000493031;-0,022222117;0,01030918;-0,002388591
2021-10-15;0,019021952;0,004817961;-0,010638387;0,017802256;0,031689253;0,03299297;0,010046772;-0,011090497;0,047215333;0,020432924;-0,005964344;0,015330737;0,02568348;-0,017214032;0,05242301;0,033236847;-0,016779387;0,027522897;-0,011822842;0,009739966;-0,012244932;0,012925741
2021-10-18;0,007111088;0,013077629;0,000430191;-0,030156895;0,01994917;-0,01749036;0,022546313;-0,030841167;-0,017341187;0,003902927;0,007333289;-0,007765586;0,006866426;0,007332159;0,017387716;0,006713491;0,03438614;-0,019230812;0,005982094;0;0,007231385;-0,001918917
2021-10-19;-0,037069971;-0,054216932;-0,030524714;-0,030472596;-0,049053177;-0,030959681;-0,052529074;-0,026036625;-0,053333241;-0,028228527;-0,022501539;-0,027825754;-0,023666396;-0,06025059;-0,030947311;-0,043345326;-0,035951508;-0,038515314;-0,025024857;-0,06752408;-0,014563968;-0,032815395
2021-10-20;0,02108183;-0,010463847;-0,017294798;-0,037203322;0,018609311;0,049520716;0,013689231;-0,035643647;0,026926433;0,031309738;0,00473944;0,00939152;0,026705275;0,000860556;0,034318426;0,020621568;-0,029885191;-0,033503377;0,019568022;0,003448302;-0,007285575;0,001021026
2021-10-21;-0,026930018;-0,055172446;-0,039259837;-0,056628918;-0,044230696;-0,009893657;-0,057393731;-0,041067823;-0,062928761;-0,039298346;-0,071428468;-0,003101507;-0,020408676;-0,052880333;-0,020736986;-0,049800805;-0,045813529;-0,06480783;-0,019192464;-0,065292002;-0,031243524;-0,027539581
2021-10-22;-0,028598012;-0,032603633;-0,017379153;0,01341813;-0,030516607;-0,029977039;-0,032951147;-0,004282626;-0,01291426;-0,036692409;-0,029753574;0,075555655;-0,038398652;-0,02360427;-0,037647198;-0,040132269;-0,021247313;0,000805865;-0,011689969;-0,036764563;0,002164496;-0,013356848
2021-10-25;0,013295438;0,005533734;0,035850862;0,022996453;0,02075422;0,021394959;0,016296293;-0,004300926;0,018752609;0,021140829;0,007479595;0;0,019540986;0,051603869;0,015158943;0,024961387;0,032985649;-0,006441299;0,016971059;0,030534035;0,014686913;0,022757206
2021-10-26;-0,018744085;-0,035518061;-0,04383945;-0,031335068;-0,010504942;-0,057408992;-0,035714378;-0,034557415;-0,037671193;0,017847596;-0,007424066;-0,013636485;-0,010833077;-0,059681597;-0,022639682;-0,041400057;-0,012554567;-0,029173475;0,002781326;-0,070370273;-0,040655594;-0,021110242
2021-10-27;0,00477538;0,02437791;-0,008204495;-0,002109819;-0,001027442;-0,002469258;0,038548703;0,014541475;0,014234703;-0,001227398;0,005235373;-0,024717124;0,007582283;0,015984721;0,013307146;0,027945095;0,005251368;-0,031719425;-0,011598701;0,055776633;-0,031950384;-0,000535614
2021-10-28;-0,004752684;-0,020759765;-0,019951514;0,009866145;-0,008913346;-0,006600553;-0,026928471;0,002205179;-0,003070039;-0,009304731;-0,035713821;0,013745878;-0,002090204;-0,018047139;-0,003404729;-0,00061804;-0,0118229;-0,038793079;-0,034948909;-0,041509539;-0,003208747;-0,006186362
2021-10-29;-0,021012306;-0,008273218;-0,017378165;-0,075366365;-0,014181875;-0,01079719;-0,023934292;0,071507019;-0,003519582;-0,034910546;-0,006172737;-0,027966225;-0,023460484;-0,011310075;-0,028794574;-0,003709153;-0,058708841;-0,030493351;-0,021940537;-0,023621678;0,00206939;-0,02085048
2021-11-01;0,025365906;0,034932409;0,020212099;-0,011320618;0,022807315;0,005877388;-0,002298755;0,005133492;0,041500971;-0,014873309;0,011646095;-0,019669855;0,039826161;0,037178325;0,034673392;0,030096267;0,036062588;0,04532842;-0,001080667;0,129032189;-0,011473121;0,019806572
2021-11-03;0,008563091;0,03979831;0,018325909;-0,055725365;0,006517671;0,001669563;0,03456226;0,026557643;0,009750136;0,008760546;0,022255984;0,011748593;0,009496109;0,050551452;-0,00831407;0,05;0,004850301;0,022123977;0,019480302;0,032142795;0,03481892;0,00062529
2021-11-04;-0,033018743;-0,017926089;-0,016050519;-0,005658832;-0,023517485;-0,005000152;-0,080920488;0,036816057;-0,018052215;-0,016444994;-0,021021133;-0,002679464;-0,05276038;-0,037182745;-0,06617637;-0,021801815;-0,058205595;-0,040692673;0,001061503;-0,079584788;0,004037659;-0,020877321
2021-11-05;-0,007804943;0,027626622;0,027187408;-0,020325258;0,022338916;0,036013353;0,006461765;-0,001919479;0,044891089;0,027428138;0,013036977;0,008060684;-0,012090108;0,027260128;0,049343747;0,019354958;0,03014766;0,122743676;-0,001060378;0,007518748;0,018096731;0,013654121
2021-11-08;-0,001966879;-0,026403942;-0,006737336;0,045643371;0,006486518;-0,010509512;0;0,002884756;-0,025368194;0,020113423;0,000756786;-0,000444458;-0,005244648;-0,015037669;-0,023011598;-0,018987456;-0,002926596;-0,040996854;-0,015392698;0,044776247;0,051129962;-0,000410211
2021-11-09;-0,010837203;0,033037472;0,018410849;0,012698427;-0,001356665;0,032679949;0,044943966;-0,002876458;-0,047439051;0,009141386;0,018910924;-0,013777358;-0,010105391;0,027391014;-0,011265167;0,04258094;0,025535665;0,10058675;-0,008356061;0;0,004175353;0,007195961
2021-11-10;0,022908456;0,01766117;0,012369265;-0,007053413;0,045856133;0,002373357;-0,003840436;-0,010576904;0,046716386;-0,118827683;0,021529223;0,001802515;0,025299469;0,004370828;0,055930216;0,013613847;0,018889483;-0,008377673;-0,01386227;-0,017856975;-0,000623754;0,004102904
2021-11-11;-0,002921008;0,050656523;0,027255574;0,062352021;-0,019162075;0,037884774;0,03546666;-0,023156809;0,003789434;-0,029429545;0,013808441;0,041385474;-0,002164542;0,008703385;0,004904164;0,0357141;0,008988926;0,048387066;0,00606391;0,007272372;-0,002080363;0,016580477
2021-11-12;-0,000976582;-0,002678177;-0,03430924;0,00297171;-0,001655491;-0,007604482;0,003722853;-0,041025516;-0,044462881;0,00726898;-0,002150804;0,005183485;-0,002168792;-0,017687856;0,009760462;-0,050103008;-0,008351981;-0,183150151;-0,023287461;0,007220271;-0,042526561;-0,013116732
2021-11-16;-0,018573011;-0,011190909;-0,015158636;-0,028888983;-0,013930682;-0,022988346;-0,016320304;-0,040641841;-0,039947324;-0,006185618;-0,015804502;-0,00988375;-0,010435075;-0,019323597;-0,001449561;-0,031647673;-0,030039157;-0,126457424;-0,00757398;-0,064516012;-0,051600135;-0,016968922
2021-11-17;-0,000996219;-0,015391633;0,001442875;-0,022883022;-0,01412703;-0,007059083;0,008295624;-0,033444684;-0,045724793;-0,041286342;-0,020438064;-0,002170189;0,003954418;-0,01567404;0,004356067;-0,007369404;-0,066280969;-0,048254661;0,011023433;-0,015325677;-0,036271842;-0,014955793
2021-11-18;-0,006978928;0,010574497;0,007204591;-0,056986907;-0,007505865;-0,015007811;0,01121902;0,029988339;0,000479209;0,008223344;0,002980577;0;-0,016630452;0,01000924;-0,009638234;0,028082631;0,008369649;-0,03020503;0,004193427;-0,007782159;-0,016912736;-0,004089562
2021-11-19;-0,001003851;0,016833772;0,004291874;0,014072849;-0,001375134;0;0,005177468;-0,00447927;0,001915711;0,012234313;0,011144147;0,023053207;-0,008455655;-0,001351543;-0,000973411;0,014756833;0,015677843;0,03114579;-0,00361904;-0,015686172;-0,012357737;0,004984199
2021-11-22;-0,01005008;-0,02326646;-0,018993333;0,029387726;-0,005508017;-0,029671291;-0,026490057;-0,021372217;-0,047801206;-0,003816712;-0,013225746;-0,017006717;0,002477668;-0,016237909;-0,017048246;-0,035272468;-0,029358408;-0,046386187;-0,031294022;-0,039840596;-0,001472076;-0,008861067
2021-11-23;0,009136861;-0,005955063;0,029525769;0,047581327;0,041810699;-0,009917194;0,049886704;0,036781616;0,009036156;0,066836935;0,016381483;-0,00605543;0,016765369;0,028427145;0,019326521;-0,000962088;0,025880865;-0,027149339;-0,014709736;-0,016597516;0;0,015089795
2021-11-24;0,015811442;0,001382394;-0,002821025;0,034822098;0,018524945;0,017529233;-0,003599726;-0,012195337;0,024875654;0,018755029;-0,012454147;0,026109836;0,026738254;-0,01471247;0,025765478;-0,017335398;-0,003039433;0,025581438;-0,018442869;0,037974607;0,022113124;0,008209294
2021-11-25;0,009054076;0,025310574;0,014615899;0,010972963;0,051917622;0,014766098;0,021676305;0,00336713;0,060194042;0,014296859;0,012611209;0,00381699;0,009114779;0,007692226;0,008056542;0,005226849;0,024695089;-0,0136054;0,008052735;0,016260283;0,023317257;0,012409821
2021-11-26;-0,019939906;-0,06193888;-0,010223267;-0,065846519;-0,033008324;-0,047695966;-0,03536074;-0,026845554;-0,046703164;-0,02761143;-0,019047585;-0,017743931;-0,018925075;-0,026942053;-0,039962429;-0,045823697;-0,029157916;-0,073563262;-0,032840516;-0,060000157;-0,043927696;-0,033900067
2021-11-29;-0,001017358;-0,003349431;0,00845086;0,061192707;0,001625417;-0,02376938;0,040322577;-0,005747155;0,034582072;0,036536942;0,00448071;0,02494593;-0,006576069;-0,000461148;-0,007345297;-0,014305297;0,008887345;-0,002481364;-0,008565283;0,025532046;0,004913991;0,005771639
2021-11-30;-0,01527499;-0,012961873;-0,010707749;-0,008029122;0,0334307;-0,033912962;0,01691342;-0,008092538;-0,040854178;-0,041187789;-0,023048036;-0,000839203;-0,012356886;0,004616648;-0,017760308;-0,016931536;-0,008809056;-0,029850764;-0,005553683;0,029045623;-0,061613619;-0,008743945
2021-12-01;-0,002743705;-0,045719926;-0,001411741;-0,011773378;-0,016959805;-0,009000805;-0,035343065;-0,02097905;0,004840277;0,054545347;-0,013698577;0,007979775;-0,006365874;-0,027113899;-0,004018361;-0,005624132;0,003677459;-0,117948735;0,00806716;-0,048387226;-0,03491404;-0,011185792
2021-12-02;0,029105918;0,042304042;0,03393038;0,074460199;0,027475978;0,040872011;0,023706811;0,011904822;0,006261895;0,095111856;0,033950761;0,015416634;0,037804292;0,015115527;0,050930191;0,011311614;0,053435261;-0,017441872;0,007079039;0,042372961;0,009179365;0,036626147
2021-12-03;-0,005050512;0,022004656;0,019598863;-0,013860127;0,001244045;0,014834184;0,034386138;0,014117603;0,010052928;0,0467128;0,029850702;-0,009027493;-0,003468888;0,019078732;-0,002882222;0,02236983;0,025797046;0,04289942;0,001833428;0,008130142;0,009363269;0,005781785
2021-12-06;0,012182814;0,02153099;-0,021457324;0,038650845;0,027018489;0,012897734;0,01560369;0;0,008530612;0,0975207;-0,009420493;0,037681106;0,011749235;0,009132351;0,021195167;0,018461719;0,008194238;0,035461063;0,007016738;0,032257849;0,015372321;0,017026744
2021-12-07;-0,009027294;-0,035128629;0,003654575;0,009472225;-0,014212422;0,022919995;-0,005344028;0,005800556;-0,002819553;0,002710852;0,005852471;-0,002792989;-0,012472976;0,004525032;-0,011792838;-0,011077787;-0,015134429;0,043835459;0,04695548;-0,027343518;0,013051299;0,00654133
2021-12-08;0,003036754;0,049514742;0,010923996;0,00871319;0,004601275;0,005809105;0,032236438;0,011533833;0,0230912;-0,015620304;0,016727075;0,004801714;-0,009582202;0,033783824;-0,006205034;0,004752218;0,008537306;-0,106299159;0,042823785;0,052208992;0,018294341;0,005001952
2021-12-09;-0,023209129;-0,022664763;-0,008554656;-0,007308975;-0,022289897;-0,033828417;-0,022121059;-0,034207392;-0,015660713;-0,068980853;-0,010729737;0,004380725;-0,026825118;-0,028758341;-0,025456279;-0,045608;-0,032166993;-0,077826696;0,012763724;-0,011450571;-0,013157791;-0,01669812
2021-12-10;0,002066269;0,051112388;0,01089919;0,018072307;0,014990531;0,057216069;0,016633315;0,015348351;0,060832819;0,003703684;0,010122921;0,01586057;0,001355475;0,02512347;-0,003942958;0,005309631;0,032070091;0,014331202;-0,019178135;0,119691026;-0,010256381;0,013801733
2021-12-13;-0,014433309;-0,004952458;-0,004043153;0,011834307;-0,008307612;-0,018578211;0,01767032;0,016278924;0,00705789;-0,008118068;0,001431561;-0,00078057;-0,026624146;0,004814072;-0,018307643;-0,020774443;0,01694914;-0,050235441;-0,005586532;-0,093103271;0,005440192;-0,00348002
2021-12-14;0,007710308;-0,037556741;0,001353252;-0,005198151;0,000155678;-0,004115275;-0,018006488;0,012585975;-0,043802165;-0,022879515;0,006433088;-0,003125049;0,009735534;-0,018728275;0,015120573;-0,048903304;-0,041111163;-0,051239719;-0,008708024;-0,049429696;0,002576819;-0,005801663
2021-12-15;0,009365534;0,010813468;0,020829773;0,008491161;-0,017155273;-0,003305638;-0,003929259;0,111864367;0,027943188;0,061869429;0,002841189;0,000783628;-0,003214066;0,004530818;0;0,020415788;-0,004055692;0,074912883;0,009067868;0,019999809;-0,019275366;0,00571375
2021-12-16;0,001030794;-0,007441939;0,002693041;0,03298683;-0,003173777;0,00082901;0,008546953;0,007113538;-0,008466796;-0,00591609;-0,012039487;0,015661403;0,010133789;0,000444398;0,012413374;-0,029270304;-0,035776608;0,03727719;-0,000280802;0,011764684;0,004979144;0,007842042
2021-12-17;-0,017507871;0,024367534;-0,008952601;-0,013333336;-0,034383883;0,019884248;-0,009778323;-0,002018021;0,018426747;-0,004688928;0,012186203;0,012336469;-0,021888034;-0,018214221;-0,027954789;0,001526902;0,020211188;0,040624921;-0,02106738;-0,003875889;-0,005736637;-0,009342772
2021-12-20;-0,009434065;-0,043915964;-0,021228462;-0,055984538;-0,030003296;-0,034931177;-0,057274618;0,012133595;-0,042806627;0,004711017;-0,014872518;-0,011043763;-0,01538507;-0,025791856;-0,020686483;-0,037347747;-0,030751125;-0,049549434;-0,023206469;-0,01945507;-0,017046896;-0,020344959
2021-12-21;-0,006666511;-0,003349431;-0,015228428;0,030674895;0,002719303;-0,030735854;-0,007681564;0,030969;-0,009814477;0,010820574;-0,007189229;0,001925507;0,001420778;-0,008360415;-0,004283577;-0,022565049;0,004880977;0,01421793;-0,002646053;0,007936009;0,041889081;0,004570558
2021-12-22;0,003355674;-0,001920101;0,002811471;-0,01455028;-0,005762724;0,011433659;0,004222444;0,004844933;0,017281824;0,009812652;-0,00646607;0,001537358;0,003782703;-0,004215328;0,004715006;0,001583859;0,022465223;-0,040498365;-0,007370678;-0,031495754;0,059154805;-0,00242654
2021-12-23;0,00222973;-0,016353848;-0,011682284;-0,00268462;-0,003750504;-0,010434638;0;0,015429074;-0,014692497;0,01130746;-0,006079232;-0,008442165;0,005181045;-0,010348294;0,003128384;-0,017479859;-0,012767251;0,006493438;-0,005939847;-0,020325126;-0,007011698;-0,00335411
2021-12-27;0,011123463;0,007824042;0,012293243;0,012113089;0,002053506;-0,006151325;0,020322389;-0,009496519;0,000932049;0,002271079;0,006116415;0,00619205;0,010309699;0,012832868;0,011434186;0,008274858;-0,000601581;0,093548412;-0,0089632;-0,004149292;0,030679453;0,006101572
2021-12-28;-0,001100289;0,028627061;0,001868316;-0,019281884;-0,005806206;-0,013262686;0,00343408;0,011505184;-0,035381888;-0,001394367;0,003799254;-0,013076942;-0,003711104;0,007508173;-0,003597092;0,003693022;0,005116018;0,007374619;0,003617822;0,00416658;0,028821021;-0,006320418
2021-12-29;-0,005506558;0,02264107;0,00046616;0,003389828;-0,005152751;-0,00716836;-0,014373743;0,00663491;0,000482823;0;-0,012868818;-0,001168975;-0,008379906;-0,017233336;-0,004641679;-0,022894487;-0,011976062;-0,010248925;-0,016521446;-0,0082987;0,018369792;-0,007218874
2021-12-30;-0,011073905;-0,00092241;0,01071764;0,024324244;-0,003798421;0,005415238;0,009722293;-0,001883107;0,011577311;0,005934715;0,005368038;0,003511469;-0,016431536;0,014217905;-0,004662722;0,022593986;0,012424127;0,068047349;0,007330544;0,029288564;0,015332523;0,006867934
2022-01-03;0,010078389;-0,048014731;-0,023974181;-0,012532885;-0,001039782;-0,033382827;-0,028885884;-0,015094293;-0,040533956;-0,013708197;-0,017544098;-0,002721647;0,027596025;-0,049065309;0,024986466;-0,055646167;-0,023346191;-0,06925203;-0,029108792;-0,028455153;0,015967209;-0,008585984
2022-01-04;0,007760364;-0,016488903;0,006140716;-0,008016054;0,001040864;0,021454888;-0,037535465;-0,023946427;-0,022863033;-0,006333577;-0,000776324;0,018713417;0,028359202;-0,005896904;0,006557012;-0,012132023;-0,021452625;-0,016369074;-0,004996743;-0,041840957;-0,011541107;-0,003926021
2022-01-05;-0,011001093;-0,055226996;-0,049765274;-0,057912568;-0,016637438;-0,021004244;-0,026490057;-0,011776374;-0,043234848;-0,047981555;-0,031856978;-0,01875238;-0,018987435;-0,043994054;-0,007070949;-0,048684133;-0,004071479;-0,028744362;-0,052730673;-0,065502412;-0,0038921;-0,024228607
2022-01-06;0,008898694;-0,015135614;-0,023221254;0,001429778;0,008106817;0,024253442;-0,01436122;-0,000992764;-0,010860851;-0,016366051;-0,021669585;0,000779961;0,020276517;-0,006721599;0,014242164;0,051175572;-0,001572425;-0,026479751;-0,000331512;-0,023364267;0,054944823;0,005494723
2022-01-07;0,012128067;-0,012188851;0,002023195;0,047822891;0,001048871;0,023679444;-0,006901903;-0,01391659;0,007584291;-0,002836023;0,005742652;-0,016757688;0,022132108;-0,002082374;0,014543554;0,008333472;-0,043779405;-0,00479995;-0,025190755;-0,009569447;-0,004861123;0,011402015
2022-01-10;0;-0,030042735;-0,004038324;0,047683957;0,00523942;-0,005337872;-0,013127396;-0,01209679;-0,002150564;0,015927212;-0,008972315;-0,007927255;0,00927925;-0,006781821;0,003460147;-0,010874143;-0,028985586;-0,077170465;-0,028901505;-0,03381674;0,017213459;-0,00753512
2022-01-11;0,016339716;0,016592769;0,042067904;0,060468058;0,004169615;0,00268311;0,016431956;-0,010204132;0,047952601;-0,011944797;0,028806572;-0,001997141;0,022329074;0,019958403;0,00147797;0,022867012;0,012211737;0,022648079;0,016806716;0,020000223;-0,000914745;0,017990093
2022-01-12;-0,003215312;0,05331914;0,032587614;0,007970671;0,009688765;0,035682597;0,039261004;0,01030933;0,005655378;0,003966817;0,014399809;0,024419427;-0,004282667;0,051493306;-0,007378518;0,059759144;0,052613839;0,07495746;0,040633466;0,004902066;0,032959537;0,018375587
2022-01-13;0,027957006;0,012913297;-0,008478605;-0,00425793;0,016106604;-0,001722809;-0,008888941;0,030612397;-0,013292598;-0,020696183;0,001577254;-0,005471167;0,01849481;-0,014202026;0,017839745;0,004462754;0,000318376;-0,034865279;-0,037061119;0,014634185;0,001329419;-0,001476071
2022-01-14;0,011506438;0,022947111;0,00807599;0,004887024;0,025632494;0,054357351;-0,016442535;0,016831561;0,016062378;0,002113349;0,002362328;-0,006286383;-0,007601505;-0,014902958;0,016066436;-0,031906515;0,006047212;0,039408891;0,054982635;0,038461481;0,016818045;0,013247418
2022-01-17;0,000349894;-0,030408628;-0,006597459;-0,013374007;0,001973148;0,011456759;-0,022796273;-0,019474398;0,007649145;-0,067292906;0,000785703;-0,033610275;0;-0,015128482;0,005749231;-0,020025152;0,00253082;-0,033175427;-0,011400862;0,004629534;-0,025027223;-0,002207093
2022-01-18;0,007337551;-0,005141321;0,010910743;0,019100631;0,008860935;-0,004045135;-0,00311029;-0,00695128;-0,04099198;0,009866324;0,000784739;0,027823278;0,005957746;0,003584261;0,018104262;0,000425828;0,000315563;-0,037581669;0,006260303;0,03686631;0,016741023;-0,001593372
2022-01-19;0,001040964;0,031007589;0,030971284;0,012696428;0,008783369;-0,004062015;0,031981101;-0,012999947;0,052242946;0,001424841;0,016470872;0,023487001;-0,006768169;0,046938795;-0,012634761;0,057446684;0,042271278;0,071307307;-0,001309514;-0,022221952;0,02897907;0,013997109
2022-01-20;-0,001039882;0,051128009;0,019572315;-0,010746363;0,006127191;0,080750393;0,031746092;-0,011144863;0,083751108;-0,00020334;0,003857885;-0,006612004;-0,008092357;0,037524184;-0,000947841;0,051911623;0,012409154;0,053882724;0,007868709;0,068181544;-0,013654896;0,01008212
2022-01-21;-0,006243492;0,010491288;-0,018750112;-0,0428485;0;0,029434117;0,014652074;0,010245953;-0,01434529;-0,020126011;-0,001537133;-0,027408064;0,000429581;0,005166703;-0,010436144;0,01147666;0,016143522;0,037593925;-0,004228938;0,017021463;-0,019035017;-0,001466518
2022-01-24;-0,005235569;-0,004719479;-0,015013652;0,023959668;0,004807496;-0,042522017;-0,028158742;-0,013184748;0,014554072;0,036307071;-0,013087331;-0,024557061;-0,001287756;-0,017756888;0,021092899;-0,021179903;-0,02000585;-0,073913045;-0,023195136;-0,004184248;-0,005292346;-0,010923244
2022-01-25;0,025263049;0,048838496;0,014318791;-0,004926077;0,02583748;0,019908049;0,040861546;0,001027788;0,042110066;-0,00140137;0,011700851;-0,010730582;0,036097928;0,024738527;0,03990605;0,0436628;0,021615117;0,05164328;0,010033601;0,037815053;0,02172486;0,019424233
2022-01-26;0,010267137;-0,010398046;0,021402559;0,011138577;-0,009639398;0,034534413;0,020699536;-0,015400212;0,027975293;-0,041700085;-0,00539701;0,003337558;0,010784261;-0,003714365;0,000902975;0,027397436;0,031442754;0,004464305;0,017880662;0,03238868;0,000433822;0,015731258
2022-01-27;0,013211658;0,014161977;0,041462291;-0,00489593;0,013814876;0,049347086;0,057342667;-0,007299317;0,041900613;-0,026987464;0,015503882;0,021621907;0,004924027;0,0484625;0,004961555;0,006486593;-0,005697918;0,069629554;0,054001366;-0,007842756;-0,012361652;0,006650354
2022-01-28;0,010030022;-0,002702624;-0,006421291;-0,01537514;0,006193808;0,019363596;0,002645619;0;-0,033167817;0,075037653;-0,005343789;0,021163719;0,012250046;0,009777464;0,014362781;0,007876692;0,0151862;-0,070637119;-0,02407421;-0,003952708;0,005709393;-0,007452255
2022-01-31;0,011916403;0,023938394;0,024127648;-0,002498423;0,005232473;-0,008140872;-0,003298241;0,002100692;0,030875086;-0,016600096;0,007674433;-0,000797059;0,02178277;0,00792264;0,008849633;-0,001065468;-0,003951399;0,043219087;0,01707781;0,023809251;0,003929848;0,008163046
2022-02-01;0,001962679;-0,011027906;-0,002944979;0,038822785;-0,001530808;-0,024623752;-0,017868897;-0,050314313;0,008735461;0,044539439;0,00990106;-0,017152063;0,007018345;-0,01441025;0,00350861;-0,040540751;-0,018985573;0,001428556;-0,003109369;-0,003875889;0,021313667;0,00675339
2022-02-02;-0,016650633;-0,01382656;-0,00295359;0,00241101;-0,01655979;-0,009116688;-0,030323417;0,001103556;-0,035464005;-0,006230513;-0,017345308;-0,00202921;-0,015692434;-0,008418311;-0,017979115;-0,014455016;-0,021374861;-0,071326627;-0,009045594;-0,023346258;0,000638871;-0,008714327
2022-02-03;0,002988553;0,006331721;0,000423154;-0,025856838;0,006860304;0,000707778;0,031966658;-0,029768215;-0,01325351;0,006661438;0,006907046;0,012200017;0,011558475;0,003574601;0,014699242;0,003008414;0,013577115;0,003072164;-0,025810554;0,011951832;0,001702503;-0,004145826
2022-02-04;0,019860671;-0,020225038;-0,013959307;0,007407361;-0,001858184;-0,000707278;-0,022222294;0,027272516;-0,009098624;0,052744222;-0,023627714;0,019284935;0,003151565;0,008014118;0,006584655;-0,01762271;-0,018928317;-0,030627822;-0,003230794;-0,019684639;0,006586043;0,004915127
2022-02-07;-0,0136319;0,002294145;-0,033032979;0,03247557;-0,011480105;-0,030431558;-0,032369134;0,019911712;-0,009182448;0,011647289;-0,020296893;-0,014584122;-0,005498735;-0,018551287;-0,003488801;-0,019465584;-0,006826877;-0,003159595;0,004862208;-0,032128524;0,023638592;-0,002218362
2022-02-08;0,001974639;-0,01006897;-0,016415384;-0,002374002;0,010672048;-0,010948924;0,007829099;0,020607323;-0,003530494;-0,012426894;0,006374366;0,008799885;0,01105862;-0,004950337;-0,005689642;-0,004281892;-0,009264761;0,036450049;-0,025161568;0;-0,012371136;0,002125076
2022-02-09;-0,01674914;0,024040721;0,00857023;0,008328486;-0,008695981;0,045018348;0,0127119;0,058448344;0,038086805;-0,002775744;0,01187664;-0,01149884;-0,039843388;0,029398265;-0,085826856;0,012900719;0,025339351;0,009174352;0,002316531;0,008298467;0,006471669;0,00202256
2022-02-10;0,011022433;-0,002708619;-0,001788937;-0,010029451;0,01096508;-0,00423728;0,011854935;0,016064316;-0,005119699;0,013546064;0,007042275;-0,010429171;0,019121017;0,003515151;0,014443475;-0,01273641;0;0,051515149;-0,018157774;-0,004114796;0,010993758;0,00798499
2022-02-11;0,042616096;-0,010864543;-0,002240133;-0,074493504;0,035017097;-0,012765776;0,001378302;-0,01185783;-0,012864201;-0,025997756;-0,008546883;-0,031211767;0,059082138;0,000437783;0,003322546;-0,008991449;-0,019417431;-0,085014413;-0,007061185;-0,037190466;-0,020722273;0,001878986
2022-02-14;-0,003802628;0,02196754;0;0,009658787;0,004191376;0,01436768;0,006194138;0,010000267;0,014335261;-0,011278211;-0,010188387;0,001255058;-0,002261896;0,00962793;0,001419096;0,022090796;0,002700118;0,020472436;0,030816042;0,02145939;0,013408988;0,002069172
2022-02-15;0,012404926;0,018360934;0,001347079;-0,005739916;0,047406129;0,03399419;0,034883753;-0,011881416;0,064239902;-0,018821263;0,019794244;-0,027421628;0,009444713;0,023840634;0,000944472;0,046314245;0,062238371;0,05555559;0,080157831;0,021008206;-0,048170536;0,007495145
2022-02-16;-0,002827679;0,004837447;0,027802761;-0,006414363;0,00569339;-0,00068469;0,044282924;-0,012023957;0,016498856;-0,001550141;0,020186361;-0,003923257;-0,010479306;0,035139736;0,011797942;0,014754572;-0,009295878;-0,002924011;-0,048053778;0,004115142;-0,014769781;0,004543869
2022-02-17;-0,010397103;-0,003063283;-0,002617843;-0,040671409;0;-0,026730849;-0,018354388;0,004056728;-0,007521615;-0,01474866;-0,012937374;0,017505604;-0,01399364;-0,012679017;-0,011660373;-0,01017801;0,000284275;-0,027859271;-0,020766725;-0,00819621;-0,006613725;-0,014351325
2022-02-18;0,004775844;0,003072695;-0,048118933;-0,007402358;0,020379006;0,00492979;-0,030303091;-0,00202006;0,002792216;-0,01457557;0,003855024;0,003870826;0,003835717;-0,008284798;0,005662648;0,013587806;-0,015065207;-0,040723958;-0,027406156;-0,004132377;-0,032401241;-0,006694384
2022-02-21;-0,029467604;-0,045952138;-0,026654452;-0,018305172;-0,021359223;-0,014015596;0,003989423;-0,030364411;-0,038981676;-0,040575627;-0,01920121;-0,002999432;-0,024455295;-0,018797124;-0,011730966;-0,04456504;-0,022799445;-0,053459118;-0,00286433;-0,058091305;0,005275192;-0,009249078
2022-02-22;0,001958751;0,014679275;-0,031161478;0,016574633;0,009353558;0,022743515;0,014569458;0,06158657;0,053393906;-0,016875003;-0,002349378;0,012032863;0,009156962;0,015751315;-0,003798791;-0,016685997;0,007383278;0,008305635;0,000338948;0,070484297;-0,003650633;0,01044529
2022-02-23;-0,01466258;-0,003164697;-0,00341131;-0,031249988;0,0050549;0,013898642;-0,026109691;-0,007866249;-0,009430289;-0,006569163;0,022762867;-0,038641065;-0,013980502;-0,014249854;-0,004766441;-0,008869599;0,021401341;-0,026359087;-0,031493545;-0,020575942;-0,006640603;-0,007830493
2022-02-24;-0,015873113;0,01814046;0,002934032;-0,000701201;-0,031852506;0,007539332;0,036193053;0,070366545;0,03332019;-0,001706543;-0,019186477;0,008392207;-0,01693608;0;-0,030172864;-0,007393215;-0,029850771;0,035532921;0,025174824;-0,004201594;0,042646512;-0,00371402
2022-02-25;0,01008058;-0,009799449;0,02925398;0,032280687;0,016161772;-0,0081634;-0,042044006;0,000926061;-0,024568035;0,019871802;0,001565142;0,001751996;0,020432705;0,002976106;0,004938844;-0,007448183;0,02869828;-0,017973886;0,002728425;-0,046413547;-0,027857746;0,013889885
2022-03-02;-0,006985966;-0,021142399;0,033159675;0,044867411;0,011076463;-0,017832514;-0,033760877;0,026827115;-0,010232151;-0,012570645;0,028905798;0,012243195;-0,016593696;0,006358636;-0,01031973;-0,003159511;-0,007765262;0,049916877;0,028911666;-0,013274496;0,089379208;0,017959732
2022-03-03;0,003014988;0,010569746;0,024759296;0,036434524;0,00011091;0,031424558;-0,008385873;-0,020720812;-0,019085552;0,027795406;0,006833848;-0,004751527;0,000799054;-0,016427818;0,019321729;-0,019017148;0,017101303;0;0,033057795;-0,00896874;0,045928963;-6,94601E-05
2022-03-04;-0,011021838;-0,023647254;-0,00178983;-0,006277459;-0,025021427;-0,022342806;-0,005677703;0,00827968;-0,034454711;-0,021469781;-0,020361724;0,046874918;-0,015169213;-0,028693739;-0,028766163;-0,025444374;-0,011399274;-0,003169609;0,00832012;-0,013574321;0,015169568;-0,006008718
2022-03-07;-0,032421678;-0,057289082;-0,017480904;-0,032848953;-0,042772944;-0,037395827;-0,065279763;-0,00821169;-0,034424917;-0,045358704;-0,053887972;0,01202326;-0,021483862;-0,046296241;-0,025602368;-0,089100599;-0,052176334;-0,06995228;-0,01364633;-0,059633015;0,053676832;-0,025167287
2022-03-08;-0,00209421;0,028162001;0,005018186;-0,010450762;0,007704184;-0,020143951;-0,009209571;0,006439685;0,037391209;-0,02320443;0,018714724;0,014338109;-0,009527488;0,0069347;0,012879968;0,063694043;0,01307789;0,034188056;0,015765449;0,039024197;-0,024818066;-0,003494843
2022-03-09;0,053514996;0,027871056;0,026781759;0,003960479;0,056574635;0,013215915;0,045701089;0,037477168;0,047778677;0,040045283;0,038338539;0,004039113;0,049769907;0,020661065;0,064089357;0,046193335;0,048934128;0,029751974;0,034843237;0,032864162;-0,039800843;0,024252943
2022-03-10;-0,011951931;-0,012622414;-0,025199018;0,012491685;-0,013024449;-0,035507242;-0,037777873;-0,011453887;-0,029200022;0,015879864;-0,010769114;0,018101321;0,00079648;-0,005398024;-0,006213952;-0,029435887;-0,007441144;-0,04333866;-0,029078641;0,013636016;0,007772133;-0,002080773
2022-03-11;-0,010080494;-0,025094846;-0,023129197;-0,042857053;-0,019941456;-0,003756664;-0,050808269;0,005347794;-0,017305268;-0,024411042;-0,016329525;0,006321418;-0,011145986;-0,024875656;-0,004329456;-0,03748924;-0,018742869;-0,045301988;-0,01040352;-0,049327412;0,025509036;-0,017155979
2022-03-14;0,00814643;-0,016513045;-0,0227484;-0,05223879;0,006283786;0;-0,010543468;-0,009751754;-0,010901603;-0,012291558;0,005533419;-0,005496645;0,014089931;-0,004638347;0,007246483;-0,024070305;-0,009991298;-0,063268855;-0,011787108;-0,018867605;-0,024874511;-0,015978445
2022-03-15;-0,009090816;-0,015802405;-0,007125955;-0,042949217;-0,011351987;0,003016613;0,015573879;0,037600669;0,005086965;0,001333379;0,001572293;-0,026056212;-0,003572788;-0,001863862;-0,002397861;0,003587617;0,001781042;-0,08630395;-0,026434503;0,014422643;-0,008107761;-0,008814861
2022-03-16;0,018348435;-0,002006927;0,002392432;0,021690398;0,013317354;0,022556264;-0,006456888;0,023295883;0,031632169;0,015090981;-0,000785086;0,021483614;0,019521644;0,020074701;0,014422795;0,018766614;-0,008592615;0,053388078;0,058940427;-0,014217587;-0,026315721;0,019759726
2022-03-17;0,027027094;-0,001508074;0,047732762;0,046119985;0,009259181;0,022059028;0,038992737;-0,010118058;0,027800665;0,010712659;0,063629195;0,026984438;0,02188356;0,023340947;0,00379163;0,004386149;0,019127261;0,079922056;0,035021743;0,043269074;-0,020270386;0,017675859
2022-03-18;0,014620203;0,048338155;0,036901925;0,021693566;-0,002071421;0,015107843;0,046911662;-0,0110733;0,020286308;0,016223276;0,033234967;0,016615167;0,007266112;0,050089542;-0,002360843;0,054584947;0,028152739;0,050541466;0,005740291;0;0,001253912;0,019765467
2022-03-21;0,025936328;-0,008165426;-0,004833072;0,003424654;0,020462585;-0,016300556;0,00821512;0,012920009;-0,026510636;-0,037888417;0,020014288;-0,020144454;0,024677574;-0,017887611;0,0236632;-0,004554837;-0,011694319;-0,01718218;-0,022228923;-0,018433252;0,018158866;0,007319336
2022-03-22;0,014981367;0,037772689;0,033554162;-0,009556291;0,020051962;0,05403468;0,033333236;-0,010204004;0,028834617;0,039159235;0,002803127;0,019782756;0,013707814;0,043365196;0,012482896;0,035773884;0,034631818;0,015734335;0,013824656;0,023474355;0,003485256;0,009616461
2022-03-23;-0,003690138;0,007932557;0,012814974;-0,015162049;-0,005128201;0,008885745;0,005018126;-0,03264606;0,013624063;-0,004896742;0,007686819;-0,007227013;-0,004385403;0,000415585;-0,006392449;0,056305396;-0,000836525;0,032702277;-0,007575379;0,027522687;0,003677327;0,001577529
2022-03-24;0,011110788;0,044444593;0,034162865;0,006298166;0,011454976;0,008807709;0,052068223;0,043516867;0,019585248;-0,002995311;0,027739374;0,019157205;0,006607609;0,014541051;0,014705496;0,057361534;0,010050119;0,099999985;0,011602886;0,031250362;-0,008548829;0,013587951
2022-03-25;-0,000613159;0,020833554;0,001223553;-0,03129336;-0,000566218;0,029334726;0,008813548;-0,000851187;0,01544235;-0,023175913;-0,003373896;-0,061278546;0,00182341;0,004914033;0,009057991;-0,002531595;0,00967378;-0,009090948;-0,007546097;0,194804842;-0,039211521;0,000235189
2022-03-28;-0,002777616;-0,006947635;0,001221973;0,005742964;-0,009631751;-0,003302189;-0,021505303;0,036627;0,001483777;-0,000878765;-0,004739285;0,000801118;-0,000727868;-0,004482868;-0,004937477;-0,023930401;0,001368823;-0,010703388;0,023041956;-0,003622911;0,001281852;-0,002880392
2022-03-29;0,007427816;0,036291951;-0,015459715;0,016416721;0,004290663;0,029820928;0,012362711;-0,009038602;0,005555467;0,010554017;0,048872464;-0,010804429;0,011657641;-0,000818152;0,01804251;0,021174;0,012575038;0,081916576;0,010416503;0,032727306;0,011097002;0,010746349
2022-03-30;-0,000921554;-0,016877518;0,001652833;0,007724805;-0,005981294;0,008365484;-0,012890107;0,028192439;-0,029834156;-0,008267999;0,00888025;-0,004449808;0,002160639;-0,029086859;-0,006202624;-0,005456525;-0,002429729;-0,018571424;0,005891093;0,017605366;0,032080846;0,002049761
2022-03-31;-0,008302797;-0,006866822;-0,024339851;-0,026480858;-0,005730621;0,002552722;-0,027491467;0,020967566;-0,01138942;-0,028082503;0,029789846;-0,01991054;-0,012576764;-0,013502042;-0,009362943;0,005852232;0,027875526;-0,007278009;0,021083002;-0,02076111;0,018405129;-0,002170298
2022-04-01;0,003721209;0,033275753;0,006342376;-0,014316301;-0,000576335;0,021005791;0,033922223;0,01105861;0,022657238;0,002257414;0,003944818;-0,016169315;0,002827617;0,028657261;-0,010800886;0,056726982;0,034755054;0,077712577;0,014626001;0,07773859;0,011646448;0,013091776
2022-04-04;-0,006487448;-0,00460093;-0,009243671;0,019607776;-0,009227128;0,006234217;-0,017771756;0,030468621;-0,009387945;0,003153083;-0,005893839;-0,007585294;-0,009077372;-0,002910737;-0,004144608;0,011356085;0,007633499;-0,021768722;-0,010175291;0,006557425;-0,010520047;-0,002385457
2022-04-05;-0,026119708;-0,024369711;-0,007633533;-0,024216642;-0,026484314;-0,019206933;-0,014613749;0,012888543;-0,039423734;-0,033004021;-0,005928874;-0,012738627;-0,020154299;-0,033361069;-0,027891997;-0,048656006;-0,038636332;-0,038942878;-0,011136319;-0,029316264;-0,008826396;-0,019747691
2022-04-06;-0,007662525;-0,024547862;-0,004700885;-0,010218874;0,005081914;0,002526921;-0,016949094;0,017215567;-0,009076504;-0,012537793;0,007289415;0,013763376;-0,000373197;-0,028904287;-0,00517419;-0,03254665;0,037562537;-0,04196817;-0,008662849;-0,050335385;-0,004654956;-0,005526349
2022-04-07;-0,00868732;-0,004856251;-0,008587335;-0,001474957;0,018441561;-0,001260241;-0,018678136;0,002943371;0,021106882;0,069598001;-0,005263096;-0,016546325;-0,000748619;-0,003998275;0,004255241;-0,00850263;0,031392404;-0,009063483;-0,006117322;0,021201272;-0,038227;0,00536252
2022-04-08;0;-0,029724721;0,008661716;-0,036189022;0,017815135;-0,015772857;0,00512433;0,033015374;-0,001949854;-0,029676915;0,004629574;0,003882154;-0,001872192;-0,015165099;0,011299434;-0,003355945;0,053019222;-0,06554877;0,000586341;-0,02076111;0,019238819;-0,004543084
2022-04-11;-0,008763532;-0,020576343;-0,01202234;-0,007662912;0,006313071;-0,046153908;-0,002184968;-0,035511312;-0,013286521;0,018803916;-0,005924972;-0,00730506;-0,003750756;-0,01086945;-0,001396285;0,000748141;-0,027272747;-0,008156666;-0,046573085;-0,05653722;0,010786322;-0,011570122
2022-04-12;-0,009823052;-0,007936591;0,014341593;0,006177567;-0,001996039;-0,035618293;0,032116843;-0,029454989;-0,017821752;-0,017567342;-0,014569271;-0,006060947;-0,017695795;-0,004120753;-0,008857937;-0,020560422;0,012461068;-0,018092062;-0,005529852;0,044943735;-0,012517905;-0,006891657
2022-04-13;0,0009922;0,007529491;-0,009425762;-0,003837295;0,004857081;0,004181191;0,040311214;0,032625095;0,022983899;-0,003168784;0,034273872;-0,00304865;0,002683112;0,014712324;0,010347835;0,017938736;0,027218947;0,01005022;0,005869491;-0,01792088;-0,007897031;0,00546721
2022-04-14;0,000990717;-0,012143985;0,002162529;-0,004622425;0,000853245;0,005551784;0,021074083;0,002938967;-0,010642456;-0,009309769;0,004548627;-0,004368723;0,006498376;0,028092737;-0,002327817;0,002624714;0;-0,003316789;-0,008292457;-0,007299323;0,007959891;-0,005137778
2022-04-18;0,005940665;0,002364539;-0,000863199;-0,005417901;0,036931492;0,002070509;-0,008655115;0,00439569;0,005976;0,005042394;0,007761963;-0,021061957;0,005697086;-0,000881585;0,017731942;-0,011593116;-0,021428595;-0,019966662;-0,011768264;0;0,037406487;-0,004260557
2022-04-19;-0,010826611;0,008489983;-0,020302385;0,019455235;-0,035342249;0,001377186;-0,024177367;-0,021152446;0,026138603;-0,00114029;-0,058408231;0,006723635;-0,01774969;-0,007940112;-0,012974924;-0,006810361;-0,044031186;0,008488951;-0,016922547;0,055146844;0,002403653;-0,005445729
2022-04-20;0,000994995;0,027128338;0,002204575;-0,063358771;-0,001420042;0,010316421;-0,005505831;0,004470864;0,013122346;-0,016949831;0,00408993;-0,012021242;0,006536077;-0,00044448;-0,00357705;-0,010285782;0,039408918;-0,055555572;0,001593816;-0,073170696;0,013589205;-0,006196928
2022-04-22;-0,01491067;-0,029143775;-0,024637071;-0,026894983;-0,02076234;-0,022464181;-0,017993135;-0,031157234;-0,032380789;-0,026334868;-0,00678869;-0,002253582;-0,019480461;-0,014234917;-0,014359563;-0,036951317;-0,049526058;-0,010695154;-0,003500991;-0,05263134;-0,013012674;-0,028562933
2022-04-25;-0,003027324;-0,006566562;-0,007216794;0,019263112;0,007842067;-0,016713114;-0,006342414;0,009954017;-0,011023758;0,024317607;0,028707977;0,000903645;-0,003895635;0,000902552;-0,006243316;-0,000799474;0,019663867;-0,019819772;-0,003193742;0,035714099;-0,006392319;-0,003538054
2022-04-26;-0,042510036;-0,008026635;-0,016356366;-0,041084686;-0,02247834;-0,036118834;-0,056737711;-0,005307086;-0,050557277;-0,018410813;0,003322127;-0,029783496;-0,034024071;-0,029756766;-0,042931479;-0,021600142;-0,014211097;-0,047794186;-0,039410356;-0,015325677;0,070567004;-0,02233365
2022-04-27;-0,006342481;-0,002855701;-0,003695113;0,011139721;0,004421911;-0,007347789;0,012030374;0,021341522;-0,000419203;0,011845991;0,01788086;-0,005116438;-0,008097007;0;0,006017093;0,002861861;0,016186135;-0,015444025;0,055036615;0,011673238;0,023849829;0,010497814
2022-04-28;-0,005319078;0,008591411;-0,010199417;0,040677984;-0,001760901;0,005181314;0,023031099;-0,012743185;0,01216449;-0,006097561;-0,001951558;-0,007480097;-0,008163339;0,011617423;-0,009244189;-0,005707388;0,01194621;0,015686285;-0,015807884;-0,015384836;0,008070467;0,005212668
2022-04-29;-0,014973439;-0,001419238;-0,016393365;-0,02925727;-0,023228398;-0,020618345;-0,050835256;0,015467876;-0,043100051;-0,013006105;-0,043676858;-0,023080471;-0,017695386;-0,024610903;-0,013172243;-0,026239963;-0,004426944;-0,057915138;-0,033086884;-0,042968746;-0,037299899;-0,018586414
2022-05-04;-0,003285772;0,002992787;0,009600804;0,017683421;0,029114587;0,007968138;0,041262153;0,005224001;0,016784473;0,004343637;0,018269109;0,048067676;-0,001257148;0,025690539;0,014388204;0,031462442;0,023166073;0,076086928;0,018655541;0,02892548;-0,011553183;0,017047161
2022-05-05;-0,025275067;-0,046742938;-0,041541527;-0,036489989;-0,025981426;-0,041897329;-0,027972194;-0,014105476;-0,039096368;-0,036280595;-0,033049735;0,011690493;-0,023070762;-0,052930019;-0,032733248;-0,057295942;-0,016100512;-0,10707075;-0,026952397;-0,05622503;-0,016697684;-0,028058776
2022-05-06;0,003382275;-0,028168881;-0,025739372;-0,010820513;0,003260034;-0,028877882;-0,024780071;-0,002259179;-0,009945873;-0,015208192;-0,005859534;-0,005777671;0,021468455;-0,001996058;0,020869194;0,05990377;-0,011250473;-0,027149339;-0,03586645;0,021276814;-0,002452742;-0,001604877
2022-05-09;-0,013482742;0,011808844;-0,033443012;-0,018231494;0,002658863;-0,00254881;-0,017213079;0,011320836;0,036073216;0,025063334;0,014734575;-0,022016107;-0,014291386;-0,029499903;0,01491662;-0,014438863;0,007240886;-0,090697658;-0,018047897;-0,029166995;-0,028560646;-0,017929329
2022-05-10;-0,006834079;0,001060956;0,012478692;-0,067780954;-0,011490958;-0,014480568;0,024186762;-0,019403007;0,029968955;-0,031612807;0,00387229;-0,026425584;-0,005116994;-0,014940904;0,009798734;0,035579674;0,023876697;0,0102303;-0,020255005;0,017167633;-0,003699442;-0,001355932
2022-05-11;0,02178901;0,009008979;0,026890842;0,031872409;0,022056966;-0,024200365;-0,004885931;0,009132517;-0,031664467;0,04106097;0,004821667;0,007618726;0,03343317;-0,005753026;0,017250682;-0,008488312;-0,003259807;-0,00506335;-0,000765683;0,004219322;0,025991801;0,012481816
2022-05-12;0,016835265;0,027836244;0,012002035;-0,017374395;0,025371699;0,05403004;0,051554904;-0,075414804;0,045514804;-0,013228832;0,003838844;-0,012287129;0,01576059;0,0210416;0,006359373;0,030574885;0,010314401;0,063613128;0,011877295;0,096638666;-0,016380768;0,012366256
2022-05-13;0,008829847;0,006131959;0,026415216;0,034381102;-0,001422061;-0,036134182;0,01789866;-0,00163131;0,024936641;0,039225469;0,010516376;0,060286929;0,01184191;-0,0030913;0,011584842;0,007515942;0,028386487;0,047846923;0,003407857;-0,022988569;0,006777575;0,0116948
2022-05-16;0,010940773;0,009141491;-0,010504199;0;0;0;0,05122322;-0,020424865;0,011133895;0,012900165;0,016083048;-0,014891592;0,010492455;0,014986965;0,016658412;0;0,015012136;0;-0,011320942;0,003921488;0,054241144;0,01224234
2022-05-17;0,008658385;0,012581796;0,008492524;0,026590744;0,03759599;0,037488809;0,047272836;0,046705699;0,012642898;0,041273583;0,02979534;0,020155752;0,008785822;0,018330066;0,020481248;0,021986603;0,038406453;-0,100456687;0,027099504;0,058593974;0,007480425;0,005137065
2022-05-18;-0,015021724;-0,038270312;-0,036842151;-0,039777948;-0,014273969;-0,029411667;-0,077083283;-0,02868539;-0,038663042;-0,035334118;-0,001808766;-0,01212411;-0,014251754;-0,021000099;-0,018565378;-0,020361155;-0,021594178;-0,055837491;-0,017837217;-0,022140488;-0,042194852;-0,023366333
2022-05-19;0,007625409;-0,012919849;0,00163946;0,051059567;-0,0058479;0,022510946;-0,008276935;0,021328982;0,028069055;0,000234757;0,008152399;-0,011363434;-0,003212987;-0,020428788;-0,007668515;0,006666674;0,030288714;0,002688264;-0,034052217;-0,018867645;0,001890607;0,007134319
2022-05-20;0,012973216;-0,004712215;0,015821071;0,012832384;0,03641454;0,019474905;0,034142629;0,005622535;0,005297278;0,011971882;0,017969425;0,003218421;0,012490325;0,032325358;0,013395231;-0,00077923;0,002051043;-0,016085919;0,018018013;0,011538546;0,002453422;0,013859165
2022-05-23;0,01280644;0,024197861;0,038130905;0,036199002;0,042162288;0,004983395;0,00440208;0,014376895;-0,009323093;0,018789087;0,030891685;0,018790152;0,025865334;0,024242103;0,016268235;-0,010136516;-0,003411507;0,008174362;0,022316023;0,019011118;-0,019201773;0,017126318
2022-05-24;0,009484001;-0,023626159;0,017589226;-0,000873351;-0,002294287;-0,006611579;0,022027521;0,01732288;-0,007364979;0,001593887;0,02226021;-0,006297917;0,015127845;-0,022189311;0,021010452;-0,00866477;0,019854094;0,002702855;-0,018441791;-0,014924962;0,032629537;0,002129665
2022-05-25;-0,016701742;-0,000525858;0,018302042;0,015734245;-0,006085042;-0,009151472;0,016212099;-0,002321802;0,017312487;-0,016140097;0,008375153;-0,022182132;-0,017959248;0,005547306;-0,011268671;0,015494784;0,005146518;0;-0,02952444;0,003787375;-0,013940618;-9,04314E-06
2022-05-26;0,004246246;-0,007894819;0,060908594;-0,016350998;-0,002927648;0,041981492;0,042784677;0,040341223;0,010940081;-0,01085946;-0,025747674;0,02638889;0,012451098;0,013039213;0,005450878;0,0266039;-0,020480863;0,097034976;0,015803904;0,033962629;0,021677651;0,011846627
2022-05-27;0;0,019098156;0,017882283;-0,01399825;-0,010945023;0,023368327;-0,007649527;0,043996942;0,010019993;0,001167934;-0,016197505;0,001353255;0,005380343;0,008910951;0,01429302;-0,005716555;-0,012272694;-0,017198946;0,019836561;-0,010948985;0,024169771;0,000464742
2022-05-30;-0,002114279;0,000520445;-0,003698454;-0,028393966;-0,026450773;0,007874026;-0,004905433;0,020714291;-0,01190474;0,02566492;-0,0277298;-0,003152874;-0,009174149;-0,024043374;-0,00971843;-0,008432293;-0,033594184;-0,040000134;-0,025934167;-0,011070296;-0,000180085;-0,00812921
2022-05-31;0,015889888;0,004682795;0,002784232;0,000913136;0,015248038;-0,002343625;0,011971888;-0,004898422;0,008835194;0,012283916;0,038324348;0,006326065;0,009259093;-0,022624392;0,005887999;0,028217883;0,003333497;-0,031249964;-0,006656143;-0,011194114;-0,011711808;0,002873046
2022-06-01;-0,007993498;-0,033661362;0,006941253;0,027372383;0,001911715;-0,021143458;-0,017397366;-0,005625913;-0,011146551;0,024269704;-0,021459262;0,018859385;-0,013860218;-0,014403248;-0,018048918;0,012782256;0,020408174;-0,002688084;0,033109604;0,007547333;0,01458533;8,08255E-05
2022-06-02;0,004214995;0,024115819;0,014705897;0,052397833;0,000817644;0,031199997;-0,007082018;0,022630823;0,019726323;0,005923577;0,016666915;0,002644362;0,004266678;0,014613733;-0,004028489;0,040460177;0,007674397;0,024258744;0,004578643;0,007490693;0,035938985;0,009276221
2022-06-03;-0,014690517;-0,009942604;-0,030797167;-0,015189939;-0,013889216;-0,017067602;-0,027817408;-0,015906054;-0,038689278;0,005670712;-0,012079473;-0,024175874;-0,009270031;-0,030864295;-0,005991143;0,005708171;-0,031617995;-0,055263161;-0,015571503;-0,033457184;-0,020294949;-0,01148648
2022-06-06;0,004259972;-0,016913249;-0,004205621;-0,021422441;-0,012427174;-0,030781374;-0,022744;-0,008432829;-0,029979314;-0,000650592;-0,009607101;0,001801695;-0,003508591;-0,023354387;0,001004564;-0,042922816;-0,001429826;-0,052924853;0,002314691;-0,042307679;-0,033463315;-0,008244676
2022-06-07;-0,010604665;-0,007526898;-0,035194667;-0,027145372;-0,00699121;-0,031758691;-0,00450455;-0,009213334;-0,014394667;-0,023654516;-0,011463859;-0,000449336;0;0,013586851;-0,008530062;-0,01111943;-0,002386559;-0,03235293;-0,001154754;0;-0,026195282;-0,001052765
2022-06-08;-0,013933586;0,011376132;-0,016536951;-0,043204324;-0,00901133;-0,008410623;-0,021116131;-0,017167412;-0,015034458;-0,005779109;-0,005352238;-0,013045557;-0,01917088;-0,01447717;-0,017712629;-0,012369011;0,008133983;-0,021276576;-0,059344853;0,024096224;0,003950597;-0,015462887
2022-06-09;-0,014130293;-0,02035353;-0,0093967;-0,04797739;-0,001421093;0,013570841;-0,00077041;0,020378468;0,012647159;-0,004918427;-0,007175023;-0,006836955;-0,017152218;-0,0130575;-0,000515255;-0,042884079;0,021357319;-0,065217397;0,00450631;0;-0,003185394;-0,011756238
2022-06-10;-0,019845748;-0,020776597;-0,014478295;-0,00098813;-0,016789964;-0,024267769;-0,016962335;-0,006419356;-0,03402236;-0,009436041;-0,013550139;-0,019733761;-0,021914873;-0,040242743;-0,014948264;-0,045202339;-0,047397839;-0,036544836;-0,021207216;-0,015686172;-0,009586395;-0,015061535
2022-06-13;-0,01574801;-0,035734078;-0,037487318;-0,048466854;-0,022865393;-0,010291609;-0,039999763;-0,055276447;-0,030316538;-0,044000876;-0,014651546;-0,000936146;-0,012033495;-0,029293284;-0,014652037;-0,038621149;-0,021951372;-0,079310355;-0,007500037;-0,083665285;-0,023723868;-0,027331937
2022-06-14;-0,003428574;-0,012160147;-0,033157786;-0,025987621;0,000307093;-0,004332809;-0,002451139;-0,009878351;0,001839299;-0,018030892;0,007434608;-0,019681535;-0,006719977;0,007100381;-0,0100902;-0,009503282;0,033665966;-0,048689211;0,018052211;-0,021739289;-0,017301657;-0,005214527
2022-06-15;0,008027656;0,028136433;0,021230111;-0,004268889;0,015811241;0,010443974;0,023751099;-0,001534909;0,030289005;-0,022710767;0,007379931;-0,012906171;0,004228553;0,005875472;0,006974237;0,042302565;0,027744336;0,003937054;-0,010309391;0,039999863;0,028684568;0,007289615
2022-06-17;-0,018202639;-0,021664991;-0,022388023;-0,06002133;0,002349666;-0,013781335;-0,024800059;-0,020753282;-0,038307442;-0,076390608;-0,016483409;-0,01404365;-0,012631756;-0,015771134;-0,015450197;-0,006694457;0,006807459;-0,066666667;-0,048749848;0,01282079;0,011346102;-0,029005807
2022-06-20;0,031286133;-0,012820442;0,003816843;0,027366019;0,007617866;0,008733732;-0,013945833;0,004709626;-0,008800283;-0,023019288;0,001862564;-0,007858284;0,043496817;-0,004154116;0,026515138;0,005475971;0,017719836;0,084033575;0,055628401;-0,025316346;-0,020156064;0,000280491
2022-06-21;-0,008988645;-0,0094452;0,001629554;0,005549318;-0,041000205;-0,005194907;0,013311221;-0,005468876;0,010747597;0,018904072;-0,01022345;-0,004950745;-0,010625049;0,014898494;-0,007106053;-0,031839214;0,008018272;-0,027131759;0,049792574;-0,047619027;0,013390319;-0,001682473
2022-06-22;0,004535087;0,007747471;0,002711359;-0,002207591;-0,003638655;0,013925457;0,032840631;0,037706192;0,055478501;-0,010486674;0,002816978;-0,003980206;-0,007435453;0,024662478;-0,004291941;0,015577704;0,010909061;-0,027888509;0,019367689;0,02272699;-0,064534495;-0,001635151
2022-06-23;-0,02144474;-0,006505305;-0,021092332;-0,036504415;-0,006390632;-0,006009013;-0,040540557;0,028766126;-0,0135787;0,005434803;-0,004681521;-0,024975128;-0,022887498;-0,033237938;-0,02640089;0,01619114;-0,014613237;0,045082046;0,004652961;0,00444454;-0,066734903;-0,014489259
2022-06-24;-0,004613549;-0,004761745;0,016022;0,029850838;-0,005819344;0,001727307;0,008285027;-0,0073583;-0,005772624;0,022972932;-0,000940727;0,014344402;-0,001703728;-0,010076983;-0,008301093;-0,029350249;0,009582451;-0,031372482;0,021227297;-0,026548496;-0,017328425;0,006035889
2022-06-27;0,01274621;0,002392441;0,010875474;0,031215104;0,020640722;0;0,03040265;0,044477469;0,036176935;0,027741165;0,018204745;0,01767659;0,005972887;0;0,013951132;0,001727889;0,023728748;-0,016194341;-0,018424381;-0,009091038;0,014955386;0,021201557
2022-06-28;-0,012585788;-0,019689733;0,00806888;-0,014053985;0,003622181;-0,028448172;0,013556595;0,0078069;-0,026724194;0,015424125;-0,003756045;0,004962964;-0,011026198;0,01556882;-0,014309546;-0,020267569;0,005739659;-0,02057619;0,008484371;-0,009174315;-0,000879776;-0,001716883
2022-06-29;-0,010428646;-0,017650753;-0,009071498;-0,012061361;-0,005112916;-0,016987335;-0,011801807;-0,045070402;-0,013728758;-0,036202539;-0,020735049;-0,004444555;-0,010292009;-0,003537478;-0,017308717;-0,011341329;0,003511779;0,012605097;-0,004588956;-0,009259392;0,028615435;-0,009633069
2022-06-30;-0,023419281;-0,008054389;-0,019924491;-0,039955775;0,009069065;0,000913469;-0,019904384;-0,021386513;0,001795969;-0,021801892;-0,000962485;0,001984555;-0,017764453;-0,011242746;-0,022727189;0,014349998;0,010498754;-0,029045707;0,01613543;0;-0,055638805;-0,010840979
2022-07-01;-0,00239825;0,023110355;-0,017582657;-0,011560606;-0,006890379;0,020985081;-0,013809975;0,036925455;0,013446861;0,00241676;0,009633931;-0,000495258;0,008725658;0,010771831;0,007558081;0,021220097;-0,007575893;-0,059829005;0,001890451;-0,037382998;0,00067977;0,004180958
2022-07-04;-0,0084133;0,004273839;-0,015659818;-0,004678302;-0,003318342;-0,009829941;-0,022240527;0,015988336;-0,016806649;-0,027591817;-0,012404472;0;-0,009628273;-0,031379506;-0,010457033;-0,003030265;-0,013304154;-0,031818151;-0,000377488;-0,029126562;0,007925655;-0,003486468
2022-07-05;0,001212257;0,002431349;-0,017613615;0,004700292;-0,005447919;0,017147877;-0,010951983;0,001430605;0,006297873;-0,026997233;-0,021256215;-0,019316608;0,007070161;0,003667533;0,002334552;0,002605358;-0,011715424;0,117370803;0,020007661;0,035000338;-0,031453527;-0,003184294
2022-07-06;-0,001210789;-0,00424497;-0,010410675;0,014035088;-0,006390632;-0,014197245;0,006814348;0,012857203;0,016539927;-0,045866335;-0,002961566;0,010606093;-0,009214617;-0,004263061;-0,008153339;0,033347457;-0,01185401;0,050420201;0,002960773;0,091787366;0,008118828;0,004313546
2022-07-07;0,010909098;0,012789345;0,027469245;0,023067992;0,014701263;0,022502391;0,004230084;0,021156483;-0,002198702;0,041246272;0,017821881;-0,005497372;0,014172338;0,01223256;0,020551821;0,03730106;0,011996213;0,023999926;0,018819274;0,048672616;0,044638802;0,020370952
2022-07-08;0,005995576;0,010823642;0,009101319;-0,029312262;0,009658896;0,007042289;0,005054903;-0,015193337;-0,009255292;-0,017383887;0;-0,009547417;0,000436521;0,001208371;0,000575355;0,001212049;-0,016998324;0,023437603;-0,012314485;0,016877643;0,005726793;-0,00437804
2022-07-11;-0,020262687;-0,035692999;-0,018038236;-0,025551596;-0,01644253;-0,058566325;-0,006705728;-0,007713905;-0,032918084;-0,009570708;-0,001945471;-0,010147368;-0,016150036;-0,026554121;-0,020126295;-0,028651899;-0,038680178;0,003816754;-0,025302565;-0,03734473;-0,045115975;-0,020710148
2022-07-12;-0,002432854;0,014805979;-0,016073683;-0,007151463;0,003343481;-0,021355797;0,016877497;-0,017667944;0,01379952;0,002049771;0,006822665;0,005638118;-0,002218427;0,008679493;0,004107997;0,004569695;0,015147713;0,114068429;0,000376352;0,034483205;-0,061926763;0,000600741
2022-07-13;-0,009756375;-0,001823943;-0,021586805;0,002400992;-0,010905588;-0,024667903;-0,003319566;0,003597249;0,007259328;-0,009643537;0,007744604;-0,029561675;-0,004001982;0,027043751;-0,022794071;0,017369823;0,006994618;-0,034129715;0,005265122;-0,029166995;-0,007090405;-0,003968617
2022-07-14;-0,002463228;-0,023142322;0,022063076;-0,035928114;-0,001225247;0;-0,006660971;-0,002867363;-0,048648297;-0,025671258;0,011527148;-0,013130162;-0,011160369;0,007779712;-0,022727149;0,00569129;0,009493081;0,02826857;-0,012345661;0,025751389;-0,017975886;-0,017981018
2022-07-15;0,030864571;0,000623374;0,005251011;0,040993773;0,020545781;-0,024319005;-0,00502948;-0,040258902;0,022727044;0,053300978;-0,007597318;-0,015433742;0,018058594;-0,001187639;0,006120306;0,013338727;0,010321072;-0,04467353;0,005681614;0,012552393;-0,011283773;0,004473528
2022-07-18;0,009580911;0,001246119;0,011027352;0,010739842;0,014122644;0,023928335;0,012636982;-0,023220891;-0,000463067;-0,02357676;-0,009569301;-0,004324365;0,013303827;-0,023186735;0,012773772;-0,001196776;-0,003632259;-0,003597085;-0,016195706;-0,004132377;0,043621552;0,003780385
2022-07-19;0,018979678;0,004355768;0,002870118;0,033057853;0,026963071;-0,005842551;-0,000832031;0,046779135;0,053265471;0,017078971;0,003864626;0,020629798;0,033697567;-0,0182593;0,036636118;-0,011980709;0,007518776;0,007220141;0,032159093;-0,033195264;0,00947753;0,013712906
2022-07-20;-0,015134016;0,014869827;0,00400692;0,027428573;0,000288585;0,032321341;0,059117469;0,005128092;-0,002638462;0,007527456;0,004812619;0,014361619;-0,012700795;0,055176751;-0,012745891;0,01535959;0,003392022;0,100358491;-0,035979005;-0,004291938;0,012999594;0,000427503
2022-07-21;0,011820571;0,012210143;0,013112888;0,006674111;0,006922211;0,044592231;-0,003144714;0,005102159;-0,002204706;-0,000862034;0,006704743;-0,031987217;0,008147563;-0,002350082;0,01349751;-0,011942654;0,004282391;-0,019543986;-0,025394425;-0,008620333;-0,007842296;0,007590017
2022-07-22;-0,010514025;0,006031355;-0,015756867;-0,015469642;-0,006874624;-0,02633955;-0,017350103;-0,041334239;-0,007070254;-0,019844654;0,013320654;0,02383532;-0,010634116;-0,02591302;-0,012739035;-0,016115805;0,001570846;-0,049833955;0,02013407;-0,034782863;0,014371318;-0,001090546
2022-07-25;0,0082645;-0,002398249;0,011435103;0,00785624;0,015286929;0,000932765;0,026484798;0,021936384;0,006230512;-0,012324001;0,015962511;-0,025396991;0,014617607;-0,01692845;0,013490131;0,011465661;0,004929341;-0,024475503;0,030027355;0;0,01629287;0,013596159
2022-07-26;-0,002341595;-0,016225709;-0,005087636;-0,021157974;0,0034091;0;-0,027365161;-0,019245103;-0,034497968;0,003267992;-0,011090446;0,001628755;-0,005508294;-0,005535333;-0,006944514;-0,026720562;-0,004459167;-0,064516013;-0,010574027;-0,03603593;0,008364226;-0,00496659
2022-07-27;0,004694476;0,030543708;0,044318091;0,010238893;0,006511772;0,013979337;0,036173689;0,027169862;0,019697713;0,01984004;0,052335998;0,054742544;0,003408589;0,044526967;0,005827161;0,049084853;0,016125276;0,03448265;0,025572649;0,05140186;0,005069227;0,016698072
2022-07-28;0,010514025;0,011855278;0,004896643;0,018017902;0,018565276;0,034926794;-0,009309551;-0,024981612;0,022461901;0,014227692;-0,00532827;-0,011819228;0,006369607;-0,001776108;0,007531995;0,0297382;0,001763243;0,007407495;0,039448972;0,00444454;-0,004126769;0,011425698
2022-07-29;-0,002312205;-0,011716377;0,010828478;-0,047566334;-0,006627953;-0,015097785;-0,006264717;-0,012810762;-0,006151311;0,050386439;0,003571149;0,036401519;-0,003376117;-0,012455574;0,002300171;-0,026183899;0,007920867;-0,0514707;0,003938673;0;0,01519335;0,005536224
2022-08-01;-0,010428646;0,016004489;0,004284926;-0,047619036;-0,008062198;-0,01983803;0,016548414;0,00458004;-0,015915035;-0,055328396;-0,007117417;-0,008028106;-0,005606704;0,020420342;-0,002294893;0,001977013;0,015062172;0,05426369;-0,005706245;0,004424811;-0,049886468;-0,009111617
2022-08-02;0,009367556;-0,011085023;0,014933308;0,029268231;0,013453095;-0,006439651;0,006976857;0,001519907;0,009433888;-0,001154095;0,013440979;0,004770744;0,01065121;0,01000604;0,017210971;0,00907667;0,007741821;-0,003676514;0,017934146;-0,008810699;0,029355618;0,011122524
2022-08-03;0,008120882;0,023008673;0,010509719;0;0,00691366;0,0333334;0,036181716;-0,024279358;0,02981762;-0,00144423;0,00265249;-0,005128095;0,007167356;0,036130484;0,015846476;0,066092843;0,003201109;0,08118078;-0,009161356;0,057777836;-0,012520293;0,003995666
2022-08-04;0,023014745;0,065744103;0,050961954;0,056872106;0,018950768;0,066308426;-0,002971987;-0,016329673;0,060933372;-0,015331177;0,029100642;0;0,024277755;0,032620891;0,018384197;0,03631706;0,027866398;0,139931717;0,024537621;0,050420307;-0,011505122;0,020399904
2022-08-05;0,013498415;0,01623381;-0,014844084;-0,017937221;0,018598452;0,014285623;-0,008941724;0,031620582;0,016637631;0,035546388;0,002570665;0,010309194;0,018798687;-0,00925933;0,012035258;-0,027610375;-0,003932048;-0,053892185;0,000694162;0,015999556;0,008313466;0,005477279
2022-08-08;0,013318542;0;0,00803612;0,003424732;0,031489569;0,031482945;0,015037553;0,039080508;0,008928931;0,016453953;0,018803661;0,008673378;0,012434559;-0,004397844;0,003242895;0,001091944;0,003324351;0,034810113;0,031217598;0,015748264;-0,011778422;0,018126831
2022-08-09;0,018620097;-0,031949029;-0,003487737;0,020477786;0,01667537;-0,016064162;0,011851755;-0,059734557;-0,020917326;0,022048481;0,021811715;0,00050582;0,026148984;-0,004969519;0,014547358;-0,023272901;0,000828357;-0,058103911;-0,005045427;-0,011627885;0,018593511;0,002297006
2022-08-10;0,005376226;0,038503936;0,050500025;0,015607495;0,008579458;0,009795877;0,027086485;0,006274548;0,071076498;0,006280709;0,003284063;-0,003033452;0,018532889;0,029411677;0,01593204;0,041325329;-0,007242009;0,068181749;0,037187282;0,035294492;0,030189761;0,014587993
2022-08-11;-0,003208379;-0,021716144;-0,033317509;0,026344792;0,044283222;-0,017785007;-0,030648671;0,073265759;-0,000383602;-0,036634967;-0,002454718;0,002028477;0,001516251;-0,02533694;0,008364129;-0,026099286;-0,021258801;-0,075987857;-0,017926985;-0,01136393;0,000681338;-0,004699009
2022-08-12;0,012875181;0,030319375;0,035942934;0,017112299;0,056540481;0,078189307;0,041176538;0,021786492;0,003453498;0,014084507;0,018867844;0,026821804;0,012111755;0,059734481;0,012441823;0,016519932;-0,001277494;0,177631623;0,025555837;0,034482692;0,037457413;0,027762081
2022-08-15;0,00105953;-0,001576227;0,001901082;-0,024185082;-0,025170237;0,007633749;-0,014830619;0,002132181;0,010325159;-0,048611111;-0,008856554;-0,025135474;0,008601853;-0,001043765;-0,005120486;0,033947155;0,037952919;0,1284917;-0,018122923;0,014815029;-0,035667338;0,002376645
2022-08-16;0,004232747;-0,003158114;-0,00379495;-0,003232828;0,004884827;-0,006060635;-0,015770639;0,019148876;-0,004920441;0,001459832;0,003248973;0,026289052;0,011494013;-0,020898614;0,014410137;-0,019909299;-0,004930232;0,027227655;0,008239977;-0,025547631;0,014976217;0,004246585
2022-08-17;0,001053682;-0,003167808;0,012857086;0,012972918;-0,009027438;-0,019054907;-0,002184899;0,007654856;0,002662502;0,004664719;0,056680286;0,021182318;0,002565715;-0,009605325;0,001522467;-0,014611531;0,023947237;-0,031325294;-0,0052305;-0,007490798;0,016990681;0,00172669
2022-08-18;0;-0,008474541;-0,000940358;-0,01921022;-0,023125896;-0,001553967;0,002189683;0,015686864;-0,005690643;-0,004062664;-0,014559171;0,00048246;-0,002924847;-0,010236991;0,006079164;0;-0,003629022;0,002487536;0,01347354;-0,026414978;-0,029896652;0,000923418
2022-08-19;-0,004268907;-0,011217878;-0,019764674;-0,015233867;-0,018412274;-0,026459228;-0,01165314;0,025499604;-0,014116572;-0,017773911;-0,003110566;-0,002410879;-0,011997588;0,016875139;-0,012587887;-0,018806406;-0,025293481;-0,062034751;-0,032101204;0,003876107;-0,021980474;-0,020357956
2022-08-22;-0,008510684;-0,014046353;-0,017762834;-0,022099391;0,010231611;-0,016786674;0,000736914;-0,023521506;-0,017027815;-0,026994953;-0,001560019;-0,020782972;-0,011261406;-0,030513689;-0,01376889;-0,020641283;-0,012248134;0,010582017;-0,030150656;-0,011583205;0,012511524;-0,008924087
2022-08-23;0;0,007122908;0,008308889;0,097175049;0,020597216;0,01056918;0,010309274;0,011011721;0,018897583;0,009146318;0,004687603;0,017275382;0,002657474;0,016565305;0,007239002;0,016183664;0,000630424;0,086387461;-0,005181366;0,007812559;0,042791845;0,021321074
2022-08-24;-0,003218656;0,009793423;0,011148913;-0,036045382;-0,016618465;0,002413332;0,034256438;0,056501082;0,008887126;-0,003021102;-0,000777466;-0,011159693;0,004165625;0,011950219;-0,005646866;0,008518623;-0,002730542;0,084337321;-0,000347311;-0,003875889;0,033355232;0,000363292
2022-08-25;0,009687685;-0,002693867;-0,004314491;-0,007478537;0,023757076;0,024879806;-0,009866023;0,034793727;-0,008808841;0,00515146;-0,017120917;-0,014229585;0,012443315;0,002146848;0,007227589;0,013587809;-0,014532395;0,039999976;0,005557593;0,038910467;0,016988797;0,005615688
2022-08-26;-0,003198422;-0,027552771;-0,022147429;-0,066738457;-0,005023795;-0,026624905;-0,001423476;-0,002490568;-0,020479016;-0,019595953;-0,024544562;-0,020905771;-0,005959121;-0,013926048;-0,003587863;0,007246273;-0,009403755;-0,021367488;-0,004835999;-0,011235619;0,009605448;-0,010860374
2022-08-29;-0,006416836;-0,003888996;0,017725315;-0,051903102;0,020677984;-0,007240604;0,007127525;0,000624229;0,017357033;0,009225069;-0,005682187;-0,007626073;-0,003372007;0,028788836;0,003600782;-0,009712276;0,006688349;-0,013100494;-0,015272517;-0,018939635;0,00330913;0,000213715
2022-08-30;0,005381958;-0,0200779;-0,025157246;-0,02068125;-0,002826732;-0,012155718;-0,016277446;-0,019338702;-0,000775614;-0,024984756;-0,028571083;-0,015880961;-0,004511507;0,007391568;-0,003075349;-0,005085208;-0,013287544;-0,002212366;0,000705002;-0,023165761;0,000206072;-0,016844279
2022-08-31;-0,020342566;0,000569091;-0,008436718;-0,003726724;-0,01511958;-0,027891546;-0,026618647;-0,017175627;-0,012417586;-0,048437476;0,016806417;-0,019781402;-0,025302219;-0,037735768;-0,025192916;-0,033589041;0,001520255;-0,053215014;-0,003522306;-0,019763097;0,001648827;-0,008222329
2022-09-01;0,003673668;0,002275337;-0,015515598;0,017456327;0,015351692;0,021097081;0,007391084;-0,017475785;0,011001934;-0,000656829;0,001653012;-0,012214547;0,015417546;0,01307215;0,008438851;0,003778044;0,015181079;0,023419061;0,003181333;0,040322425;0,011934173;0,008053103
2022-09-02;0,015283901;0,021566361;0,001016849;0,013480472;0,004724459;0,044628093;0,005135607;-0,010540136;0,01010503;0,068353533;-0,000825183;-0,002150477;0,013746023;0,011827863;0,010940504;0,004892661;-0,006408869;-0,025171465;0,06448194;-0,003875889;-0,011793428;0,00415742
2022-09-05;0,011827881;0,019444387;-0,006602391;0,007255045;-0,021161611;0,016614027;0,004379606;0,00599203;0,017699185;-0,00246072;0;0,015086144;0,016195676;0,009564149;0,002071449;0,0101125;-0,001290042;0,014084358;0,022840121;0,023346477;0,013168788;0,012077861
2022-09-06;-0,017003128;-0,027248053;-0,037321011;-0,02521007;-0,048042113;-0,035797794;-0,025436077;-0,020516243;-0,024574775;-0,020043158;-0,020644305;-0,007430896;-0,009266375;-0,02157885;-0,0062013;-0,034853696;-0,027771815;-0,074073921;-0,019740984;-0,026616269;-0,011982308;-0,021737387
2022-09-08;0,002162222;0,016806837;-0,013807761;-0,003694534;-0,00428965;0,049233254;-0,005219942;-0,021621661;0,011627915;-0,039962254;0,026138696;-0,02245987;-0,007108198;-0,016137653;-0,005719862;-0,000384085;0,001328702;0,072499901;-0,002641256;0,042968856;-0,03124342;0,001384789
2022-09-09;0,006472311;0,038016607;0,016693572;0,038318865;0,027622624;-0,00384611;0,012743606;-0,015193309;0,007662733;0,013110443;-0,00246505;0,021334759;0,007912832;0,006560768;0,013598108;0,03189851;0,002653589;0,020979009;0,007944543;0,014981385;0,03119028;0,02168929
2022-09-12;0,018220896;-0,004246455;0,01536029;0,016666637;0,015536777;0,023165927;0,007401864;0,011921416;0,026996343;0;-0,004118707;0,015532952;0,012336193;0,023900084;0,009803388;0,020856536;0,016982814;0,093607342;0,044334722;0,01845001;0,000822997;0,009857524
2022-09-13;-0,013683932;-0,019189782;-0,036515536;-0,040983625;-0,016776934;-0,027924442;-0,019838273;-0,023561941;-0,023694937;-0,039145878;-0,030603816;-0,011603438;-0,010339287;-0,013262359;-0,007664816;-0,006931665;-0,014096655;-0,018789133;-0,037421119;-0,010869342;-0,048314059;-0,023040906
2022-09-14;-0,001067309;0,008152197;0,011911282;-0,031745941;0,000994983;-0,007764223;0,000749619;-0,02413065;0,002654584;-0,028282833;-0,008532269;0,009071554;-0,003731423;-0,004838741;-0,004634078;0,005878075;-0,001979853;-0,048936224;0,000326637;0,040293129;0,013393788;-0,002229363
2022-09-15;-0,001068716;-0,008086276;-0,046548995;-0,018915527;-0,010184;-0,017214105;-0,036704147;0,007999967;-0,000756467;-0,010741558;-0,009466645;-0,002644189;0,002621342;-0,025932076;-0,003621301;-0,021183378;-0,014987805;-0,029082769;-0,019921705;-0,007042304;-0,005968836;-0,005364234
2022-09-16;-0,007486439;-0,001086968;0,004489314;-0,016709496;-0,011292259;-0,01433115;-0,009331269;0,023088066;-0,003784961;0,006304739;-0,011294602;-0,025450758;-0,003361227;-0,009983356;-0,011422713;-0,015671724;-0,018124907;0,027649891;0,015661462;-0,092198853;-0,003431376;-0,006129836
2022-09-19;0,030172527;0,015234178;0,019553098;0,052287583;0,019796579;0,067851085;0,021193091;0,009872987;0,010638107;0,034806823;0,028119692;-0,00272029;0,037480555;0,033053185;0,025735275;0,012888661;0,006380955;0,022421387;0,003937118;0,097656331;0,008177339;0,023279649
2022-09-20;0,028242452;-0,009110429;0,012602743;-0,027329225;0,015181941;0,031769837;-0,0023059;-0,004888196;0,025188038;-0,007736278;-0,002564073;0,013093288;0,033237449;0,011388269;0,032257889;0,003742508;-0,00317015;-0,021929693;0,017320091;-0,021352074;0,001067235;0,006197239
2022-09-21;-0,005086315;0,020551611;-0,007575745;-0,01277136;-0,007109347;-0,023460057;0,001540904;-0,021052652;-0,051705121;-0,012542401;-0,004284413;-0,023694188;-0,010489535;0,021447766;-0,00595182;0,02982843;0,006360562;0,065022332;0,001606106;-0,00363639;-0,001492512;-0,005163664
2022-09-22;0,021472345;0,030206621;0,044165787;0,007761933;0,018271519;0,009009134;0,027692163;-0,010752699;-0,00116015;0,024030236;0,026677863;0,020959703;0,020141159;0,018657058;0,022953543;0,03005075;0,040632144;-0,031578897;-0,005452126;0,087590956;0,057228203;0,019064465
2022-09-23;-0,023023115;0,017489898;-0,046997431;-0,023106515;-0,012366494;0,002461072;-0,05838317;-0,026086892;-0,017034489;-0,038887021;-0,007543754;-0,027012286;-0,019743502;-0,027821357;-0,019512231;0,004217848;-0,003253787;0,00652167;-0,01418901;0,01006719;-0,026257366;-0,020636451
2022-09-26;-0,020491603;-0,019211705;-0,029589135;-0,045992133;-0,041738441;-0,038834895;-0,03736102;-0,016369057;-0,05789671;-0,036623622;0,018431662;-0,00166575;-0,021555099;-0,032937357;-0,017910372;-0,028001088;-0,030903103;-0,032397453;0,001445379;-0,023255615;-0,045426132;-0,023291203
2022-09-27;-0,01046019;0,007732469;-0,014680867;-0,008264499;-0,012554317;-0,009324059;-0,010734934;0,000756283;0,020903081;-0,012309925;-0,08614888;0,003337059;-0,005778302;-0,035175914;-0,006078716;0,006841713;-0,028744652;-0,066964283;-0,017010209;-0,040816336;-0,013037864;-0,006763568
2022-09-28;0,003171027;0,017391061;-0,013180519;-0,001388871;0,000259365;0,007843278;-0,010851149;-0,036281092;0,016789403;-0,01502932;-0,013863099;0,00332596;-0,000363424;0,005208201;0,000509399;-0,005591001;-0,014104141;0,035885325;0,008984978;0,039006978;-0,006825234;0,000692035
2022-09-29;0,0126448;-0,023127207;-0,009872234;-0,026425611;-0,005447552;-0,019455432;-0,021097148;0,004705871;-0,017720364;-0,030889464;-0,011246647;-0,016574527;0,014898654;-0,032239415;0,007641057;-0,024972823;-0,003986924;-0,064665265;-0,005936369;-0,027303573;-0,037685639;-0,007256733
2022-09-30;0,012486992;0,024189532;0,019354781;0,07428572;0,004694915;0,035714331;0,011206805;-0,021077272;0,017219992;0,007680447;0,019905457;0,019662724;0,004654196;0,026174917;0,003034163;0,033778793;0,011773156;0,10617283;0,066356681;0,031578879;-0,002764113;0,022040794
2022-10-03;0,07091499;0,05628152;0,06156506;0,026595747;0,076324035;0,06360139;0,080136405;0,027910851;0,062071698;0,046874983;0,106877132;0,032506994;0,060895882;0,076521652;0,069051494;0,081508231;0,066325362;0,095982234;0,044804139;-0,003401481;0,006236842;0,055408635
2022-10-04;-0,009597271;-0,001903082;-0,009756019;0,023316097;-0,05378685;0,043227751;-0,008681942;-0,026377101;0,006451695;0,012741186;-0,050377821;-0,002668176;0,001680464;-0,002692378;-0,000519758;-0,00464828;-0,02553463;0,036659855;-0,010124979;0,020477679;-0,023186383;0,000826631
2022-10-05;0,002907499;0,007626165;-0,020251879;-0,001265872;0,016058875;0,017265207;-0,003980947;-0,011155543;0,004902125;0,003235088;-0,022988607;0,012841091;0;-0,002699923;0,010859118;0,020013391;-0,012766019;0,005893848;0,012935669;-0,023411172;-0,010105779;0,008328315
2022-10-06;-0,00483141;-0,001891944;0,018994512;-0,001267411;0,017812569;0,006788842;0,005595654;0,013698667;0,013883576;0,006449312;0;-0,005811128;-0,018120756;-0,00920409;-0,020550933;0,022563655;0,03380205;0,048828137;0,001782365;0,068493074;0,011870907;0,003097322
2022-10-07;-0,006796103;-0,004739386;-0,087171102;-0,025380712;0,002218456;-0,002022919;-0,015103215;0,007154237;-0,025536662;-0,024207914;-0,025339261;0;0,00205023;0,004371684;-0,023843718;-0,012471847;-0,003072156;-0,011173151;-0,011266227;-0,003205242;-0,010323798;-0,01008838
2022-10-10;-0,001954845;0;-0,07507509;-0,0039062;-0,014510722;0,002702766;0,003228383;0,041831062;-0,003797978;0,01751184;0,005571111;0,030818815;-0,010572457;-0,019586497;-0,015144132;-0,004857625;0,010785731;0,001883219;0,027586487;0,003215548;0,060455221;-0,003729323
2022-10-11;-0,012732599;0,001428586;0,016883127;0,011764622;-0,023957783;-0,033018823;0,002413408;0,003787856;-0,000381262;0,204015868;-0,016620647;-0,005670203;-0,006894299;-0,035516255;-0,002480025;-0,025382175;-0,008057312;-0,028195529;-0,010796457;-0,012820338;-0,010731136;-0,009608335
2022-10-13;-0,005952462;-0,008083662;0,023627129;-0,007751905;0,006903374;-0,031359072;-0,018459182;0,066415222;0,007246336;0,119714009;-0,015962381;0,017625528;-0,005900688;-0,014384207;-0,014420796;-0,025709907;-0,012074737;-0,048355826;-0,012684626;-0,016233974;-0,008361681;-0,004589513
2022-10-14;-0,003992043;-0,015340864;-0,021210276;-0,037760402;-0,005586506;-0,000719267;-0,013082478;-0,0636944;-0,006058135;-0,045744614;-0,020992452;0,000509359;0,000348821;-0,026269857;-0,006559174;-0,02193268;-0,024444346;-0,111788711;-0,018225266;-0,033003267;-0,00478583;-0,019492563
2022-10-17;0,01102214;0,00925069;0,030592766;-0,012178603;0,008426678;0,018718513;0,029826134;0,029478663;0,021714081;-0,035395775;0,045809139;0,033095841;0,008028022;0,028777173;0,007110602;0,019271297;0,048974871;0;0,022824302;-0,003412899;0,018090359;0,01384824
2022-10-18;0,019821409;0,003859068;0,014842222;0,027397261;0,011648642;-0,010600897;0,056315252;0,030836924;0,018269917;0,007223346;0,039142513;0,012814198;0,024584596;0,061188821;0,007563756;0,013062903;0,021064035;-0,011441631;0,028265349;0,020547711;0,018668481;0,018649229
2022-10-19;0,009718361;0,001922173;0,003046891;-0,020000018;0,042553249;0,017857236;0,003808125;-0,004273568;0,003295583;-0,001147473;-0,00896871;-0,005839383;0,00033791;0,00219661;0,004505028;-0,004071998;0,007230977;-0,030092485;0,002604092;-0,026845557;0,005740766;0,00458775
2022-10-20;0,020211618;-0,004316479;0,006075395;0,02993201;0,046818879;-0,01754395;-0,001517521;0,012160261;0,006204381;-0,011774838;0,017194658;0,006852639;0,015540634;-0,002739937;0,01145976;-0,02248722;0,0101352;-0,02386631;0,0002888;0;0,000439116;0,007714536
2022-10-21;0,026414961;0,02312106;0,032608677;0,031704096;0,024770832;0,045000155;0,031914966;0,012720816;0,036996669;0,003487327;0,024911014;0,003402902;0,033266745;0,014285776;0,02118218;0,012896484;0,023620487;0,014669881;0,015580015;0,0068967;0,002413918;0,023538248
2022-10-24;-0,038602713;-0,017419816;-0,010526231;-0,028168981;-0,100268831;-0,040327951;-0,031664274;-0,005582632;-0,020636437;-0,022878573;-0,008680397;0,015019595;-0,045395786;-0,041170026;-0,042450363;-0,016173433;-0,019808107;-0,016867614;-0,007954937;-0,013698922;-0,021672629;-0,032652653
2022-10-25;-0,005735819;-0,003833181;-0,033687928;0,005270024;-0,017164295;-0,013532944;-0,041064637;-0,032982507;-0,015000069;-0,009187948;-0,023642856;0,003818508;-0,008094965;-0,018079216;-0,006045691;-0,019237681;-0,018750129;0,051470709;0,003723155;0,027778086;-0,02662788;-0,011955557
2022-10-26;-0,025961565;-0,027898323;0,008562614;-0,023591123;-0,035434039;-0,04837536;-0,031720858;-0,028301855;-0,045685187;-0,016153183;-0,037668089;0,006181551;-0,021420765;-0,035673097;-0,043588475;-0,026033995;-0,037367265;-0,088578094;0,083594623;-0,043918955;0,024827732;-0,016244133
2022-10-27;0,025666052;0,033152383;-0,001212942;0,029530239;0,012595484;0,053110583;0,055692139;-0,006721456;0,036854094;-0,003040391;0,041006412;-0,007088759;0,018415356;0,049522639;0,018548129;0,036250495;0,049625112;0,079283968;0,02238032;0,067137806;0,012337298;0,016645383
2022-10-28;0,00096277;-0,004310503;-0,007893021;-0,041720993;0,005959579;0,021614147;0,007757973;0,015037661;0,004763578;-0,007624275;0,016114474;0,041884791;0,007847343;-0,001705617;0,005723112;0,020494769;0,017440651;0,037914608;-0,009271132;0,052980243;-0,000443266;-0,000889734
2022-10-31;0,032691838;0,045213955;0,031823763;-0,016326531;-0,046367503;0,060648652;0,032332465;0,013333299;0,055433984;0,035955689;0,001762083;-0,012334591;0,029113113;0,039294098;0,027418558;0,069944368;0,028913561;0,020547933;0,047049194;0,034591269;0,018621279;0,013078515
2022-11-01;0,001862171;0,004601982;0,043297801;0,038727598;0,023770963;0,005318987;0,043997066;0,007309898;0,002764332;-0,022248592;0,034301165;0,013050388;0,002555646;0,041095896;0,005538812;-0,013915731;-0,005419496;0,020134217;-0,021598441;0,00607873;0,03025014;0,007687203
2022-11-03;-0,00185871;0,019239674;0,02842506;-0,007989451;0,020844087;0,017195922;0,017857074;-0,002177025;-0,004479747;-0,021844582;0,005952229;0,021455264;-0,007222911;0,016315778;-0,017092925;0;0,022603399;0,067982527;0,020045689;-0,021148024;-0,006125785;-0,000282223
2022-11-04;0,002793721;0,006292201;0,033720434;0,076510126;0,01473241;0,01430424;0,004210646;0,046545388;0,017999476;0,033808936;0,002535671;0,008219238;0,003637449;0,00983941;-0,010709302;-0,042336985;0,017762028;-0,008213649;0,014925292;-0,009259328;0,014877719;0,010770257
2022-11-07;-0,017641807;-0,048682745;-0,040641765;-0,049875313;-0,034895476;-0,019230771;-0,052410927;-0,025017384;-0,032982042;-0,029703019;-0,029510801;0,005434782;-0,022734396;-0,054358906;-0,032989524;-0,03118552;-0,053713367;-0,060041336;0,002450933;-0,087227283;-0,059895364;-0,02380771
2022-11-08;0,002835342;0,002817154;0,016165008;0,015747964;0,004750869;0,001960777;-0,002212452;0,04347839;0,00668062;-0,021954267;0,009556946;0,024324143;-0,003034648;0,004880639;-0,009594951;-0,015917951;0,003688514;0,019823777;-0,002444941;-0,017065068;-0,004232323;0,007091953
2022-11-09;-0,041470281;-0,012640582;-0,015907857;-0,018087757;-0,026530392;-0,005870961;0,002217358;-0,021174963;-0,016765438;-0,055327222;-0,022375314;-0,007475688;-0,048021571;-0,006476097;-0,173842604;-0,014018855;-0,011841476;-0,034557258;-0,004901866;-0,027777599;-0,010067236;-0,022210744
2022-11-10;-0,024582088;-0,092460914;-0,032329903;-0,042105263;-0,019697675;-0,126640203;-0,023598787;-0,041870172;-0,071758634;-0,032797844;-0,053696943;-0,00221532;-0,018827678;-0,066811424;-0,02931629;-0,083849583;-0,070248036;-0,109619636;-0,033743951;-0,05714258;-0,013333469;-0,033500616
2022-11-11;-0,019758006;-0,049634001;0,042626703;0,105769213;-0,02229583;-0,054846104;0,054380628;0,104879867;-0,017604358;0,103114172;0,012092938;0,055506203;-0,032222666;-0,009313216;0,016778708;-0,024273724;0,001555681;-0,130653291;0,019373004;-0,056818374;0,020384927;0,022573446
2022-11-14;0,012443358;0,006596645;-0,02044209;-0,027329225;0,024774951;-0,008744008;-0,017191992;-0,018457481;0,022594776;-0,022898355;-0,004595549;-0,010517523;-0,002993335;0,002350117;0,000660275;0,027324513;0,008874993;0,04624274;0,016753907;-0,012048281;-0,002244732;0,008088871
2022-11-16;-0,017876896;-0,057891712;-0,037788988;0,003831434;-0,031593599;-0,005613366;-0,061224545;-0,092679696;-0,063619158;-0,031781694;-0,032317723;-0,018707558;-0,014259111;-0,028135954;0,003297915;-0,043271175;-0,036727476;-0,080110521;-0,047958591;-0,024390083;-0,020472417;-0,025786269
2022-11-17;0,004550596;-0,013333132;0,002344594;0,006361241;-0,021276529;-0,060483998;0,019409949;-0,045151794;-0,025630755;-0,016246677;-0,022900438;-0,030762272;0,006090746;0,012062807;0,021696137;0,006224005;0,000456487;0,018018098;0,02170003;-0,020833543;-0,000918708;-0,00489827
2022-11-18;0,009059963;0,022326768;-0,002923946;-0,041719331;-0,003477915;0,018883962;0,000761525;0,025581374;0,04467653;-0,012470537;0,009765347;-0,009834578;0,00794573;0,023241822;0,004504514;-0,00041236;0,004792419;-0,070796504;-0,006826923;-0,0382978;-0,007816035;-0,007502074
2022-11-21;0,001302438;0,053448216;-0,01642226;-0,023746602;0,0238511;0,015164591;0,006088314;-0,017384598;0,009992083;0,005802051;0,075435245;-0,03476308;0,003003129;0,005824188;-0,007046507;0,035891165;0,036111643;0,073015887;0,005346363;0,022124057;0,011121429;0,007972079
2022-11-22;-0,007891484;-0,015275599;0,002981484;0,039189102;-0,010330548;-0,004979503;0,024962224;-0,020769298;-0,043134131;-0,005429245;-0,002697925;0,0023385;-0,016467274;-0,022582534;-0,003870855;-0,016328218;-0,001534251;-0,011834327;-0,014940287;-0,004329096;-0,005499552;-0,006478478
2022-11-23;-0,006817908;-0,010526557;-0,020214015;-0,002600747;0,01233825;0;-0,023616205;-0,016496383;0,019851146;-0,006482382;-0,010820538;-0,010265962;-0,010273876;-0,028435981;-0,007124424;-0,019433187;-0,007244766;0,011976056;0,001027699;0;0,008525513;-0,003246604
2022-11-24;0,033180697;0,040313784;0,037621314;0,016949137;0,01625094;0,055879709;0,057445143;0,031948856;0,049067193;0,005151086;0,040109371;0,003771889;0,035755539;0,054268399;0,020221678;0,055739122;0,034940161;0,065088866;0,021058218;0,030434761;0,033584464;0,028964972
2022-11-25;-0,022148471;-0,040904437;-0,018128575;-0,024358926;-0,023129699;-0,048182844;-0,056468995;-0,018575885;-0,048318562;-0,010591096;-0,024539859;-0,02583367;-0,03526361;-0,048004663;-0,018542104;-0,062573223;-0,031410172;-0,050000028;-0,016599616;-0,037974607;-0,010831193;-0,025520652
2022-11-28;-0,007927739;-0,008978374;0,011316214;-0,043363978;0,018123313;0,002489528;0,009848571;-0,009463781;-0,009341781;-0,01035909;0,001796912;-0,010607435;-0,018084266;-0,025516454;-0,001302922;-0,044222113;0,00860355;-0,029239783;-0,040920575;-0,039473663;-0,008268062;-0,001789368
2022-11-29;0,003424863;0,031143684;0,01707899;0,060439489;0,012058538;0,038907235;0,030757686;0,020700697;0,023779952;0,018841623;0,0233184;-0,019006325;0,008621081;0,019950097;0,011741595;0,002182612;0,017497828;0,012048133;0,005600026;0,02739701;0,008787685;0,01956206
2022-11-30;0,010238667;-0,016474509;0,044007006;0,012953469;0,000851076;0,014342922;0,033478861;-0,024960963;0,002803419;-0,036301416;0,006135073;-0,026825508;0,010101074;0,010391248;0,004513393;0,00827515;0,021066212;0,014880995;0,034208415;-0,00444454;0,002456988;0,01420972
2022-12-01;-0,014279735;-0,027917199;-0,031059515;-0,044757181;-0,001133758;-0,025137628;-0,01338025;-0,048800057;-0,007587818;-0,012793131;-0,018292817;0,007146729;-9,03182E-05;-0,02056876;-0,011553352;-0,031533286;-0,029473755;-0,090909115;-0,017692481;-0,017856777;-0,015374336;-0,013868393
2022-12-02;0,004581946;0,021251901;0,008013841;0,005354891;0,022417782;0,023368166;0;0,010933633;0,029778715;0,00899928;0,007985701;0,008616041;0,013471641;0,009264981;-0,000716882;-0,004906535;-0,045770067;0,045161248;0,009136148;0;0,007015145;0,008996989
2022-12-05;-0,021664697;-0,035995487;-0,024985843;0,010652463;-0,023036201;-0,043307102;-0,03497489;-0,014143044;-0,045720875;-0,044238307;-0,03257022;0,013065417;-0,029244126;-0,044063708;-0,03708523;-0,077991814;-0,022504955;-0,049382613;-0,027418554;-0,036364026;-0,024269676;-0,022542082
2022-12-06;0,006992769;0,015752863;-0,005241717;0,034255497;0,010227008;0,002469127;-0,003698275;-0,02616046;-0,004504641;-0,0074655;0,015468368;0,027281955;0,0230827;0,005762026;0,023648642;0,050558988;0,005813869;0,012986948;0,002925609;0,028302168;0,009442768;0,00120657
2022-12-07;-0,003472321;-0,001148981;-0,028103074;0,001273935;-0,002249526;0,005747194;-0,003712085;0,018197664;-0,016454088;-0,019556241;0,014337274;-0,001931476;-0,007266376;-0,007638497;-0,011221336;0,019898012;0,015491118;-0,057692345;-0,011933387;0,009174444;0,007072895;-0,001570303
2022-12-08;-0,027874492;-0,036802745;-0,006626486;-0,036895659;-0,012683316;-0,041632767;-0,043964122;-0,011914981;-0,040568705;-0,04718065;-0,029152056;-0,016932868;-0,0350532;-0,034637695;-0,028704879;-0,041288604;-0,020946891;-0,034013553;-0,001610298;-0,036364026;-0,026280247;-0,019348762
2022-12-09;-0,001771563;-0,006567234;0,009096328;0,033025151;-0,001427689;0;-0,014029674;-0,003445267;-0,000871974;0,009661826;0,008189157;0,038878159;-0,009518596;-0,007973476;-0,017181938;-0,01845692;-0,007674498;-0,014084516;-0,002687896;-0,009434034;0,028385389;0,004140053
2022-12-12;-0,007343903;-0,024639332;-0,013221055;-0,014066512;-0,034019025;-0,024701788;-0,024505903;0,025064745;-0,049738033;-0,004784722;-0,044223861;0,00710573;-0,009453429;-0,022102934;-0,011188955;-0,013018335;-0,015936279;0;-0,027762784;-0,047619013;-0,01493217;-0,022518549
2022-12-13;-0,033292462;-0,027726363;-0,029841607;-0,033722538;-0,04737643;-0,005240156;-0,014586768;-0,000843007;-0,042700101;0,014823752;-0,020774122;-0,039040555;-0,037759605;-0,021232863;-0,029703093;-0,026868663;-0,001190826;0;-0,007762603;-0,014999554;-0,030546568;-0,013033896
2022-12-14;0,01913279;0,014575491;-0,001883309;0,055033614;-0,024795836;0,034240439;0,018092319;0,017721517;0,031175204;-0,005132221;0,019286332;0,007831597;0,004312523;0,005598268;0,021137357;0,026606469;-0,002861223;-0,060714285;0,035484362;0,050761288;0,063255088;-0,000856659
2022-12-15;0;0,001873922;-0,005031484;-0,041984718;0,028323165;-0,021222429;-0,031502515;0,024875471;0,015814056;-0,048015911;0,006622441;-0,006314075;0,005581202;0,001391753;-0,012134236;-0,024938942;-0,014347163;-0,011406809;0,000539813;-0,004830885;0,00846698;-0,000626186
2022-12-16;0,007509439;-0,008104749;-0,007585295;-0,023904417;0,020344008;-0,014744188;-0,016680521;0;-0,040293116;-0,059608183;0,029135221;-0,013684963;0,011101878;-0,009729088;-0,001445164;-0,025075247;-0,00679273;-0,088461549;0,009978616;-0,04368923;0,015908053;-0,008801018
2022-12-19;0,032298241;0,00879944;0,031210269;-0,061224475;0,01073626;0,064260723;0,030534285;-0,005663431;0,05904754;-0,003989369;-0,021004678;-0,026759165;0,029983002;0,038596685;0,027496539;0,048353972;0,017342474;0,101265885;0,019369869;0,040609002;-0,031752784;0,016581571
2022-12-20;0,009626904;0,038629172;0,032118545;0,02173915;0,02579673;0,043837816;0,027160451;0,02034179;0,031378059;0,043168725;0,031716854;0,009164834;0,010660236;0,015540578;0,035915445;0,042198029;0,018967463;0,080459687;0,008131876;0,034146044;0,021563187;0,023428681
2022-12-21;0,001191845;-0,002399475;0,005984439;-0,002836916;0,009467696;-0,004754256;-0,002403739;-0,023126008;0,022927578;0,005546039;-0,001808641;-0,014013121;0,004056418;0,031270677;0,008157447;-0,017419738;0,003770052;-0,074468014;-0,000780426;0,004717083;0,003078414;0,003122108
2022-12-22;0,004761967;-0,001804059;-0,00713857;-0,004267444;0,009085293;-0,019108383;0,012048093;0,007346963;-0,006034409;-0,019940574;0,010235326;0,005638068;0,002020803;0,01788005;0,003371768;-0,010541643;-0,000234673;-0,003831462;0,014062439;-0,004694937;0,009864152;3,72741E-05
2022-12-23;0,01658785;0,053012255;0,035949661;-0,011428572;0,024687837;0,08573693;0,019047724;0,022690353;0,062445583;0,028138511;0,012762009;-0,018348692;0,015725823;0,024057132;0,017473354;0,06909296;0,014087672;0,030769164;-0,011299295;0,023585085;-0,013891969;0,022186606
2022-12-26;-0,012820741;-0,021739425;-0,030075204;0,005780422;-0,001417261;0,005243338;-0,038162019;-0,025356461;-0,02489778;-0,019368383;-0,01350144;-0,006749557;-0,019849065;-0,032381029;-0,023778393;-0,053473483;-0,007640536;-0,007462692;-0,008052155;-0,0046082;0,015848523;-0,008751299
2022-12-27;-0,010625726;-0,035087473;0,008348166;0,008620653;-0,033210219;-0,035022225;-0,005668147;0,013821004;-0,023440919;0,027479578;-0,000912391;0,014636756;-0,005670482;-0,012467273;-0,004735989;-0,015934484;-0,026365004;-0,05263153;-0,004713074;-0,046296246;0,001916068;-0,003595799
2022-12-28;0,020286159;0,0424244;0,022472002;0,019942984;0,017909595;0,034748951;0,034201944;0,020048165;0,049721603;0,003343081;0,042392767;0,021638113;0,020366517;0,031229321;0,030591261;0,022571185;0,018691538;0,067460315;0,018153068;0,048543634;0,015253858;0,017443953
2022-12-29;-0,004678254;-0,011046626;-0,009832265;0;0,001730457;-0,014179239;-0,007086557;0,018867878;-0,02286662;-0,010412328;-0,002685835;0,006555877;-0,0019956;0,00193307;-0,000659538;-0,017274489;-0,009174287;0,018587248;-0,004909541;-0,018518784;0,006868438;-0,001868701
2023-01-02;-0,017626275;-0,042916101;-0,050233703;-0,018156408;-0,042326366;-0,068158822;-0,052339507;-0,020061707;-0,064772273;-0,022727311;-0,020646119;0,004509067;-0,019708288;-0,054662375;-0,026402682;-0,056152254;-0,036324792;-0,054744444;-0,010646548;-0,03301859;-0,02067777;-0,033217911
2023-01-03;-0,025119356;-0,042997563;-0,041205335;-0,011379801;-0,018641068;-0,033469433;-0,015899453;-0,028346388;-0,047810576;-0,032730416;-0,023831469;0,00947658;-0,02082476;-0,029932055;-0,049625243;-0,023797179;-0,018723594;-0,019305075;-0,024934502;-0,048780503;-0,016543459;-0,020775363
2023-01-04;0,008588776;0,009627678;0,007055718;0,020143923;0,012867589;0,007601259;0,023809608;0,038087495;0,031909948;-0,002226146;0,012206681;0,003952249;0,00291939;0,029453103;0,002857586;0,006359219;0,026864058;0,003937054;0,006729685;0,041025439;-0,01837091;0,011212872
2023-01-05;0,014598374;0,032422169;0,020382187;0,059238401;0,045674507;0,031014451;0,013288836;0,021077272;0,040641189;0,03034361;0,009276384;0,007382122;0,03118441;0,004768222;0,043447374;-0,01527098;0,001955949;0,043137239;0,002138858;0,009852429;0,009019132;0,020734046
2023-01-06;0,016786836;0,02894083;0,034956373;0,010652463;0,013885085;0,023577023;0,011475497;0,014525971;0,005719493;0,006063204;0;-0,007328025;0,017338824;0,006779746;0,027986337;0,036898183;0,000488006;0,03759401;0,014674506;0,01951227;-0,005586548;0,012258413
2023-01-09;0,007075261;0,024536397;-0,004825187;0,003952518;-0,009700723;-0,013502749;-0,003241287;0,006028647;-0,009623993;0,006887639;0,025735146;0,004428988;0,007134115;-0,008754209;0,012668844;0,002578532;0,007317053;0,025362295;-0,002892609;0,009568911;-0,008314686;0,003592561
2023-01-10;0,021077518;0,031542111;0,033333358;0,036745408;0,016998149;0,035426951;0,034146145;0,007490592;0,053886946;-0,014536133;0,005376484;-0,007839374;0,019284144;0,011548913;0,030013923;0,029835479;-0,009685133;0,077738568;-0,009757162;0,047393398;0,01858158;0,015426589
2023-01-11;0,008027438;0,035673877;0,020527885;-0,006329163;0,014164174;0,045878561;0,03301877;0,077323492;-0,018440764;0,030802647;0,04099832;-0,021234407;0,017374822;0,010073959;0,019867525;0,039960004;0,045232111;-0,006557454;0,027962697;0,013574765;0,012235668;0,00767275
2023-01-12;-0,010239062;-0,015855824;0,01666668;0,003821673;-0,00642452;-0,005947847;-0,001522058;0,005520987;-0,028608221;0,006313115;-0,009417997;0,005045434;-0,014041889;0,003989361;-0,023376192;0,020172892;-0,008888729;0,052805391;-0,002331614;-0,017856777;0,007692209;0,001020016
2023-01-13;-0,008045894;-0,01888876;-0,031091148;-0,0088832;0,002249143;-0,015706879;-0,040396348;0,046671368;-0,02725264;-0,022166486;-0,012964408;-0,003012103;-0,005003536;-0,021854385;-0,003325054;-0,051789099;-0,01864525;0,075235085;0,011945061;-0,027272987;0,015049227;-0,008589791
2023-01-16;-0,017381095;-0,010758822;-0,026837638;-0,008962951;-0,001121948;-0,01595736;-0,019062594;-0,006557474;-0,041120725;-0,036783522;-0,009632334;0,00251757;-0,010832581;0,000677217;-0,030686871;-0,020357404;-0,018278211;0,12244899;-0,03284592;-0,028037199;0,010743484;-0,015353962
2023-01-17;0,015330236;0,012592878;0,035971152;0,025839863;0,058691411;0,00463312;0,029959444;0,004620531;0,049481669;0,019538127;0,030061972;0,014565713;0,020727889;0,03179964;0,006882246;0,010643679;0,018128606;-0,015584483;0,01645019;0,019230437;0,015306041;0,020382189
2023-01-18;0,00812991;0,003391716;0,002314861;0,023929423;0,014323225;0,005380338;0,015723314;0,011169474;0,020206469;-0,016550487;0,004291902;0,001980495;0,018007843;0,001311394;0,015037688;0,035606718;0,003368579;-0,060686027;-0,008352973;0,028302168;0,005234584;0,009090175
2023-01-19;0,001151941;-0,001689892;0,008083127;-0,007380106;0,022751479;-0,008409512;-0,003870022;0,003898693;-0,02948937;-0,02790076;-0,001709392;-0,007905475;0;0,003929273;0,00201999;0,007264188;0;0,070224674;-0,002105971;-0,009174315;0,002915926;0,004926546
2023-01-20;-0,012657869;-0,018058612;-0,044673505;0,027261497;0,024545916;-0,015420412;-0,019425116;0,003883485;-0,029931931;-0,022323538;-0,026541265;-0,022908456;-0,017689297;-0,013698549;-0,014112595;-0,012019332;-0,017266243;0,002624761;-0,015299298;0,004629534;0,013707356;-0,006238607
2023-01-23;-0,020979248;0;-0,041366974;0,00603141;-0,007486805;-0,009396938;-0,014262959;-0,035460982;-0,021505351;0,0093197;-0,014951376;-0,008664485;-0,030651486;-0,013889135;-0,04226337;-0,007786048;-0,002440243;0,057591718;0,001071491;-0,0046082;0,010448503;-0,005271547
2023-01-24;0,019047432;0,017241286;0,040024931;-0,008393239;-0,005028894;0,015019785;0,042604505;-0,01537442;0,013377662;0,056786683;0,018749889;0,006169507;0,009091062;0,036888252;0,010676276;0,044139332;0,018590983;0,086633518;-0,004281486;0,027777527;-0,003244039;0,011807464
2023-01-25;0,002336864;0,016384018;0,011425213;0,001209112;0,027293521;0,021027862;0,014649155;0,009504554;0,025931458;-0,010484918;0,027169158;-0,010730604;0,003525304;0,034281935;-0,007042186;0,020666873;0,024975986;-0,009111624;0,040580585;0,004504539;0,00650931;0,010324875
2023-01-26;0,004662064;0,006670114;0,000594512;0,037439631;-0,000492061;0,000762885;-0,000759872;-0,008069989;-0,004595768;0,003532006;-0,028156994;-0,004648811;-0,005855012;-0,002501563;0,002836905;0,004602177;0;-0,016091888;-0,01317153;-0,013452576;0,018593482;-0,000753098
2023-01-27;-0,023202237;-0,018773904;0;-0,013969733;-0,011075832;-0,031249962;-0,003041884;-0,017627168;-0,018005439;0,007479106;-0,016681202;-0,003113637;-0,021201438;0,003761677;-0,029702928;-0,026110861;-0,03233366;0,058411225;-0,007851482;-0,018181949;0,00535698;-0,014083026
2023-01-30;0,009501226;0,003376513;-0,026143774;0;0,015679523;0,012588536;-0,019832112;-0,018633458;-0,007992549;-0,007860275;-0,002678809;0,022904607;0,000401227;-0,009993755;0,005101837;-0,003292603;-0,0145277;-0,037527592;-0,014771915;0;0,020525016;-0,005457681
2023-01-31;0,003529437;0,010095451;0,018914011;0,007083734;-0,002695318;0,006992921;0,026459098;-0,016174495;0,027488352;0,026848619;0,025962421;-0,007633292;0,015637448;0,038485886;0,016678926;0,020764518;-0,001228676;0,016055081;0,023828879;0,101851755;-0,007928773;0,014693265
2023-02-01;-0,029308472;-0,006107979;-0,01257489;-0,014067876;-0,012039346;-0,003858078;-0,023502628;-0,002859153;-0,011992708;0,020145706;-0,003490299;0,008205074;-0,013130319;-0,030376671;-0,019258573;0,001386945;-0,020418221;-0,031602777;0,003922607;-0,012605077;0,003313896;-0,010825142
2023-02-02;0,004831159;0,015642493;-0,023044178;-0,059453125;-0,018900746;0,006971421;-0,008540303;-0,01577062;-0,038748859;-0,056722627;0;-0,034079599;0,009208014;0,020050047;0,015219049;0,005540096;-0,020592539;0,011654993;-0,009116806;0,021276814;-0,006800212;-0,021085812
2023-02-03;-0,009615246;-0,041254045;-0,013035485;-0,010113716;-0,006337137;-0,068461569;-0,034455815;-0,012381603;-0,025254967;-0,019153688;-0,02189154;0,017377575;-0,003570213;-0,038697715;-0,022237758;-0,069788799;-0,025640991;-0,016128966;-0,003417758;-0,070833613;0;-0,013144131
2023-02-06;0,001213452;0,02524376;0,004402572;-0,020434228;0,005612098;0;0,042984594;-0,005899792;0,001494673;-0,001362429;0,014324171;-0,011904674;0,000397915;0,038977795;-0,003668782;-0,002961402;0,0055263;-0,032786957;-0,008968493;-0,004484339;0,007238054;-0,000313393
2023-02-07;-0,010908989;-0,013989812;0,002504683;-0,01173408;-0,01369845;-0,01816674;-0,017107255;0,014836862;0,002985192;0,006366503;-0,031774035;0,009429055;-0,023079618;-0,020910283;-0,005890517;-0,021287243;-0,035069445;-0,019370473;0,002661448;-0,009008635;-0,003690138;-0,004942096
2023-02-08;0,084558503;0,018161238;0,011867599;0,003957869;0,023662444;0,019344039;0,045885958;-0,018274897;0,041170662;0,018526967;0,015496633;-0,001037833;0,082688409;0,031407033;0,048888739;0,016692058;0,0111202;0,04197542;-0,000265317;0,013636016;0,011306037;0,018180133
2023-02-09;-0,025988279;-0,02898535;-0,03827162;-0,023653122;-0,005276508;-0,038779008;-0,031013612;-0,023827297;-0,009528425;-0,016858964;-0,025134679;0,007792316;-0,024830805;-0,046285015;-0,02542371;-0,042288651;-0,021995803;-0,026066498;0,008497145;-0,022421317;-0,005397045;-0,01910231
2023-02-10;-0,01044116;0,00287009;0,005134761;-0,012113038;0,019701981;0,012875533;0,013270945;0,006102224;0,002405047;-0,004963926;0,009208139;0,008247097;-0,004629855;-0,016602888;-0,081884309;0,001558486;0,015633529;-0,029196993;0,016324362;-0,009174315;0,003488229;0,00340499
2023-02-13;0,024618993;0,004579259;0,002554265;-0,005449591;0,005697541;0,010169488;0,005392784;-0,016679157;0,02207301;-0,015419509;0,004562277;0,003578899;0,03527172;0,022077922;0,035517466;0,003112249;-0,010531856;0,035087686;-0,000518172;0,004629534;-0,002317439;0,006435506
2023-02-14;-0,006864953;-0,014245231;-0,019108277;-0,024657571;0,023399054;-0,040268624;-0,029118707;-0,020817418;-0,033333427;-0,049746659;-0,009082685;0,011053895;-0,012355236;-0,028589581;0,009145986;-0,032058303;-0,036844935;-0,016949083;-0,00570242;-0,018433252;-0,002322933;-0,010905316
2023-02-15;0,006912406;0,012716899;0,020129912;0,016853934;0,009145623;0,01311226;0,03472768;0,033070868;0,038853834;-0,006786204;-0,000916585;0,012288718;0,014783989;0,020928712;0,039275005;0,027243644;0,015868556;-0,041872029;0,013555687;0,018779418;0,012223626;0,016561551
2023-02-16;0,002288485;0,01484007;0,012730742;0,008287329;0,011209021;-0,018981994;-0,016780947;-0,057164535;0,009817719;-0,009272842;0,00366979;-0,002529038;0,007471206;-0,001921765;0,018895431;0,007800534;0,003347149;-0,020565567;-0,00257199;0,013825117;-0,015909538;0,004230551
2023-02-17;-0,00228326;0,011248581;-0,021998706;-0,002739691;0,009905784;-0,029903368;0,024825327;0,000808335;-0,031944406;-0,011822649;0;-0,019776866;-0,003336816;-0,010911584;-0,005706532;0,01238387;-0,00194598;-0,039369903;0,021660831;0;-0,0007791;-0,005477458
2023-02-22;-0,02059511;-0,013904356;-0,014781559;-0,026098919;-0,024754729;-0,016318932;0,012869183;-0,079159936;-0,01434727;-0,010967065;-0,023766116;-0,021210671;-0,018601624;-0,01816994;-0,010042658;-0,047400635;-0,031197846;-0,038251448;-0,025224769;0,009090528;-0,025341218;-0,01967924
2023-02-23;0;0;-0,007827747;-0,01269399;0,008141439;-0,006451643;0,024663637;0,035087694;0,005822544;0,014616885;0,000936324;-0,000528504;0,003790672;-0,002643754;-0,004348017;0,026217181;-0,003162749;0,01136358;0,021874872;-0,022522377;0,007000025;0,005300881
2023-02-24;-0,028037156;-0,012408147;-0,03353061;-0,024285698;-0,019216247;-0,032883211;-0,004408502;-0,023728726;-0,020743148;-0,012915963;-0,013096454;0,006345883;-0,030588964;-0,012591037;-0,032022871;-0,00886333;-0,004615096;0,014044985;-0,009683923;-0,023041646;0,007745898;-0,017146305
2023-02-27;-0,008413461;0,002855339;0,018367405;0,002928296;-0,013586689;0,016361947;-0,010332188;-0,019097144;-0,019211816;-0,000503283;0;0,002102069;-0,012855259;-0,016107381;-0,009774522;0,00999457;0,002897935;0,011080278;-0,001544155;-0,014150588;-0,029562463;-0,001530135
2023-02-28;-0,002424141;-0,027334741;0,000667982;-0,002919746;0,009265865;-0,000946902;-0,017151394;0,002654814;0,009542956;0,013091653;-0,006635123;0,023597107;0,003551787;0,008867666;-0,006833542;-0,028645815;-0,008379079;-0,016438246;0,009278405;-0,033493133;0,000609216;-0,007369148
2023-03-01;-0,006881119;-0,042740084;-0,012015991;0,049780421;-0,032257827;-0,004739401;-0,014415701;0,007060821;-0,032835675;-0,018389703;-0,003816592;0,004098405;-0,016226112;-0,029749828;-0,007645436;-0,040214499;-0,023310043;-0,100278611;0,005618069;-0,009901065;-0,006088919;-0,0052129
2023-03-02;-0,022086084;0,003669764;-0,005405445;-0,009762919;-0,040256633;0,008571627;-0,007698221;-0,035933379;-0,003086435;0,036455661;-0,00862073;0,004591845;-0,032800552;-0,007665505;-0,01319568;0,011173296;-0,01044152;-0,024767818;-0,005586683;-0,019999662;0,000408345;-0,010145136
2023-03-03;0,002509453;0,005484591;0,001358654;0,011267606;0,011220951;-0,006610239;0,008533805;0,072727218;-0,003096097;-0,0014655;-0,006763338;0,002031543;0,00124067;0,039325839;0,005473137;-0,019337021;-0,012360752;-0,041269763;-0,008171804;0,010204156;0,000204147;0,005226177
2023-03-06;0,021276503;0,023030114;0,024423416;-0,008356582;0,022721268;0,041825244;0,029999898;-0,001694941;0,023809819;0,011741671;0,015564298;-0,005068461;0,022718008;0,010135219;0,033437179;0,021971899;0,007326121;0,056291387;0,015190558;0,015151129;0,006326459;0,008029577
2023-03-07;-0,003676444;0;0,007946977;-0,012640432;0,02299179;0,008211479;-0,014189776;0,006791185;-0,018706024;-0,012088975;0,00862064;-0,008150877;0,002827084;-0,014715883;0,02332545;0,005512699;-0,021818255;0,009404359;0,004057872;0,004975162;-0,009328561;-0,004508118
2023-03-08;0,020910119;0,039099802;0,018396815;0,036984392;0,010100787;0,05429862;0,043181907;0,002529549;0,065945534;0,012236906;0,019943085;0,011813215;0,012484648;0,030549983;0,030882617;0,07456115;0,024473406;0,065217397;0,01439794;0,089109307;-0,021289769;0,022182139
2023-03-09;-0,010843385;0;-0,001935425;-0,02331967;-0,021749846;-0,006008338;-0,007988514;-0,010092402;0,014016333;-0,008704077;-0,025139695;-0,010152491;-0,019093035;0,006587533;-0,003566191;-0,013775275;-0,029936352;-0,011661815;-0,00747023;0,009090528;-0,016942026;-0,013788249
2023-03-10;-0,017052225;-0,010832428;-0,03167422;-0,026685413;-0,018911801;-0,027633803;-0,012444972;-0,007646672;-0,04289801;-0,054634187;0,003820417;-0,00923072;-0,023925477;0,00065445;-0,028632786;-0,020693362;-0,008104738;0,002949822;-0,008028086;-0,040540469;-0,00595754;-0,013828744
2023-03-13;-0,014869962;0;-0,034045433;0;-0,006251068;0,007992701;-0,01927358;-0,012842479;-0,027390332;-0,023219756;0,004757346;-0,031056;-0,012048072;-0,014388489;-0,01105399;0,015319708;0,002199845;0,094117643;0,006322771;0,028169291;0,001712469;-0,004796464
2023-03-14;0;0,003458181;0,006910849;0,011544087;-0,007618459;0,007929324;-0,001511681;-0,02341707;-0,001536317;-0,023771831;0,017992411;-0,014957254;-0,003363754;-0,00995355;-0,005961253;-0,039021932;0,012229368;0,002688264;0,011811848;-0,004566307;0,002136698;-0,001832798
2023-03-15;0,003773558;0,016657132;-0,015785796;-0,017118476;0,001066083;0,008741287;-0,006813112;-0,015097729;0,00410262;-0,007034587;0,015813951;-0,028199486;-0,002531829;-0,000670408;0,01424294;0,003790103;0,04894688;0,021447554;-0,004719443;0,045871639;-0,008528692;-0,002496794
2023-03-16;0,007518926;-0,005084799;-0,003486785;0,014513827;0,010652436;0,027729688;0,016768409;0,021641157;0,038815273;0,003814697;-0,007326052;0,004464406;0,016497132;-0,00536536;0,028085855;0,0086301;-0,004725305;0,020997391;0,005740035;-0,008772055;-0,015268832;0,007401997
2023-03-17;-0,02238826;0;-0,007697668;-0,007153058;-0,017127862;-0,0472174;-0,003748203;0,032656596;-0,026056986;0,026601508;-0,029520215;0,009999945;-0,028714237;-0,028320803;-0,04169678;-0,033689996;-0,043026822;-0,028277569;-0,01067006;-0,013274496;-0,00851721;-0,014047469
2023-03-20;0,006361619;-0,034639571;-0,002115734;-0,012968282;-0,005629799;-0,010619463;-0,004514652;-0,042735055;-0,021706277;-0,034373328;-0,00380244;-0,006600766;0,00257112;-0,022900933;-0,017254144;-0,033757542;-0,009612422;-0,018518442;-0,00293237;-0,031389931;0,003964847;-0,010384185
2023-03-21;0,011377734;-0,00352931;-0,022614794;-0,008759162;0,011862891;-0,000894581;0,029478362;0,00625;-0,002580027;-0,005476472;-0,006679171;0;0,020512768;0,012073686;0,003053105;0,008018131;-0,034752636;-0,002695569;0,006549187;-0,009259392;-0,004387967;0,000743141
2023-03-22;-0,012499942;-0,00354202;-0,002169131;0,001472735;0,002398134;-0,011638439;-0,002936711;0,002662066;-0,015519886;-0,036343604;0,002881828;-0,003875697;-0,005862879;-0,06456124;-0,009132188;-0,00847823;-0,003243562;-0,029729601;-0,011011101;0;0,011017919;-0,007693222
2023-03-23;-0,015189857;-0,05805679;-0,011594214;-0,023529414;-0,010898402;-0,056159372;-0,03092793;0,013274163;-0,038885976;-0,049142892;0,007662791;0,003890776;-0,024852198;-0,030007502;-0,034562253;-0,026056786;-0,006508233;-0,133704752;0,009362362;-0,051401926;-0,019180428;-0,022899392
2023-03-24;0,019123018;0,077358564;0,02565978;-0,003012009;0,01021215;0,013435866;-0,005319111;0,006113628;0,015855547;0,073317384;0,010456394;0,01384278;0,014505438;0,007734145;0,011137558;0,010107032;0,015067081;0,038585161;0,015542546;-0,08866972;0,009555602;0,009221249
2023-03-27;0,01146515;0,020432067;0,016440318;0;0,000532369;0,002841109;0,01986262;-0,013888914;0,012917179;0,039193664;0,024459023;-0,026215112;0,017226538;0,030698191;0,018096005;0,017068891;0,029364348;0,034055715;0,016786205;-0,021621931;-0,001540762;0,008509648
2023-03-28;-0,003778427;0,00514866;0,026722962;0,031722036;0,006912808;0,008498276;0,006741419;0,019366118;0,020722736;0,057650847;0,022696109;0,005608494;0,004656985;0,008190618;-0,001545572;0,034143501;0,04984319;0,011976056;0,004369814;0;0,018518431;0,015200161
2023-03-29;0,010113807;0,002276632;0,032876606;0;0,011618677;-0,008453081;0,011160703;-0,018134626;-0,008328999;-0,014773256;0,01828116;0,013943144;0,009692292;0,022895126;0,00541797;-0,048685023;-0,008957939;-0,008875713;0,008702104;-0,027623899;-0,003463055;0,006008796
2023-03-30;0,021276438;0,024985797;0,028514658;0,070278188;0,018272156;0,025640984;0,003679172;-0,020228697;0,042519671;0,012926577;0,0188511;0,004400416;0,027545871;0,024548736;0,030023113;0,037647192;0,021392147;0,026865655;0,003115049;0,034090596;-0,008253733;0,018861808
2023-03-31;0,00735294;-0,024930944;-0,027079323;-0,002735943;0,002563409;-0,041666536;0,023460515;-0,053860017;-0,010574069;-0,011740661;0,007929609;-0,009309881;0,00487409;0,015504052;-0,01569492;-0,060657619;-0,018289184;-0,037790625;-0,031294795;0,027472887;-0,001532938;-0,017654489
2023-04-03;-0,015815053;-0,021022817;-0,000662737;-0,013717457;-0,011761683;0,022222052;0,000716316;-0,0398481;-0,000508978;-0,00619839;0,012237724;0,007738968;-0,028005591;-0,022900933;-0,025057407;-0,070006069;-0,014423103;0;-0,023674399;-0,037433647;-0,005922546;-0,003690544
2023-04-04;0,00741683;0,01915271;-0,005968122;-0,00417248;0,016558828;0,023629538;0,015747984;-0,001976211;0,029531678;-0,019230714;0,007772112;0,004388347;0,019975551;0,008522727;0,022539452;-0,001297861;0,016463437;-0,027190382;0,00101064;-0,011111196;0,016990275;0,003576143
2023-04-05;-0,002454193;0,011389644;-0,022014678;-0,009776483;-0,003563103;-0,003693369;0,008456774;-0,027722975;0,017309609;0,035506097;0,001713745;-0,024576636;-0,000815916;0,001408626;0,008390551;-0,027290491;-0,014996982;0,018633483;-0,022205477;0,0056181;-0,037752145;-0,008746527
2023-04-06;-0,001229805;0,004504619;0,004092782;-0,011283498;-0,003320443;-0,00834101;0,008385704;0,030550037;-0,005833967;-0,000511782;0;0,001679758;-0,003266667;-0,008438993;-0,014372018;0,049432359;-0,003654004;0,027439077;-0,00361285;-0,005586713;0,00698971;-0,001544891
2023-04-10;0,00369458;0;-0,002038119;0,032810216;0,000512265;0,019625992;0,001385894;-0,004940887;0,019560169;0,039938492;0,015397637;0,012856092;0,010651151;-0,007801507;0,011511588;-0,015913532;0,017726089;-0,005934722;-0,005697891;-0,005618021;0,013211012;0,010166432
2023-04-11;0,033128376;0,025224281;0,063989153;0,067679616;0,023053306;0,065994626;0,019377099;-0,012909516;0,083932824;0,02314137;0,017691764;0,030905343;0,032428438;0,039313799;0,052352185;0,093143664;0,028528537;0,12835819;0,018233645;0,11299499;0,022762523;0,042878043
2023-04-12;0,020190395;0,003280257;0,017914303;-0,009055711;0,069604502;0,019776381;0,010862309;0,011066458;0,024778727;-0,01588065;0,032284504;0,00802976;0,006674048;0,004126805;-0,005046902;0,017159717;0,025985415;0,026454985;0,016628203;0,015227966;-0,010155535;0,006364509
2023-04-13;0,001164116;0,015259018;-0,008799482;-0,001305399;-0,000468006;-0,010118107;-0,010745587;-0,064676746;-0,006476626;-0,004400985;-0,010424863;-0,005310577;0;-0,037671483;0,00072463;-0,019778901;-0,000284555;-0,005154585;-0,009310429;0,015000115;-0,008950128;-0,004041538
2023-04-14;0,008139504;-0,000536647;0,002536448;-0,015686275;0,017095814;0,019591265;0,005431191;0,006382963;-0,002607574;0,021610934;-0,002430971;-0,012279664;0,014430661;-0,017793507;-0,001448211;-0,032641071;-0,005123749;-0,031088103;-0,015494076;-0,004926145;-0,007709215;-0,001681414
2023-04-17;-0,004613664;-0,007519002;-0,001897539;0,001328004;0,002302416;0,004177224;-0,023632583;-0,005285271;-0,006536159;-0,019230752;0,009748261;0,005945948;-0,001922314;0,000724638;-0,004351115;0,026993835;-0,037482218;-0,021390269;0,018575842;0,004950533;0,009988809;-0,002474619
2023-04-18;0;-0,007575774;-0,003802293;0,009283837;0,001837936;-0,010815374;0,008298641;-0,031881008;0,014912506;-0,022548975;0,003217626;0,009672166;-0,000770237;-0,028240315;-0,006554924;-0,041218416;0,023781104;-0,032786964;-0,005319072;-0,024630244;-0,003076846;0,001386583
2023-04-19;-0,010428818;-0,013086353;-0,022264594;-0,021025035;-0,011694801;-0,025231175;-0,005486918;-0,012989848;-0,030682798;-0,008024064;-0,008019085;0,005322089;-0,015805851;-0,028316037;-0,018328172;-0,054828739;-0,020905868;-0,081920924;-0,004074448;-0,040404403;-0,026675602;-0,021193825
2023-04-20;-0,001170678;0,016574634;0;-0,036241562;0,009512821;0,00603936;-0,009655252;0,026497556;0,01426643;-0,021739145;0,013742821;-0,016410879;0,00274199;0,022239264;0,00896182;0,000659117;0,001186215;0,01538466;0,029148603;0,015789594;-0,004756361;0,004369039
2023-04-24;0,004689047;-0,010325941;0,009108638;-0,008356582;-0,002068695;0,008576475;0,016016804;-0,039281685;-0,014065761;-0,04341086;-0,002392348;0,003229331;-0,008984437;-0,006751688;-0,008142126;-0,005270021;0,018364966;0,02727271;0,002484554;0,005181386;-0,003868977;-0,004024261
2023-04-25;0,002333918;-0,012081272;-0,022566114;-0,009831407;-0,009211896;0,003401382;-0,008224847;-0,014018808;0,012037415;0,049702867;-0,002397713;-0,01609447;0,009065889;0,006797583;0,022387925;-0,021854338;-0,004653771;-0,032448431;0,004708685;0,00515475;-0,019191202;-0,006993949
2023-04-26;-0,012805611;-0,016675976;-0,034960421;-0,002836916;-0,008135849;-0,046610189;-0,021423598;-0,023696545;-0,013216013;-0,02418946;-0,006410587;-0,000545147;-0,01015604;-0,020255064;-0,014598574;0,014217949;-0,005844476;-0,051829202;-0,010606625;0,005128243;0,003493939;-0,008796745
2023-04-27;0,012971722;0,026568765;0,003417669;0,012802258;0,001171875;0,020444383;0,000706199;0,018203821;0,033482124;-0,001582214;0,008870931;0,00109096;0,017758047;0,005360069;0,019259433;0,002002755;0,003527198;0,028938889;0,005983472;0,020407811;-0,005338738;0,005971929
2023-04-28;0,010477043;0,026431476;0,020435962;0,060190411;0,00327702;0,017421804;0,01905429;0,019070341;0,011663303;0,045430565;-0,003785527;0,042506862;0,005040823;0,005331301;0,006540452;0,055296554;-0,002036364;0,043749958;0,019083053;0,020000223;0,015169113;0,014661446
2023-05-02;-0,034561958;-0,001157905;-0,031375152;-0,00694447;-0,023798355;-0,029965935;-0,011772887;-0,038596371;-0,035867038;-0,049520031;0,000809915;0,00261358;-0,038696765;-0,065909267;-0,014440112;-0,058080816;-0,009453485;-0,02994014;-0,007295556;-0,039215565;-0,006436817;-0,023986901
2023-05-03;-0,001193374;0,017679553;-0,006891797;0,006993033;-0,003107185;0,015887218;0,014716235;0,034063152;0,003543098;0,019670433;-0,011326949;0,037539171;-0,001606612;0,01784266;0,008728108;-0,023458479;-0,01192952;0,030864219;-0,02253832;-0,025510462;0,014576583;-0,001275423
2023-05-04;0,013142199;0,026601659;-0,013879247;-0,013888939;0,011268188;0,027801896;0,118093939;-0,007058941;0,023830745;0,002085454;-0,004909753;-0,018592896;0,008044994;0,046215338;0,023272631;0,061084345;0,018110425;0,068862288;-0,015037362;0,04188462;-0,014595171;0,003703449
2023-05-05;0,030660224;0,017979514;0,038705091;0,054929599;0,02536773;0,055790166;0,01111799;0,043839122;0,028879237;0,236212335;-0,023849062;0,019457137;0,037110461;0,049504751;0,049751403;0,093143664;0,006818799;0,06722681;-0,002035774;0,060301552;0,043240806;0,029107209
2023-05-08;0,006865235;-0,019739845;0,033875331;0,006675592;-0,003930644;-0,004003143;0,021991412;0,021566188;0,01131115;0,064814772;-0,002527145;0,01956808;0,013851832;0,023222061;0,037237471;-0,005917025;-0,01707877;0,015748218;-0,000509982;-0,009478214;-0,067972538;0,008502302
2023-05-09;0,005681761;0,006359123;0,024246384;0,007957562;-0,003017749;0,009646277;0,00059778;0,014444463;0,014913165;0,038735236;0,011824027;0,005516617;0,00607198;0,018439716;-0,009791189;0,041666362;0,041341903;0,069767394;0,016836823;0,028708007;0,00055704;0,010109202
2023-05-10;0,007909329;0,021063395;0,010876576;0,00394737;0,013038317;-0,000796099;-0,01015528;0,035049434;0,020408034;-0,018645348;0,013355866;-0,000498713;0,014711566;0,009053012;0,001977666;0;0,033371719;0,036231825;-0,012795056;0,0697675;-0,018374125;0,003118173
2023-05-11;0,008968879;0,000516076;0,037341718;-0,024901691;0,020455226;0,018326553;0,038623859;0,032804139;0,02239997;-0,008918241;0,014827232;-0,005988114;0,009665278;0,001380262;0,01315774;-0,033142773;0,003897612;0,013985971;-0,000762077;0,026086782;-0,00595581;0,007519917
2023-05-12;-0,004444416;0;-0,004881061;0,002688129;-0,003829045;0,003912553;-0,016850602;-0,009221259;-0,00273864;-0,048513294;-0,012175535;0,006526155;-0,009204801;-0,007580892;0,004545742;-0,005910175;-0,021075857;-0,009195306;-0,010427141;0,021186599;0,007417901;0,001921372
2023-05-15;0,004464257;0,011855572;-0,006131269;0,020107312;0,004747926;0,013250193;0,002955016;0;0,007453913;-0,067022993;0,015612197;0,045386314;0,003715963;0,010416492;0,015513793;0,030915698;0,008215226;0,016241231;0,018761089;0,008298467;0,011894685;0,005209102
2023-05-16;-0,002222248;0,001528245;-0,019123914;-0,018396938;-0,028802725;-0,014615311;-0,003535507;-0,031023885;-0,003504529;0,003085046;-0,013754057;-0,01765241;-0,003331701;0,014432818;0,000636432;-0,020761206;-0,010396187;-0,228310501;0,00151363;-0,041152231;0;-0,007658513
2023-05-17;0,003340756;0,024415315;0,02452838;0,033467193;0,001621806;0,039812556;0,01714961;-0,028815314;0,019929592;0,026801433;-0,019688401;0,011656072;0,010029942;0,062330803;-0,004452501;0,096584069;-0,01561627;-0,005917164;-0,006045267;0,068669808;0,008396312;0,011701203
2023-05-18;-0,002219862;0,014895456;-0,005524879;0,010362784;-0,000693888;0,012762682;0,024418553;0,069230709;-0,000766314;0,002139462;0,001673665;0,034565319;-0,003677998;0,033163345;0,003194751;0,012352329;-0,011825681;0,053571464;-0,004054725;0,032128411;-0,016930284;0,005919971
2023-05-19;-0,006674081;0,013698495;0,008786747;0,024358898;0,01944451;0,00518914;-0,005675363;0,048304299;0,011502964;0,032450906;0,012531318;0,019953592;-0,008120959;0,024691356;0,024203492;0,029708398;0,030939904;0,028248605;0,021119524;-0,031128308;0,003105549;0,005785229
2023-05-22;-0,006718842;0,009652558;0,00062858;-0,018773412;-0,013170014;-0,012536871;-0,006849345;0,008823479;-0,017437433;-0,032258093;-0,004950263;-0,004094477;-0,018980516;0,017469728;-0,009950133;-0,024729743;0,013589961;0,043956071;0,00573154;0,07228901;-0,000844364;-0,004803829
2023-05-23;0,004509636;-0,001433899;-0,007537667;-0,044642893;0,023470122;-0,013443029;-0,008620681;-0,012633641;-0,000385778;-0,00555552;-0,004975348;-0,005938831;0,007966425;0,005328745;0,008166024;-0,016376085;0,000838132;-0,036842068;-0,003469038;-0,011235619;-0,012676032;-0,002576829
2023-05-24;-0,00112255;-0,003350825;-0,01075951;-0,013351118;0,002922661;-0,026495005;0,011014494;-0,04232285;-0,003087573;0,019338154;0;-0,021139706;-0,005645375;0,010600706;-0,030529825;-0,012352263;-0,020932304;-0,008196817;-0,009945112;0,007575387;-0,005991425;-0,010270265
2023-05-25;0,014606955;0,015369778;-0,003199015;-0,014884941;0,001120809;0,024883431;-0,020068787;0,007194365;0,04026332;-0,028667724;0,003333459;0,000469625;0,031415596;-0,012237834;0,035989771;0,06035885;0,02850632;0,035812726;-0,019588453;0,026315986;-0,001148116;0,011525735
2023-05-26;-0,005537123;0,008514727;-0,00449288;0,004120813;-0,005821867;0,036418717;-0,015798671;0,013265219;0,010048275;-0,003038264;-0,000830615;0,01126207;-0,007706439;0,010029572;0;0,027692289;-0,016075369;0,015957397;0,012038928;0,010988783;0,00775862;0,007741654
2023-05-29;-0,001113478;0,010788012;-0,011605479;-0,004103901;-0,001801818;-0,009516819;0,006539814;-0,021147985;0,005895361;-0,0034828;-0,004987603;-0,012528884;-0,004437677;-0,039135584;0,001240795;-0,017465097;-0,020281794;-0,007853437;-0,015945206;0,032609042;0;-0,005166537
2023-05-30;-0,01003344;0,005104315;-0,017612492;-0,028846163;0,008574031;-0,013303773;0,002362552;0,012345678;-0,024908344;-0,008300508;-0,005012604;0,000939834;-0,01411586;-0,024316034;-0,027261367;-0,018791295;0,001437729;-0,015831028;-0,013888642;0,003508699;-0,014257118;-0,012380702
2023-05-31;-0,011261473;0,000461778;-0,003984085;-0,007072161;-0,001789829;-0,002247126;-0,002356983;0,038617916;-0,012021197;-0,010572761;-0,017632151;-0,012206609;-0,007912704;0,002492134;-0,0121021;0,006728915;0,013494177;0,018766737;-0,019040226;0,010489292;-0,001157153;-0,005799921
2023-06-01;0,015249298;0,037378925;0,02133334;0,01994298;0,002689609;0,073573547;0,042528115;-0,00782782;0,037262488;0,025378523;0,005983111;-0,009980853;0,014732599;0,052206339;0,017408257;0,057069244;0,008498499;0,068421034;-0,011167519;0,04152251;-0,003185593;0,020584299
2023-06-02;0,023622174;-0,00800738;0,078981746;0,030726315;0,017683831;0,00839166;0,019829945;0,021696217;0,0337243;0,035605717;0,009345497;0,01920269;0,014606741;0,025989294;0,001203871;-0,004377203;0,020786534;0;0,012906652;-0,033222559;0,026438139;0,018025596
2023-06-05;-0,001099016;-0,004484121;0,013309068;0,004064975;0,00625827;0,002773869;-0,000555543;0,005791505;0,006382863;0,01048218;0;0,004710479;0,002214676;-0,020149613;0,034854198;0,002442602;0,002751662;-0,041872029;-0,001061712;0,017182258;0,004245652;0,001226035
2023-06-06;0;0,036486546;0,022686535;-0,002699012;0,011550375;-0,003457836;-0,00611455;0,026871464;0,004228496;0,031120331;0,025252583;0,01125205;0,006998198;0,019388954;0,015921493;0,029239689;0,048024145;0,025707016;0,015147678;0,037162244;0,020574879;0,016983744
2023-06-07;0,002200292;-0,0091266;0,014594283;-0,006765858;-0,000439088;0,022900758;-0,008948525;-0,00373838;0,024912134;0,024144884;0,001642136;-0,007417939;0,002926401;0,004034654;-0,000602988;0,025094735;-0,004451393;-0,027568968;-0,001309052;0,013029045;0,017674699;0,007660763
2023-06-09;0,013172058;-0,003508607;0,015535184;-0,001362443;0,048769679;-0,002713793;0,021444759;0,032833003;-0,004108061;0,006286831;0,028688599;-0,006538833;0,013858072;0,006314509;0,016887982;0,0083141;0,013940132;0,023195978;-0,009174287;0,025723755;-0,00949805;0,013256789
2023-06-12;0,004333838;0,016285115;-0,002266227;-0,002728536;0,036238173;0,013605455;-0,009392231;-0,0054495;0,010656611;0,06013272;0,018326552;0,03291031;-0,010791066;0,004563534;-0,008303575;0,045350389;0,014526707;-0,002518977;-0,001322576;0,012538924;-0,027397173;0,002708962
2023-06-13;0,008629884;-0,01602416;-0,007382246;-0,002735934;-0,010408302;-0,019463138;-0,006135072;0,015525005;-0,022108902;-0,015101284;-0,017996734;0,011378991;0,011272941;-0,001703507;0,001196157;-0,057844189;-0,017131431;-0,050504972;-0,010596262;-0,046439367;-0,006760486;-0,005053862
2023-06-14;0,01176494;0,020246412;0,021739211;0,015089191;0,004936238;0,041752343;0,010101024;0,002697796;0,003478326;0,035901309;0,015936263;0,014401315;0,013663827;0,013651948;0,006571153;-0,000465004;0,026795072;0,013297732;0,013922392;0,042207458;-0,007090181;0,019924107
2023-06-15;0,017970381;0,003019889;-0,008958541;0;0,02046669;-0,033508471;-0,004999947;0,008071794;0,005199188;0,064259882;0,000784144;0,016415357;0,013125177;-0,015712681;0,002967322;-0,019543892;0,007347399;-0,015747868;-0,000792188;0,006230576;0,008854552;0,001276571
2023-06-16;0,002076836;0,006451594;-0,005649785;-0,001351396;-0,007420812;-0,006118396;-0,015075518;-0,007117378;0,023103537;0,017639093;-0,027429324;-0,001309311;0,003151364;0,003990735;0,002958543;-0,035120962;-0,019617676;-0,010666673;0,000264454;-0,003095825;0,029445129;-0,003883544
2023-06-19;0,012435342;0,00512821;0,011931771;0,014885007;0,018589725;0,012311906;0,015306268;0,020609392;0,008426037;0,031666692;0,009669537;0,003496333;0,01361247;0,013060904;0,017699404;0,022134569;0,010774705;0,005390839;-0,004755966;0,037267005;0,009351018;0,009262534
2023-06-20;0,004093931;0,018282174;-0,006737714;-0,014666693;-0,00019859;-0,004729759;0,015075336;-0,016681311;0,024732417;-0,029079209;0,016759982;0,005661954;-0,000476041;0,005605381;0,002318811;0,038498619;-0,00025385;-0,013404923;-0,019113235;0,026946055;0,008446741;-0,001968997
2023-06-21;0,008154625;0,031315344;0,018089265;-0,012178557;0,031547627;-0,006110018;0,008250697;-0,001785744;0,012068081;-0,016638936;0,011773855;-0,022520419;0,009735621;0,011705615;-0,002313447;0,00834107;0,005331333;0,021739205;-0,013531572;-0,014577041;-0,00297213;0,006671014
2023-06-22;-0,012132924;-0,0121459;-0,011104966;-0,010958997;-0,01904205;-0,030054545;-0,012002029;-0,046511682;-0,02739302;-0,023688625;-0,031032038;-0,010190658;-0,009641753;0,008264463;-0,026087125;-0,016544144;-0,011868524;-0,050531974;-0,001371673;-0,03846165;-0,013550256;-0,012340143
2023-06-23;0,000455463;0,034426172;0,012914127;0,001385088;0,000392142;0,016197209;0;-0,044090132;0,004970272;0,009358768;0,033626949;0,016114781;-0,003129195;0,004371721;-0,012500137;0,042523432;0,024277869;0,002801153;0,005494115;-0,012307869;0,065110073;0,000361545
2023-06-26;0;-0,012678151;-0,005543194;0,006915654;0,002351841;-0,026334115;-0,001104217;-0,012757524;-0,007912928;-0,016483566;-0,005983786;-0,014537566;-0,001395088;-0,023395127;-0,004821974;-0,030031313;-0,025698773;-0,050279361;-0,003877592;-0,03115262;-0,004384935;-0,00616926
2023-06-27;-0,010351866;-0,017656549;-0,016165045;-0,008241829;-0,018380835;0,000711899;-0,014372732;0,039761495;-0,006314466;-0,003142463;-0,00158239;-0,009834721;-0,011177431;-0,050139345;0,003487864;-0,025416046;-0,013828236;-0,005882357;0,002747056;-0,025723395;-0,031865316;-0,006089155
2023-06-28;-0,010460223;-0,011437701;-0,004532565;-0,013850398;-0,012151427;0,000383857;0,001682641;-0,03250484;0,003344544;-0,004903657;-0,007923841;-0,019864461;-0,005651121;-0,003518989;-0,016493829;0,000964919;-0,0020774;-0,008875713;0,002191738;0,019801849;-0,003746289;-0,007164555
2023-06-29;0,014799039;0,004958682;0,013090416;0,011235982;0,009276349;0,049462321;0,04983186;0,025691731;0,031666773;0,021823331;0,009584687;-0,006448475;0,012077822;0,059446733;0,004347964;0,02197814;0,007286091;0,029850699;0,007107542;0,051780144;0,015310239;0,014586779
2023-06-30;0,004166656;0,01356883;0,003370916;-0,018055539;-0,012986922;-0,002049235;0,007466613;0,024084695;0,016154987;-0,040303136;0,017405067;0,009271981;-0,002457138;0,002777778;0,017316188;-0,064983645;0,026866325;-0,023188357;0,024701677;0,003076859;0,011111146;-0,002500359
2023-07-03;0,015560273;0,0186612;0,029115203;0,025459697;0,020040219;0,02190291;0,001058852;-0,019755362;0,029252748;-0,01399861;-0,002332944;0,007349558;0,019633801;-0,000553878;0,012765693;0,014499746;0,006289401;0,020771493;-0,0015894;0,006135101;0,010989045;0,013430776
2023-07-04;-0,013278966;-0,005973608;-0,003808437;0,009655153;-0,006350403;-0,012726158;-0,010047595;-0,016314762;-0,00185345;0,053512969;-0,008573659;0,005015847;-0,006215343;-0,013303906;-0,00607066;-0,000492683;-0,01525011;-0,020348818;-0,013266269;0,006097605;0,011128336;-0,004988594
2023-07-05;0,016563252;0,016426352;0,015292202;0,008196724;-0,006590747;-0,000678349;0,006944403;0,024390258;-0,005880667;-0,044229463;-0,003144519;-0,003629704;0,0086865;0,024157303;0,001813772;0,008382716;0,015232473;0,011869444;0,008335759;0,009090635;0,035065141;0,003972253
2023-07-06;-0,021385161;-0,013007433;-0,017213508;-0,001355059;-0,014676618;-0,037338662;-0,021220138;-0,005714381;-0,039539142;-0,02494579;-0,01419558;-0,015482497;-0,014812331;-0,017553483;-0,024140117;-0,031784693;-0,025006291;-0,076246382;-0,016266829;-0,042041768;-0,00816013;-0,017758409
2023-07-07;0,013527913;0,017172394;0,037766711;0,021709687;0,019384124;0,0126939;0,046070356;0,007662867;0,044084266;0,002966256;0,008000055;0,011563438;0,018881306;0,022333892;0,006802701;0,031313132;0,013593214;0,009523851;0,002981738;0,037617299;0,01745204;0,012535554
2023-07-10;-0,002053309;-0,008244935;-0,004746758;-0,021248391;-0,018414932;-0,01949866;0,005699578;-0,032319359;-0,018938287;-0,0177449;-0,004762168;-0,008230722;-0,006520326;-0,004915279;0,00061452;-0,064642747;-0,006072814;-0,040880494;-0,019189055;-0,009063257;0,00024498;-0,008040505
2023-07-11;-0,012345937;-0,010688824;0,005299376;-0,004070491;-0,014273795;-0,010653244;-0,009273583;-0,039292794;-0,005379664;-0,018441843;-0,003189583;-0,007837613;-0,017616518;-0,020856201;0,000613695;-0,012565329;-0,014002218;0,003278654;-0,009368989;-0,012195296;-0,001224781;-0,006121653
2023-07-12;0;-0,004801833;0,008961533;0,001362376;-0,016135741;0,022971804;0,002080149;-0,003067331;0,005408761;0,00383437;-0,000800238;-0,010223114;-0,005977539;-0,008408071;-0,009202317;-0,015376444;-0,012909855;-0,026143808;0,003059817;-0,021604753;0;0,003804811
2023-07-13;0,012500264;0,006031345;0,035005244;0,044897907;0,009461608;0,021754349;0,026985013;0,025640936;0,02848102;-0,003437745;0,017614318;0,011736984;0,010965619;0,011871042;0,02476738;-0,006462137;0,020141288;0,013422903;0;0,022081825;-0,004169889;0,013580813
2023-07-14;-0,009259453;-0,021982655;-0,023220556;-0,023437445;-0,006665118;-0,007554953;-0,00252669;-0,011999899;-0,017846156;-0,003449603;-0,010228208;-0,007424353;-0,010496669;-0,037430098;-0,007250561;-0,033604279;-0,023076973;-0,023178858;-0,001663775;-0,01851831;-0,003694494;-0,013021532
2023-07-17;0,014537938;0,004904157;0,009302274;-0,010666692;0,008806824;0,009688718;0;-0,001012264;0,031328387;-0,008076888;0;0,000467411;0,019448481;0,013348664;0,01034703;0,00729113;0,004462022;0,00338987;-0,019444321;0,003144677;0,004449917;0,004315654
2023-07-18;-0,00204715;0;-0,004096251;0;0,003325585;0,008224813;-0,018743573;-0,021276544;0,010631781;-0,007754973;-0,010333978;-0,000934623;-0,019424428;-0,0143183;-0,001807217;0,005011147;-0,007316439;0;0,018130187;0,037617299;0,002953569;-0,003197456
2023-07-19;-0,009230818;-0,009759981;-0,006683773;-0,028301897;-0,017402011;-0,007477914;-0,025296948;0,006211179;-0,011421591;-0,033997688;-0,004016092;-0,020112129;-0,01061158;-0,020336939;-0,003620977;-0,014958683;-0,004738099;-0,006756836;0,054813465;0,012084682;0,016932365;-0,002452457
2023-07-20;0,006211459;-0,009856366;0,003105505;-0,006934838;0,010963296;0,000684782;-0,000529534;0,012345678;0,013073798;-0,005663406;-0,001612651;0,002863914;0,018591102;-0,00415206;0,000605665;0,00562459;0,000529051;-0,013605376;0,006594751;-0,002985097;0,005067613;0,00451715
2023-07-21;0,017489003;0,01907935;0,017543888;0,001396695;0,011887543;0,03833002;0,011658682;0,020325133;0,022809275;0,004475208;0,01534713;0,001903763;0,017900666;0,028588448;0,032687503;0,023489761;0,028812871;0,041379336;0,019129805;0,026946055;0,004081669;0,018072034
2023-07-24;-0,007077337;0,007325873;0,018762713;0,025104611;-0,019579692;-0,004614331;0,019381776;-0,043824633;-0,011150307;0,015795844;0,008751142;0,030879103;-0,015862009;0,024898814;-0,026963526;0,030601181;-0,001284683;-0,003311297;0,072143915;0,026239344;0,009803892;0,009358077
2023-07-25;0,008146545;0,004444456;0,019910348;0,021768692;-0,005255356;-0,007284845;-0,007194193;-0,027083365;-0,004154404;0,022727261;-0,000788735;0,00737303;0,002102333;-0,007909815;-0,003614433;-0,011664955;-0,00257256;0,019933567;-0,02503597;-0,022727595;0,006867217;0,005488619
2023-07-26;-0,00390917;0,0036203;-0,011224921;-0,009320887;0,008453432;-0,002668353;-0,018115868;0,017130691;0,008045454;-0,011695877;0,007103429;0,012351209;0,005594619;-0,011958857;0,010277774;0,019313286;0,020634456;0,006514589;-0,000493881;-0,017441584;0,010112863;0,004524293
2023-07-27;-0,013252039;-0,024048026;-0,025666412;0,006720388;-0,020536715;-0,023411381;-0,014232904;0,00526314;-0,008276879;-0,0331361;-0,01880875;0,018526955;-0,022253314;-0,023631052;-0,022740387;-0,019473675;-0,034116666;0,025889985;-0,003211457;-0,032544365;0,031431949;-0,020969321
2023-07-28;0,013430014;0,004927852;0,000506622;-0,053404472;0,011553219;0,00821918;0,009625448;0,024083644;0,008643816;0,002447959;0,006389864;0,007542277;0,014935943;0,001180637;0,011022506;0,000536777;-0,005232962;0;-0,000743627;0,027522791;-0,007900747;0,001641803
2023-07-31;0,001019476;-0,006538407;0,009620339;0,019746081;0,019247022;0,012228228;0,000529649;0,031697461;0,005023625;0,033781031;0,005555406;0,012769744;0,003503762;0,010023584;0,009085193;0,005901381;0,01657032;0,056782372;-0,009920596;-0,002976212;-0,006825888;0,014610565
2023-08-01;-0,002036876;0,020979111;-0,003009142;-0,006915654;-0,017223443;-0,010738375;0,004764548;0,012884059;-0,006174624;-0,011023574;-0,003157071;-0,010869633;0,003062876;-0,004086471;-0,002400993;-0,005333546;-0,011384254;0,023880612;-0,001502861;-0,008955374;0,015120297;-0,005699384
2023-08-02;0,005102223;-0,003626319;0,003018225;-0,009749284;0,004434;0,002035475;0,004214982;0,00195698;-0,017455666;-0,021894949;0;-0,002637375;-0,003134927;0,010551216;0,004154869;0,018766861;0,005495861;-0,029154602;0,004264928;0,03313261;-0,000225685;-0,0032083
2023-08-03;-0,001015336;-0,006065398;0,001504423;-0,002812894;0,001682048;0,006770351;-0,001573941;0,029296772;0,005420019;-0,006512;-0,012668424;0,023358284;-0,007687453;-0,00116031;-0,007198604;-0,023684014;-0,051535661;-0,051050987;0,009992464;-0,02040807;0,006094642;-0,002258831
2023-08-04;-0,008130155;-0,016273377;-0,013019568;0;-0,00524672;-0,010759828;0,001050948;0,015180328;-0,013177498;-0,03113479;-0,023255601;0,012489053;-0,018309624;-0,006387849;-0,066465173;0,057681801;-0,000823293;-0,03164559;0,010388237;-0,00892872;0,00740415;-0,008939678
2023-08-07;0;-0,006203551;-0,00913237;-0,002820899;-0,00168789;-0,005438573;0,011023599;-0,007476572;0,014177107;-0,013953485;-0,013136394;0,002741509;-0,007891109;0,002922267;-0,007119535;-0,031600475;-0,004119737;-0,016339844;0,001958296;-0,003003026;-0,015367512;-0,001071058
2023-08-08;-0,009221205;0,009155343;-0,006656395;-0,002828878;-0,006973768;-0,009569297;0,00155771;-0,00094173;-0,00030312;0,022727302;-0,000831892;-0,016288141;-0,002168765;0,005244609;0,004563035;0,007894798;0,019580923;-0,006644522;-0,006596696;0,030120455;-0,016738223;-0,002429218
2023-08-09;-0,016545875;0,003299004;-0,005154701;-0,007092224;-0,00553317;-0,013112524;-0,00622081;0,013195035;-0,002424276;-0,019287253;0,010824434;-0,017429088;-0,003623318;-0,022028987;-0,005191255;-0,044386492;0,004327751;-0,006689042;0,002951424;-0,046783487;-0,000920295;-0,005718364
2023-08-10;0,001051264;-0,005754202;0,002590756;0,001428619;0,005136078;-0,002098031;-0,03495055;0,028837411;-0,002126156;0,06840532;0,003294826;-0,000443465;0,003272371;-0,023117815;0,008480088;0,022950919;0,003501343;-0,040404069;-0,013241616;0,012270115;-0,012203543;-0,000498273
2023-08-11;0,008403438;0,017362513;-0,01602069;-0,008559274;0,010858108;-0,004905281;0,005945928;-0,022603989;-0,017351641;-0,03441379;0,017241588;0,005323937;0,001812316;0,007281553;-0,005821548;-0,011217739;-0,01100389;0,010526363;-0,010934666;-0,00606065;-0,001165512;-0,002408112
2023-08-14;-0,004166815;-0,019910521;-0,007878194;-0,005755374;-0,009899144;-0,006338048;-0,001074667;-0,030527423;0,0111526;-0,023622035;-0,002421441;0,010149839;-0,014471615;-0,01506024;-0,005204844;-0,050783561;-0,012211637;-0,013888821;-0,0123113;-0,06097554;-0,038506195;-0,010629738
2023-08-15;-0,003137891;0,002487421;-0,023822049;-0,00289431;-0,005318055;-0,006378401;0,008068787;-0,006595613;-0,026041729;0,008064539;-0,032362754;-0,012669231;-0,005506607;0,077675682;0,002616078;-0,007399023;-0,03434051;-0,024647864;0,001017349;-0,00974033;-0,031796277;-0,005470422
2023-08-16;-0,007345413;-0,030603722;-0,011930686;-0,004354138;0,008554284;-0,014978474;-0,000533606;0,019531115;-0,022019625;-0,033263196;0,000836217;0;-0,000738366;0,028944313;-0,005218741;0,002867087;-0,035561902;0,072202049;-0,044218257;0,016393194;-0,013286412;-0,004984032
2023-08-17;-0,008456812;-0,018771379;-0,018111956;0;0,009330161;-0,02751651;-0,008008476;0,015325699;-0,027018212;-0,012630619;0,003341772;-0,003982352;-0,011821289;-0,023717392;-0,010491362;-0,021726696;0,021533826;-0,050504974;-0,018612239;0;-0,005335537;-0,005277182
2023-08-18;0,005692679;0,013912889;0,006707695;-0,001457774;0,003991586;0,017125928;-0,001636823;0,005660423;0,01487599;0,014997801;0;-0,001332534;0,007850122;0,007344562;0,006626593;0,014611285;0,000577633;0,063829749;-0,017610597;0,006451752;0,002809856;0,003713625
2023-08-21;-0,014941637;-0,018009965;-0,004441964;0,004379636;-0,003557235;-0,013177124;-0,002731964;-0,008442751;-0,008143358;-0,029117778;0,016652905;-0,005338258;-0,004079543;-0,012899677;-0,007241716;-0,01440087;-0,022510848;0,016666715;-0,00606716;-0,012820338;-0,001273572;-0,008491539
2023-08-22;0,016251545;0,024890671;0,01728948;0,007267396;0,024906532;0,028189903;0,014794219;0,059602655;0,033826012;0,013428793;0,003275788;0,006261261;0,015642474;0,076136582;0,006631232;0,004091168;0,009743071;-0,003278727;0,011931177;0,029220716;0,011986657;0,015092328
2023-08-23;0,019189642;0,027268746;0,000548176;-0,004329006;0,004377509;0,024530966;0,00323983;-0,021428653;0,037801717;0,010600697;-0,002448893;0,0008889;0,012467783;-0,012143676;0,013834036;0,013387589;0,073099474;0,006578952;-0,000548343;0,003154597;0,008820582;0,017037432
2023-08-24;-0,012552124;0;-0,013150649;-0,008695655;-0,013075752;-0,035915409;-0,00645862;-0,021897715;-0,001836588;-0,010052428;0,004910181;-0,003108164;-0,01158989;-0,006413815;-0,024041428;-0,029867877;0,013896585;-0,013071831;-0,012894372;-0,022012826;-0,023482292;-0,009387565
2023-08-25;-0,010593416;-0,014101966;-0,006663001;-0,005847931;-0,013038889;-0,014609232;0,002708634;-0,024253739;-0,012572807;-0,022958078;-0,003257484;0,009799453;-0,015756696;-0,00699294;-0,01265005;-0,01657776;-0,020424839;-0,033112602;0,010561546;-0,038585227;0,01893059;-0,010160135
2023-08-28;0,016059768;0;0,003912748;0,011764734;0,028766041;0,002965056;0,005402633;0,042064965;0,00776401;0,020786309;0,007353051;0,008822121;0,033879257;0,012459304;0,032367186;0,005418289;0,005212797;0,003424622;0,007150589;-0,013377745;0,01958328;0,011084541
2023-08-29;0,009483868;0,007572432;0,008908772;0,010174326;0,005592523;0,002956446;0,012896184;-0,182568813;0,021263481;-0,003098703;0,007299379;0,010494121;0,015844733;0,020331796;0,011756851;0;0,001910451;0;-0,003549967;0,006779806;0,017483353;0,010954483
2023-08-30;-0,014613596;-0,012525869;0,004414999;0,001438897;-0,014418355;-0,025792201;-0,006366108;-0,034792313;-0,008448842;0,002664275;0,015297629;-0,006058061;-0,019142081;-0,004195005;-0,021304547;-0,015568963;-0,010079064;-0,003412933;-0,00520708;-0,006734149;-0,004114385;-0,007339279
2023-08-31;-0,021186609;-0,037209299;-0,037362588;-0,01149421;-0,015673863;-0,021936353;-0,030432382;-0,023255883;-0,011868701;-0,01505758;-0,022204437;-0,009142367;-0,008673885;-0,02790949;-0,013851891;-0,024938981;-0,029719381;-0,054794554;-0,011570152;-0,010169471;-0,02260015;-0,01525503
2023-09-01;0,010822484;0,009661658;0,022830986;0,007267396;0,006793844;0,003866862;0,013766307;0,019047654;-0,005235603;0,003147468;0,010543285;0,014059935;0,008669525;0,026002302;0,002675574;0,046163338;0,003686789;0,036231827;0,001950874;0,030821759;0,008702155;0,018584438
2023-09-04;-0,010706612;-0,001304891;-0,008370471;0,008658012;-0,003162805;0,006163438;-0,003802153;0,045560764;-0,0164086;0,011653977;-0,003210062;0,00389942;-0,009041787;-0,000528115;-0,004744154;-0,019678091;-0,004521027;-0,02797197;0,005007158;-0,023255615;-0,000739529;-0,000983943
2023-09-05;-0,012986981;-0,004790753;-0,003376607;-0,012875541;-0,003596569;-0,022205257;-0,000545271;0,004469199;-0,009757709;0,002658372;-0,012077376;-0,010789843;-0,014963304;-0,006867472;-0,021476441;-0,022506073;-0,008799346;-0,032374081;-0,006089103;-0,027210891;-0,007400045;-0,003786817
2023-09-06;-0,012061297;-0,013566892;-0,014680792;0,002898576;-0,006794032;-0,018011056;0,000545569;-0,028921036;-0,015893139;0,053910794;-0,013040038;-0,021378871;-0,009633153;-0,006914894;-0,01371748;-0,031113844;-0,021477609;-0,037174744;-0,010025239;0,013985821;-0,009691814;-0,011471819
2023-09-08;0;0,002661988;-0,007449934;-0,013005785;-0,002992799;0;0,002180968;-0,003436341;-0,00969007;0,012578584;0,004128923;-0,014266679;0,00149647;-0,023567155;0;-0,003211277;0,005853072;-0,030888051;-0,004219001;-0,0068967;-0,00627352;-0,005793853
2023-09-11;0,024417095;0,022566264;0,019053107;0,010248881;0,015866198;0,029505584;0,031556091;-0,016091968;0,010437128;-0,031884077;0,018914572;0,014473163;0,02540127;0,01755362;0,018776012;0,014819744;0,022694429;0,015936266;-0,0033902;0,006944595;0;0,013615117
2023-09-12;0,00433376;0,029424553;0,010764857;-0,011594159;0,005403274;0,019364832;0,007911497;0,004672934;0,021626863;-0,022668896;0,009685031;0,013820954;0,005828678;0,020485038;0,012286619;0,016507888;0,02076798;0,027451042;0,010487682;-0,003448302;0,021969707;0,009282787
2023-09-13;0;0,006725392;0,001121156;-0,002932576;-0,000845885;0,00379936;-0,040816434;0,012790684;0,037598741;-0,018380747;0,004796065;-0,000879408;0,005070809;-0,00158472;0,004046239;0,014990564;0,015886282;0;0,035904271;-0,003460331;-0,005683273;0,00176319
2023-09-14;0,007551222;0,007098376;0,031914844;0,014705863;0,002750824;0,006813122;0,022913302;-0,004592459;0,023142483;0,008470822;0,010341983;0,003961096;-0,003964078;0,024338557;0,004029363;-0,011692269;0,003017991;-0,01526727;-0,023016305;-0,006944108;0;0,010289737
2023-09-15;-0,001070661;-0,023217582;0,006511051;0,005797151;0,003376463;-0,007518812;0,015466862;-0,010380706;-0,023809485;-0,030504001;0,007874215;0,013152184;-0,002170508;-0,005165354;-0,002006637;-0,029887939;-0,022428976;-0,03875963;0,000554384;-0,034965289;-0,004970041;-0,005310239
2023-09-18;0,002143768;-0,00381977;-0,001078031;-0,020172941;-0,004206261;-0,00909107;0,006827692;0,008158574;-0,016768342;0,058367477;-0,000781341;-0,001730765;-0,002537866;0,003634411;0;-0,009627724;-0,003917181;0,040322516;-0,00858734;0,018115977;-0,00599418;-0,003957628
2023-09-19;-0,004278214;-0,010651897;-0,007015723;-0,007352968;-0,00147834;-0,012232234;-0,021909384;-0,003468122;-0,02635653;-0,005600998;0,009382282;0,00780233;-0,002963102;-0,01086375;-0,011394292;-0,053791457;-0,004775305;-0,023255744;0,005308808;-0,024910819;-0,00829147;-0,003736643
2023-09-20;0,008592966;0,012058448;0,005978258;0,001481531;0,008883265;0,016253894;0,011199964;-0,004640523;-0,010828027;-0,041594415;0,018590427;0,034838393;0,016936909;0,013598195;0,004067856;0,004109737;0,019474982;0;-0,005280773;0,007299016;0,00076014;0,007204317
2023-09-21;-0,020234017;-0,025531646;-0,025931856;-0,026627227;-0,022850995;-0,041127318;-0,012658123;-0,036130424;-0,007404935;-0,037522599;-0,015208884;0,004987806;-0,022809203;0,008255999;-0,03713717;-0,048431043;-0,032391918;-0,067460315;-0,022632019;-0,043477876;-0,005316503;-0,021483635
2023-09-22;-0,008091944;-0,004803907;-0,003327914;0,001519732;0,001716247;-0,012358624;-0,004807938;-0,003627598;0,006162755;-0,03287932;-0,004633319;-0,006203553;-0,002594131;-0,019931226;-0,007713856;-0,004301315;0,008869715;-0,046808587;-0,011149563;0;0,004835941;-0,00117095
2023-09-25;0,005549477;0,00745958;-0,012799033;-0,013657061;-0,005782786;0,000810969;0;-0,009708815;-0,003868492;0,0126275;0,003878791;-0,003329005;0,002972361;0,002669512;-0,00282661;-0,006479237;0,017300122;-0,040178649;0,046331726;-0,007575811;0,007345433;-0,000724082
2023-09-26;-0,016556396;-0,034407539;-0,025930056;-0,004615386;-0,01421813;-0,0218801;-0,028448374;-0,002450879;-0,022330162;-0,027817742;-0,021180699;-0,012108818;-0,014815074;-0,022896749;-0,010630738;-0,046376838;0,009199948;-0,023255677;-0,001384096;-0,019084213;-0,021624287;-0,014940694
2023-09-27;-0,004489143;-0,010374604;-0,025463062;0,007728003;0,008741307;-0,00331401;0,011049433;0,00122845;-0,010592529;-0,001973405;-0,008814151;0,005917236;-0,001879859;0,00599448;-0,002865428;-0,006186919;-0,022099566;-0,028571553;-0,001663012;-0,011673457;-0,00385521;0,001173452
2023-09-28;0,016910885;0,014585073;0,002969098;0,009202457;0,032062387;0,014962763;0,015847196;0;0,027768498;0,004943173;0,00242513;-0,007983296;0,026365366;0,020585302;0,023707063;0,040309911;0,025141311;0,004902019;0,010272154;0,035433566;0,008772135;0,012280564
2023-09-29;0,003325856;0,014825151;0,014801661;0,009118469;-0,009655708;0,006551767;0,008606667;-0,007361901;0,011393227;0,009345821;0,000806614;0,008471096;-0,001467936;0,004246022;0,00350851;-0,001490362;0,016533555;0,03414642;-0,003297804;0,011406607;0,00741682;0,007206366
2023-10-02;-0,016574538;-0,02567532;-0,040840057;-0,010542074;-0,002755488;-0,023596335;-0,024533206;0,017305208;-0,014161535;-0,02095518;-0,003223277;0,002099985;-0,009280289;-0,00845672;-0,013985736;-0,041044697;-0,018162265;-0,051886773;-0,003308375;-0,022556244;-0,009901078;-0,012936988
2023-10-03;-0,010112408;-0,02271685;-0,017639958;-0,012176664;-0,012752415;-0,042499829;-0,001093524;-0,012150526;-0,017956172;-0,017421622;-0,022635467;0,005867741;-0,012620322;-0,008528521;-0,012146104;-0,024902795;-0,025400181;-0,084577166;-0,027109369;-0,023077308;-0,009487202;-0,014236422
2023-10-04;0,009080591;0,0288236;0,008668798;-0,010785727;0,007535109;0,032201653;0,009852134;0,002459922;0,024933552;-0,007092168;0,009925553;-0,005000273;0,022932298;0,023118197;0,033788473;0,031923287;0,002832731;0,027173931;-0,000284165;0,023622451;-0,012943172;0,001657571
2023-10-05;0,003374569;-0,003162862;-0,020257876;-0,012461089;0,002991333;-0,010961002;-0,008130188;-0,009815908;-0,000648843;-0,01020412;-0,000818945;-0,014656488;0,015802726;-0,006305893;0,004172723;-0,015467675;-0,013559433;-0,04232807;-0,005119346;-0,007692472;-0,023341215;-0,002843135
2023-10-06;0,007847485;0,005893016;-0,006892227;-0,001577339;0,040690524;0,009377576;0,011475491;0,007435003;0,003894859;-0,014948403;-0,006557667;-0,001274984;0,00940697;0,00740355;0,00207765;-0,010997814;-0,003436331;-0,016574597;-0,005145924;-0,034883548;-0,002416843;0,007821052
2023-10-09;-0,011123414;0,0256874;0,023974728;-0,011058352;-0,005322484;-0,005067624;0,024311156;-0,003690066;-0,007759497;0,003662988;0,02062737;0,000851075;-0,008602227;0,019947494;-0,008984092;0,007148481;0,018678361;0,044943851;0,00143664;0,008032075;0,022880157;0,008636244
2023-10-10;0,013498274;0,034709885;0,025261837;0,006389752;-0,001646493;0,02292033;0,030063439;0,007407283;0,01303354;0,021376425;0,009700666;-0,008078227;-0,001084511;0,044776154;0,011157423;0,025236575;0,023130959;0,069892519;0,012912744;0,043824913;0,00605275;0,013729202
2023-10-11;0,015538581;0,016135782;-0,000601004;0,006349182;0,009482446;-0,001659885;0,01280073;-0,003676319;0,025731771;-0,014293042;0,002401974;-0,003857851;0,012667438;-0,006896727;0,014483204;0,007692377;0,007168368;-0,040201142;-0,003682985;0;0,004708514;0,002689807
2023-10-13;-0,0229509;-0,023401355;-0,030667342;-0,012618249;-0,003063061;-0,035743959;0,003538917;-0,024600319;-0,029162658;-0,015535953;-0,029552435;0,014630137;-0,010364861;-0,01339279;-0,014956465;-0,031297643;-0,03175463;-0,04712028;-0,017912913;-0,045801641;-0,026816103;-0,01108064
2023-10-16;0,010067006;0,006846258;-0,009925592;0,001597418;0,020278748;0,012068862;0,018135978;-0,002522026;-0,004198916;-0,016307178;0,006584284;-0,000424094;0,001444449;0;0,010352239;0,021276727;0,00678559;-0,016483588;0,003184971;0,008000058;0,009630839;0,006738428
2023-10-17;-0,021040964;-0,012749741;-0,009398486;-0,01116433;-0,00903439;-0,040033892;-0,019297377;-0,013906433;-0,019137372;0,009090913;-0,017988651;0,003393974;-0,014785116;-0,012066174;-0,010246169;-0,011574266;-0,019657588;-0,05586596;-0,010678472;-0,039682493;-0,018017984;-0,005371823
2023-10-18;-0,010180887;-0,05337917;-0,018342817;-0,003225834;-0,004862156;-0,012422438;-0,003027112;-0,01153849;-0,028769704;-0,019077933;-0,027477106;-0,019450355;-0,020863924;-0,029007798;-0,008971277;-0,044496549;-0,032655327;0,023668722;0,000291663;-0,012396783;-0,0202375;-0,015943679
2023-10-19;0,005714136;-0,001364127;0,007731937;-0,012944936;0,00773596;-0,011680104;-0,001012282;-0,032425423;-0,003745482;0,003781723;0,008561678;-0,000862234;0,011588655;0,012578609;0,004874632;0,008170105;0,001184493;-0,069364142;-0,010207011;0;0,010465328;-0,00049097
2023-10-20;-0,000971633;0,002731876;-0,008311982;-0,024590173;-0,00323227;0,013636375;0,003546088;-0,00402148;-0,001025278;-0,019913931;0,002546593;-0,02546396;-0,003695294;0,012940141;-0,018711134;-0,009724501;0,008872963;-0,043478288;-0,003830202;0;-0,011447164;-0,007447107
2023-10-23;-0,001143917;0,03814739;0,010315896;-0,003361373;-0,001418626;0,014349812;-0,004038367;-0,006729462;0,038659084;0,007688155;0,008467359;-0,006643243;0,00111277;0,004087887;0,001412546;0,014730042;0,002052344;-0,01948046;0,002662;0,041840957;0,006341183;-0,003269851
2023-10-24;0,005727162;0,020559855;0,032546255;0,006745337;-0,004668357;0,025640929;0,008616449;0,01761525;0,016468976;-0,016893704;0,001679298;-0,013374892;0;0,012722513;0;-0,001613052;0,012580385;-0,066225205;0,032743138;0,016064487;0,009589128;0,008662499
2023-10-25;-0,007972745;-0,007715346;-0,011742936;-0,016750398;0,00020408;-0,005172562;0,01356778;-0,018641892;-0,00032404;-0,02106436;-0,006705706;0,000903762;0,001852588;0,003517647;-0,002820936;-0,002423246;-0,008956976;0,02127653;-0,101113895;-0,019763097;0,001899544;-0,008192542
2023-10-26;0,021814194;0,019438288;0,02188876;0,018739388;0,020795054;0,016464765;0,041150182;0,031207579;0,008751988;0,005662536;0,026160531;0,002257365;0,024777797;0,035553123;0,025459562;0,026720557;0,023906745;0,020833348;0,037813943;0,024193161;0,010021759;0,017256049
2023-10-27;-0,019101014;-0,019915088;-0,020807866;0,041806008;-0,025364433;-0,045183424;-0,025237972;0,001315865;-0,028277693;-0,012387349;-0,018914736;-0,009009011;-0,014795883;-0,029013349;-0,010344596;-0,037066146;-0,021924932;-0,00680265;-0,031537069;-0,035432903;-0,020380784;-0,012859719
2023-10-30;-0,010309414;-0,013834892;-0,021875016;0,04494389;-0,006967255;-0,010714221;-0,003908265;-0,00788436;-0,022486642;-0,054732095;-0,013411411;-0,009712868;-0,008058451;-0,015936305;-0,0111499;-0,022112964;0;-0,061643949;0,021182294;-0,028571301;-0,03230217;-0,00678723
2023-10-31;0;0,003945868;0,00638979;0,015360963;-0,002270024;0,001805106;0,002942595;0,002648962;0,001353164;-0,030759966;-0,002548832;-0,004651189;-0,0096012;0,001518218;-0,014094485;0,026800647;0,014265086;-0,02919702;0,021981587;0,008403542;0,039886646;0,005438453
2023-11-01;0,011573961;-0,002183466;0,054603243;0,019667078;0,001034326;0,040540665;0,037163891;0,003962978;-0,002027072;0,028002537;0,042589296;0,01168231;0,014090321;0,018190994;0,009292166;0,000815493;0,034443263;0;0,002120684;0,033333224;0,036724833;0,016872304
2023-11-03;0,036613472;0,04551419;0,033714534;0,019287891;0,035123723;0,057142767;0,006129251;0,025000005;0,082261399;0,069007225;0,025326839;0,008776008;0,027593566;0,015880823;0,047442163;0,079054675;0,023862297;0,120300749;0,013603222;0,060483976;0,014169507;0,027004946
2023-11-06;0,006622528;-0,01255771;0,005824182;-0,007277975;0,006986056;0,002456902;0,023430015;0,033376136;0,007507012;0,003963743;0,010358792;0,022435659;0,009308738;0,000977277;-0,000677341;-0,04758311;0,005148991;-0,040268483;-0,009543744;-0,057034314;-0,001811142;0,002767434
2023-11-07;0,020833204;0,025434627;0,029531024;-0,001466324;0,01129838;0,017973774;0,007326012;0;0,017075429;-0,005076151;0,00709738;0,003135082;0,028024651;0,056124836;0,026422806;0,045202379;0,016716028;0,237762326;-0,012948041;0,052419288;-0,0147745;0,00659144
2023-11-08;0,001074252;0,004547155;-0,013498385;0;0,012740053;0,000802675;0,07272742;-0,021117997;0,025335723;-0,02040809;-0,007830535;0,022767784;0,004485685;0,0087802;0,005280497;0,02048553;-0,004508053;0,005649658;-0,010066862;0,003831661;0,011312785;-0,001416977
2023-11-09;0,001072803;-0,011111098;-0,010262201;-0,020557962;-0,041803663;-0,008821172;-0,006779756;-0,134517772;-0,029473194;0,156249928;0,010260186;-0,013531307;0,004465746;-0,017407558;0,001969696;0,00743501;-0,006925974;-0,039325807;-0,001232823;0,038167784;-0,013787718;-0,000730485
2023-11-10;0,011790107;0,027881882;0,021889367;0,020989463;0,014744597;0,048543559;-0,000853174;0,002932575;0,042945096;-0,013513537;0,004687673;0,00176979;0,01196987;-0,003729374;-0,014416991;-0,043542361;0,001877771;0,052631678;0,023449625;0,040441163;-0,010815121;0,013645683
2023-11-13;0;-0,002024441;0,00450957;-0,005873693;-0,003781839;-0,04089503;0,022203212;0,005847927;-0,017941261;-0,011669181;-0,010886498;-0,007950533;-0,006758853;0,002807558;-0,019946357;0,030092377;0,02222207;-0,038888972;-0,013566439;-0,010600784;0,003200094;-0,002155244
2023-11-14;0,026482863;0,025963485;0,005611629;0,044313161;0,004795037;0,01850348;0,023391827;0,023255784;0,021862756;0,027720787;0,029874443;0,010240554;0,01497088;0,017265448;0,021031196;0,050936391;0,03378742;0,011560701;0,022616128;0,03571425;0,02870813;0,024523161
2023-11-16;0,018576028;0,009885606;0,01953132;0,072135739;-0,000198832;0,020537305;0,006530616;0,02414778;-0,002637837;-0,01048956;0,024427257;0,014984419;0,016091259;-0,003669835;0,034551491;0,026372073;0,031416359;0,251428541;0,000597682;0,072413752;0,026098171;0,010119357
2023-11-17;-0,003039484;-0,008613961;-0,018062387;0,002638545;0,007557486;-0,01470582;-0,001622104;-0,011095652;-0,019688339;0,010600757;-0,003725797;0,004776644;0,0046188;-0,011049606;-0,008991733;-0,003472253;-0,007369283;0,01369869;-0,006571188;-0,032154311;-0,019894349;0,003901233
2023-11-20;0,010162571;0,002369534;0,020624231;0,021052682;0,005329964;0,029850617;0,02193338;-0,008415214;-0,005096046;0,011488488;-0,028421858;-0,011235932;0,009852253;0,01210439;0,002592298;0,020906026;0,009156211;0,027026943;0,006614654;0,003322377;-0,013617612;0,008259903
2023-11-21;0;-0,006698156;-0,01693066;0,002577278;0,007068451;-0,020594921;-0,015103242;-0,015558683;-0,016269892;-0,018271646;-0,032332718;0,007430046;-0,001626211;-0,00781985;-0,003878667;-0,017064915;-0,020353187;-0,065789372;0,005376477;-0,003311375;-0,015889506;-0,003870098
2023-11-22;-0,004024244;-0,008726719;0,002777756;0,01413878;-0,008578657;0,014018687;-0,010088711;0,018678167;0,020827018;0,010060401;-0,097056341;0,015618223;0,006189249;0,019008154;0,020766092;0,040277688;0,012515829;-0,023474244;0,013071728;-0,009966852;0,002646927;0,003407453
2023-11-23;0,006060407;0,007202842;0,002216115;-0,016476475;0,0033431;0,011520747;-0,003261402;0,001410448;0,0111011;0,008964159;-0,031718124;-0,002990341;-0,001294656;0,010918898;0,02670051;0,003337893;0,020519017;0,043269205;-0,001172808;0,01006719;-0,017159475;0,004292458
2023-11-24;-0,0060239;-0,012316208;-0,00829181;-0,007732025;-0,001176098;-0,018982526;-0,004499013;-0,009859164;-0,008902153;-0,002467974;-0,03912644;-0,01670948;-0,005510637;0,00044988;0,000618864;-0,031270783;-0,019137609;-0,082949261;-0,009982568;-0,029900182;-0,033037839;-0,008169005
2023-11-27;0,007070778;0,011665298;-0,021181794;0,014285741;0,018446077;0;0,004519345;0;0,013473016;-0,009401219;0,005681942;0,002178879;-0,002608171;-0,024291376;-0,006188178;0,021291086;0,02000493;-0,015075442;0,012455458;0,071917661;0,014444437;0,00112313
2023-11-28;0,002607632;0,003578372;0,004555796;0,007682461;0,014450764;0,023219753;0,020449931;0,027026961;0,004431503;-0,000999024;0,008474339;0,010434602;0,009804399;0,007837765;0,009340178;0,039004784;-0,006779559;-0,025510278;0,006736891;0,015974649;0,03313249;0,006802829
2023-11-29;0,003151327;-0,011489492;-0,008503336;-0,015247781;0,001519359;0,002269275;-0,009218517;0,008310316;0,020588108;0,022500038;0,010270917;0,008175585;0,006796131;0,034766674;-0,004935197;0,041423761;-0,006825941;-0,01570676;-0,006982828;-0,015723472;-0,0034455;-0,003453508
2023-11-30;0,02094248;0,025250501;0,014865568;0,014193574;0,02920547;0,003773693;0,02144011;-0,002747275;0,024207441;-0,064547753;0,023105451;-0,03670499;0,015428934;0,032272358;0,008679636;0,017402388;0,002945479;0,074468256;0,001758028;0,031948851;0,002127614;0,009754086
2023-12-01;0,002418982;-0,005081913;0,001690261;0,045801541;0,002026757;0,017293179;0,013465376;0,028925578;-0,009003833;-0,058546732;-0,006323372;-0,062472569;-0,0022917;0,03426101;0,003072909;0,000610821;0,003671062;0,074257301;0,017256334;0,018576164;0,002123226;0,006062938
2023-12-04;-0,001025766;-0,003929381;-0,005061894;0,008515738;-0,003861519;0,000739119;-0,004298588;-0,009370759;-0,006814345;-0,006107752;0,002727169;-0,012287077;0,001270067;-0,039337305;-0,007424131;-0,020146523;-0,006583721;-0,078341015;-0,000574703;-0,027355904;0,007415191;-0,010148084
2023-12-05;0,009240299;0,003944882;-0,031656437;-0,00361876;0;-0,006646931;-0,021978036;0,008108106;0,001464581;-0,025698273;0,008159581;0,01100468;0,00824369;-0,052586069;0,009270882;0,012461095;0,017427585;0,070000047;0,015535125;0,018750052;-0,011303863;0,000788625
2023-12-06;-0,018311062;-0,018074865;-0,002335021;0,003631903;-0,021414078;-0,01635688;0,025280904;-0,016085786;-0,015229762;-0,001720223;0,000899139;-0,003785825;-0,008805245;-0,008644493;-0,010410678;0,007999968;-0,001688861;0,014018648;0,002549463;-0,009202522;-0,002924845;-0,010086444
2023-12-07;0,008289943;0,009203606;-0,008191816;0,009650145;0,016223355;0,00453512;-0,001956917;-0,017711178;-0,00700336;0,015508355;-0,005390632;-0,019477741;0,01110378;0,00917863;0,00247546;0,014651912;0,003624825;0,041474631;-0,00084766;0,021672075;0,026666711;0,003080646
2023-12-08;0,013360957;-0,009516175;0,033628266;0,013142199;0,010766707;0,018811126;0,015686284;0,008321704;0,009991191;-0,002828119;-0,013550188;0,004845049;0,012649714;0,023192291;0,016049228;-0,010228617;-0,015169531;-0,057522016;-0,020079041;0,009090635;0,00467543;0,008602492
2023-12-11;-0,009127772;0,004003222;-0,013127887;0,002358569;-0,000183723;0,028803677;0,000772222;-0,006877566;0,004364527;-0,047078841;-0,007326003;0,009643016;-0,00687028;-0,019999826;-0,007897602;-0,010942173;-0,000978056;0,046948384;0,006349006;-0,03303286;0,008272893;-0,001400538
2023-12-12;-0,005117727;0,004784785;-0,008097172;0;-0,029533498;-0,00574309;-0,018518529;0,0096953;-0,00463521;-0,001785642;0,012914998;-0,004297758;-0,005031596;-0,025396807;-0,004898934;-0,004917112;-0,005628877;0,022421387;0,004588467;0,003105439;-0,003846188;-0,004042044
2023-12-13;0,029834847;0,038491996;0,055976751;0,010588181;0,009142966;0,04187725;0,012578624;0,015089216;0,041327277;0,025044727;0,030965581;0,032134282;0,03034124;0,010237199;0,043691857;0,033353984;0,02904252;0,109649247;0,029403332;0,043343803;-0,008236819;0,024224109
2023-12-14;0,011988498;0,025601806;0,02816117;0,015133978;0,0066061;0,027720026;0,010093194;-0,002702724;0,029625471;-0,015706832;0,008833877;0,015334497;0,00828231;-0,000921234;0,017099331;0,043036586;-0,004066085;-0,039525714;0,006655511;0,017804035;-0,036594684;0,010636079
2023-12-15;0,000987417;-0,000372571;-0,010741162;0,012614588;0,024001596;-0,010788969;-0,023059239;-0,017615183;-0,009500622;0,028959797;-0,006129652;-0,013272478;-0,004258997;0,01383125;0,009854953;-0,008596132;-0,020653205;-0,090535033;-0,007437805;0,014577368;0,01885753;-0,00492961
2023-12-18;0;-0,005963451;0,013572207;0,002265081;0,000732462;0,004771637;0,011014998;0,020689684;0,013976607;0,043653086;0,014977828;-0,023190884;0,004888302;-0,003183319;0,007462511;0;0,019126993;-0,013574619;0,002278643;0,005747249;-0,014278031;0,006812753
2023-12-19;0,005903972;-0,008624023;0,00374928;0,001129814;0,003659629;-0,01289004;0,012840485;0,002702657;0,00162141;0,071546463;0,014757113;0,010446214;0,000608035;-0,004562153;0;0,002312352;0,008181088;-0,00917442;0,01054389;-0,014285897;0,0123391;0,00585121
2023-12-20;-0,009881387;-0,018532537;-0,00320162;-0,0067719;-0,011668272;-0,02611694;-0,010756866;-0,018867876;-0,011602714;0,009758631;-0,011120552;-0,000469717;-0,010330879;-0,004582949;-0,016524069;-0,013264217;-0,0164679;-0,027777695;-0,007138831;-0,005797144;-0,020137899;-0,007940782
2023-12-21;0,007984119;0,025048335;0,017130573;0,037499955;0,001475976;0,022583054;0,019805868;0,015109874;0,000818894;0,070701902;-0,006055418;0,022566958;0,006754423;0,029005793;0,000579652;0,011898449;0,009463655;-0,004761961;0,006360391;-0,002915555;0,007030957;0,010534846
2023-12-22;0,014851493;-0,007519091;0,010000089;0,016429305;0,00276272;0,001380158;0,001523189;-0,001353191;0,003818931;0,017577238;0,011114118;0,014122815;0,015858582;0,007158941;0,015013421;0,03325567;0,008894291;0,01435413;0,003297649;0,017544074;0,016111654;0,004319801
2023-12-26;0,002926869;0,0087124;0,003126542;0,004310382;0,009184446;0,010337779;0,00266167;0,016260225;0,013315352;0,01774039;0,019073602;-0,001369764;0,01020722;0,011020157;0,002970905;-0,007340492;0,002859157;-0,004716932;0,00575203;-0,011494418;0,001057092;0,005875573
2023-12-27;0,007781869;0,001126615;0,015064983;0,002145994;-0,001456045;-0,00545704;0,001896065;0,001333344;0,007240471;-0,006421991;0,003564971;0,00411538;0,006835107;0,018344555;0,005923865;-0,001706568;0,003326156;0,066350644;0,003267565;0,011628076;0,00263981;0,004950087
2023-12-28;0,000965222;-0,004126128;-0,009211822;-0,005353338;0,009660933;-0,002057601;0,003406441;-0,00532634;0,001331138;0,009233646;0,019538104;0,011839448;0,002656283;0;0,006478472;-0,007407414;0,00473606;-0,040000075;0,00190054;0,002873584;-0,00609815;-6,70671E-05
2024-01-02;-0,019286334;-0,030131882;-0,007231512;-0,017222861;-0,01137394;-0,019341925;0,002640505;-0,020080217;-0,01010367;-0,034766707;-0,012195144;-0,022052239;-0,012733872;0,009226608;-0,019894724;-0,01205523;-0,016261994;-0,050925911;-0,009211667;-0,037249315;-0,024973379;-0,011089168
2024-01-03;-0,001966766;0;0,004162319;-0,005476471;0,000912949;-0,002823072;-0,001881004;-0,012295179;-0,018533417;-0,028436037;0,011463909;0,014266058;-0,011038474;0,009577676;0,001134196;-0,018593687;-0,001198096;-0,024390207;0,007656377;0,002976212;0,007084477;0,001032427
2024-01-04;-0,012807632;-0,020582596;-0,01347144;-0,01541858;-0,010581945;-0,029016048;-0,001507849;-0,017980575;-0,011864181;0,008292687;-0,004359364;-0,007713176;-0,00663649;-0,033203798;-0,013731284;-0,039076348;-0,008634976;-0,034999968;-0,01329705;-0,03560832;-0,012445943;-0,012105334
2024-01-05;0,020958175;0,000396686;0,007878194;-0,00223699;0,011986113;0,018221457;0,023027623;0;0,021412679;-0,027092379;0,010508135;0,011888398;0,023383136;0,018287171;0,021791728;0,025261749;-0,001693764;0,020725286;-0,010726087;0,027692252;0,014794503;0,006073492
2024-01-08;-0,006842479;0,011494042;0,017196446;-0,00672657;0,008563966;0,022190425;-0,011070097;0,005633778;0,032126386;0,019890582;0,018197605;0,01220053;-0,010682566;0;-0,007701442;0,038461642;-0,004847192;0,06091375;0,002502115;0,008982102;-0,008639214;0,003060073
2024-01-09;0,001968253;0,007053254;-0,004610681;-0,025959286;-0,01499543;-0,015406097;0,01231337;-0,008403428;-0,003429291;-0,034617308;0,021276539;-0,014731959;-0,000599835;-0,014454665;-0,026865936;-0,027199072;0,015099685;0,023923515;-0,02468119;-0,011869606;-0,031045808;-0,007400304
2024-01-10;-0,002947187;-0,001167294;-0,010808087;-0,026651244;-0,0016508;-0,009957356;-0,001105738;-0,004237252;-0,000529407;-0,040909066;0,000833224;0,008155835;-0,000900612;0,007999894;-0,017177746;-0,019036407;0,025911661;0,0186916;0,0042654;-0,003003026;-0,012366455;-0,004610223
2024-01-11;-0,004925771;-0,011686672;0;0,014285719;0,006797881;0,0021552;0,007749052;-0,009929017;-0,007150192;-0,021063698;0,006661511;-0,003595504;0,001802609;-0,009259155;-0,004993822;-0,002425666;0,010523827;0;-0,014156488;-0,006023804;0,0034149;-0,00146743
2024-01-12;0,004950154;0,007883183;0,015608826;-0,005868566;0,005839219;0,010752753;0,021969948;0,008595915;0,022672599;0,018289411;0,00082674;0,01353171;0,00119955;0,027147272;-0,008155316;0,031003135;-0,006479784;0,036697168;-0,004308038;0,00606031;0,002268852;0,002594739
2024-01-15;0,006896541;-0,000390896;0,001536792;0,008264446;0,019593651;0,002127394;0,005374412;0,002840932;0,003390725;0,000528274;0,004132249;0,008455619;0,001796493;-0,003032894;0,003794913;0,002358445;0,013044395;0,008849564;-0,010094869;0,006024226;0,004527363;0,004069075
2024-01-16;-0,016633815;-0,019562088;-0,061381007;-0,01990635;-0,005693759;-0,010615484;-0,028510277;-0,039660023;-0,016376424;-0,02798314;-0,024691254;-0,027802137;-0,014050815;-0,034767423;-0,008821588;-0,017058855;-0,033800864;-0,043859581;-0,020687985;-0,041916225;0,019718346;-0,016932657
2024-01-17;0,002985051;-0,00638447;-0,013078982;-0,00955791;0,001968452;-0,01788287;0,016507684;-0,004424814;-0,023255797;-0,029331831;0,001687828;0,004085378;0,000606464;0,006303395;0,001906996;0,00418908;0;-0,01376163;-0,006248032;0,009374982;0,038674102;-0,005955419
2024-01-18;-0,008928435;-0,021686722;-0,016013302;0,0277443;-0,011609338;0,00874025;-0,011187371;-0,004444407;-0,011093024;-0,008953651;-0,019376673;-0,028028835;-0,00424211;-0,006711409;-0,005710614;-0,017282512;-0,023322186;-0,069767341;-0,007784503;-0,015479644;0,021276457;-0,009399023
2024-01-19;0,005004791;0,005336615;0,015151487;-0,00234738;0,010480679;-0,004332185;0,009489155;0,008928569;0,007387121;-0,003387886;-0,009450095;0,011627713;0,00243439;0,021621514;-0,001914446;0,013947916;0,016325471;0,014999954;0,010259524;0,003144677;-0,014583221;0,002513431
2024-01-22;-0,012947953;-0,002858351;-0,000552831;0,011764748;-0,006616593;-0,022480072;-0,00036162;-0,004424814;0,00108631;-0,022096283;-0,008673062;-0,01195399;-0,016393597;0,005732099;-0,011508932;-0,054425889;-0,022296773;-0,039408785;-0,002986852;-0,040752469;-0,005285458;-0,008101163
2024-01-23;0,014126985;0,024160556;0,025995573;0,004651088;0,017821789;0,018545798;0,010849975;0,056296379;0,010580499;0,031865541;0,010498494;0,013959774;0,004629697;0,008768014;-0,00517471;0,006325174;0,006130546;-0,005128265;0,011683782;0,016339714;0,014346423;0,013119856
2024-01-24;-0,008955087;-0,027988755;-0,00592981;0,038194515;0,001945552;-0,007283215;-0,004651137;0;0,003490052;-0,000561495;0,004329023;-0,001376679;-0,004608362;0,015210708;-0,003901013;-0,00691396;0,000974851;-0,010309285;-0,008883911;-0,019292388;0,001571594;-0,003485027
2024-01-25;-0,002008364;0,01563152;0,001084462;0,006688855;-0,001235688;-0,014673451;0,004672871;-0,001402605;-0,010165829;0,027528185;0,005172465;0,000919202;-0,002160252;-0,000856096;0,002611037;0,022151973;0,001460853;0,078125112;-0,006572782;-0,003278712;0,012029342;0,002761783
2024-01-26;0,007042046;-0,002835197;0,005958934;0,052048765;0,006892968;-0,015636682;0,012880036;0,00983147;0,001080917;0,014215326;-0,001715186;0,00688712;0,01484661;-0,004712871;0,010416572;-0,022910154;-0,006564513;0,004830867;-0,002406085;-0,00328959;-0,002584064;0,006226155
2024-01-29;-0,007991449;-0,012591439;-0,017232153;-0,021052604;-0,007898959;-0,000756544;-0,013422658;-0,019471506;-0,010259036;0,012399;0,000859212;-0,017783919;-0,00518145;-0,00947058;-0,009020752;-0,004435964;0,000244674;-0,004807642;0,002411888;-0,02970282;-0,018134621;-0,00359782
2024-01-30;-0,004028405;-0,009872489;0,000547984;-0,022580705;-0,005131089;-0,01589702;-0,003938448;-0,031205643;-0,02073108;-0,056443096;-0,012875589;-0,007428038;-0,006433429;0,014341591;-0,007152096;-0,008275066;-0,016148764;-0,04347834;-0,007819559;-0,017007021;0,003166151;-0,008567893
2024-01-31;0,011122279;0,019941855;0,000547684;0,011001032;0,003912712;0,006923167;0,012580836;0,002928209;0,003342672;0,005079016;0,001739197;-0,004209583;0,010792329;0,017566341;0,00523887;0,030166879;0,014921622;0,060606101;-0,019703089;0,010380797;0,004734366;0,00274721
2024-02-01;-0,000999775;0,004887894;0,015872958;0,004352595;0,022852131;0,015278852;0,010294541;-0,014598513;0,018323055;0,002245981;0,017360961;-0,008924157;-0,002208205;-0,011368422;-0,00195413;0,006853651;0,019358014;0,048784204;0,008967309;-0,013698922;0,006282701;0,005706369
2024-02-02;-0,001001167;-0,007701708;-0,032866275;-0,015167901;-0,00034653;-0,009029384;-0,028812256;0,001481567;-0,000272697;-0,015126076;-0,03071652;-0,004265444;0,001529477;-0,006388314;0,001240021;-0,025990284;-0,022836479;-0,043689363;-0,001225901;-0,069444388;-0,005202896;-0,010110444
2024-02-05;0,017033889;-0,006944319;0,007799338;0;0,010741596;-0,007592903;0,019536895;-0,007396508;0,008453923;0;0,000880016;0,008567197;0,018937084;0,014144877;0,02023502;-0,045743193;0,004428054;-0,010152201;0,020558404;-0,063432686;-0,001046021;0,003231589
2024-02-06;0,039409115;0,010695276;0,02542837;0,014301526;0,021597471;0,010711348;0,006032584;0,011922525;0,015413575;0,010807766;0,009674579;0,017933009;0,04286565;0,012256906;0,062060249;0,039281115;0,056331191;0,051282051;-0,000601063;0,011951832;0,014136044;0,022125038
2024-02-07;-0,007582775;0,010175011;0,00161726;0,0119305;-0,002684547;0,016654215;0,021164073;0,002945459;0,022103942;-0,010692208;-0,008710691;0,000927185;-0,007185771;0,000417603;-0,159036065;-0,006406288;0,001390978;0,014634126;0,01173268;-0,015747601;0,008776523;-0,006195559
2024-02-08;-0,013371387;-0,024577337;-0,006996738;0,007502665;-0,015141224;-0,020104272;0,005526774;-0,02349483;-0,027357835;-0,003412939;-0,013181074;0,00138966;-0,019687563;-0,004173789;-0,028653582;-0,035460966;-0,005788262;-0,004807752;0,00505505;-0,020000258;-0,022517896;-0,010732362
2024-02-09;0,003871785;-0,010325841;0,00325205;-0,012765962;-0,016569799;0,006079001;0,017863251;-0,015037565;0,006429032;-0,0097032;0,013357136;-0,011563404;0,012699418;0,028918897;-0,00737428;-0,008689926;0,016301773;0,004830979;-0,012722125;-0,02040786;0,005235456;-0,001489662
2024-02-14;-0,000964292;-0,015025341;-0,01512697;0,008620658;0,013548484;-0,028700861;-0,013162335;-0,030534367;-0,014639262;-0,014409222;-0,007908615;-0,007487128;0;-0,0281061;-0,006686657;-0,0155091;-0,014894453;-0,028846214;0,004794989;-0,020833543;-0,032812358;-0,007873401
2024-02-15;0,005791837;-0,002542327;0,019199083;0,055555614;0,000171491;-0,013219348;0,007523853;0,017322817;-0,008103912;0,020467858;0,014171772;0,020744863;0,008457287;-0,002514569;0,004487462;-0,008904037;-0,002558969;0,019802023;-0,009543784;0,008510761;0,008077483;0,006188099
2024-02-16;0,003838469;-0,00297351;0,019375779;0,023279377;-0,008396146;0,003152075;0,012559457;0,009287923;-0,008169682;0,103151814;0,01834057;0,008102995;-0,001156567;0,019327799;0,003722917;-0,004837643;-0,008861736;-0,009708657;0,005721195;0,021097201;0,041666588;0,007214172
2024-02-19;0,00764833;0,008095391;-0,006863852;0,004945616;0,018144115;-0,00314217;-0,00033517;0,003067509;0,012904805;-0,009870158;0,019725583;-0,005542703;0,01100138;-0,010717263;0,012611485;0,013194413;0,008235169;0,024509701;0,002694397;0,024793219;-0,016410201;0,002408216
2024-02-20;0,030360182;0,013524884;-0,00212647;0,016732208;0,006449457;0,019700508;0,023809529;-0,010703449;0,011385328;0,017838414;0,010092472;0,01021824;0,021764171;0,037083267;0,023443158;0,010966444;0,03757287;-0,033492845;0,023290631;0,008064575;0,042752848;0,006819802
2024-02-21;-0,012891024;-0,000417198;-0,011720929;0,001936173;0,002360788;-0,010046285;0,018015069;0,020092744;0,019297543;-0,001546329;-0,019983334;-0,004137943;-0,005605299;0,02490954;-0,003579342;-0,000677973;-0,019343219;-0,029702932;0,068865221;0;-0,016499974;0,000892885
2024-02-22;0,002798606;0,009178453;-0,021563284;0,028985422;-0,022543748;-0,012490349;-0,003539281;0,012121234;-0,005521966;0,063500232;-0,00084965;0,010618544;-0,00567232;0,013720237;0,00574757;0,026458641;-0,002293473;0,076530615;-0,031668214;-0,024000399;-0,004067031;0,001607297
2024-02-23;-0,012392942;-0,008681399;-0,02258951;0,004694853;-0,012392274;-0,015810128;-0,014853075;-0,026946101;-0,023003408;-0,018932101;-0,013605457;-0,009593301;0,002927133;-0,004253612;-0,012857405;0,008592209;-0,00827588;0,018957386;0,014378402;-0,032786678;-0,011230304;-0,006311377
2024-02-26;-0,000969217;0,002919046;0,011273981;-0,002803693;0,009585122;0,002409503;0,011799452;0,020000008;0;0,03315191;0,003448408;0,015682803;0,002919041;0,005825056;-0,001446891;0,001310629;0,001390857;-0,01860469;0,024884597;0,00847464;0;0,0014681
2024-02-27;0,018428698;0,027442903;0,019509434;0,015932542;0,012083473;0,021634731;-0,000647965;0,027149314;-0,010554944;0,011494334;0,00945024;0,015440316;0,012223569;0,002316603;0,015941804;0,056937122;0,021296219;0,042653971;0,010664787;0,071428513;0,014971711;0,016048268
2024-02-28;0,003809686;0;-0,042099485;0,010147529;0,00204687;-0,008128882;-0,010048551;0;-0,004649846;-0,02272734;0,009361625;0,010733521;0,000574961;0,005007951;-0,004279331;-0,027863837;-0,004759871;-0,013636346;-0,001352788;-0,007842756;0,003051809;-0,011648657
2024-02-29;-0,022770406;-0,000809281;-0,029680451;0,010958909;-0,015148951;0,019872738;-0,038637787;0;0;0,019379919;0,009274798;-0,001327401;-0,024712668;-0,00881576;-0,015043189;0,006369416;-0,009337099;-0,018433124;-0,005960637;-0,003952708;-0,003042524;-0,008720372
2024-03-01;0,002289586;-0,004860271;-0,012352893;0,003613401;0,001037055;-0,031956367;0,001702898;-0,001468368;-0,010442504;0,040399165;0,009189567;-0,00310135;0,004352752;0,028615653;0,003636527;0,052531727;0,005747011;0,042253463;0,01635347;0,031745928;-0,008138509;0,001240118
2024-03-04;-0,002912771;-0,01180317;-0,011316243;-0,036903719;-0,004143771;-0,00966178;-0,007140405;-0,013235326;0;0,01142074;-0,012417132;0,000444397;-0,007631724;-0,001503819;-0,00950774;-0,027660847;-0,003428563;-0,040540487;-0,004022775;-0,007692472;-0,010769226;-0,006494813
2024-03-05;0,000973801;-0,004942344;-0,015060243;0,00373835;0,006934769;-0,008943079;-0,006849282;0,017883751;-0,012774192;-0,047425441;-0,000838042;-0,009329394;-0,000886952;-0,054969821;0,005128229;0,010513328;0;-0,004694894;0,007808208;0,054263755;0,003628906;-0,001893393
2024-03-06;0,012645684;0,009933689;-0,004892953;0,000931084;0,014807221;0,004922038;0,004137896;-0,019033682;0,003938084;-0,041251818;0,007550124;-0,006726184;0,010953124;-0,009960223;0,007288543;-0,01774789;0,005275335;-0,02830185;-0,00801459;-0,003676498;-0,000516433;0,006182766
2024-03-07;-0,007684608;-0,006147336;-0,008604861;-0,011162703;-0,009501128;0,00571421;-0,004120845;-0,008955295;-0,00336234;0,009891235;-0,016652719;0,00993211;-0,010541821;-0,034607583;-0,004341566;0,011837904;-0,010951492;-0,009708657;-0,006194572;0,003690064;-0,010335943;-0,004267205
2024-03-08;0,009680468;0;0,017358972;0,021636806;-0,009763668;0,011363654;0,009090909;0,010542253;0,001686899;-0,013222353;0,013547783;-0,014751869;0,009174322;-0,002500942;0,005814053;-0,000615625;0,003690819;0,00490192;0,000541973;-0,018382488;0,009399445;-0,009887798
2024-03-11;0,000958862;-0,004948553;0,006093859;-0,046961298;-0,010032879;0,009630928;-0,015592575;-0,001490325;-0,001964677;0,014888395;-0,01002495;0,00317604;0,004985353;0,01379012;0,005780027;-0,017868105;-0,008044008;-0,024390244;0,006500702;0,007490693;-0,014485331;-0,007452527
2024-03-12;0,01245194;0,014090183;0,009085452;-0,013526543;0,013728266;0,019077789;0,003167896;0,014925418;0,024184658;0,00244495;0,009282768;0,012211704;0,004085276;-0,001648772;0,012213;0,03764101;0,013901624;0,009999917;0,012109668;0,037174579;-0,007348992;0,012241921
2024-03-13;0,012298915;0,003678095;0,003601342;-0,011753187;-0,011111103;-0,00468008;0,001754417;0,017647053;0,026908184;0,016097557;-0,031772648;0,013404827;0,009880803;0,018166638;0,010645803;0,022370237;-0,008455169;0,004950557;0,010901296;0,02867385;-0,004230615;0,002647492
2024-03-14;0;-0,002442952;-0,008373094;-0,020812741;-0,004389071;-0,019592563;0,005604141;0,014450839;-0,005882429;0,00816131;-0,041450671;0,005291092;-0,000575676;0,023114357;0,006320149;-0,023654805;0,014058643;-0,009852237;-0,006049352;-0,020905885;0,007434983;-0,002468634
2024-03-15;-0,003738196;0,006530775;-0,009650213;-0,010121494;0,010227612;-0,014388488;-0,007314494;-0,001424513;-0,024475493;0,03380948;0,029729636;0,021491096;-0,005470705;0,002378311;-0,015352629;-0,067231939;-0,022727212;-0,024875623;0,005557068;-0,117437603;-0,000527178;-0,007424231
2024-03-18;-0,000938115;-0,006893908;-0,00365404;0,01533748;-0,021993649;0,002433034;-0,003859629;-0,00570618;-0,008822823;0,008751752;0,01312334;0,024473953;0,004053416;-0,001186334;0,006378627;0,007142852;-0,036046514;0,071428617;0;0,044354825;0,002109569;0,001672689
2024-03-19;-0,005633737;-0,005308286;0,009779923;0,024169193;-0,003569306;-0,004045243;0;0,012912515;0,012517616;0,056164364;-0,002590845;0,02388939;0,001441539;-0,010292985;-0,005633899;0,006447593;0,01109772;-0,061904841;0,019999653;0,003861032;0,010000191;0,0045292
2024-03-20;0,013219823;0,020936051;0,019370406;0,020648926;0,010746819;0,035743341;0,00810147;0,018413605;0,02472517;0,156939092;0,030303162;0,013507954;0,002015768;0;0,012748054;0,047238072;0,013361971;0,040609225;0,00180614;0,034615315;0,007295441;0,012514801
2024-03-21;-0,013979276;-0,009650189;-0,008907295;-0,004816973;-0,013999577;-0,027450941;-0,012578605;-0,004172495;-0,000804384;0,002615833;0,013445606;0,002019469;-0,010344845;0,0108;-0,01118884;-0,01914762;0,001177298;-0,029268354;0,015451881;-0,11895905;0,016554521;-0,007481123
2024-03-22;-0,015223853;-0,022330549;-0,01617738;-0,017424983;-0,00413382;-0,032258123;-0,016277476;-0,008379817;-0,015562022;0,017517679;0,024046291;-0,0141072;-0,013983527;-0,017411983;-0,012729693;-0,015113394;-0,01081845;-0,035175903;0,007862131;0,033755049;0,004580044;-0,008832778
2024-03-25;-0,009661751;-0,002491744;-0,013398287;-0,0177339;0,003970427;-0,008333542;0,000359703;0,016901334;0,006268664;-0,045421238;0,007287452;-0,011856136;0;0,012887669;-0,00143273;0,003196962;0,004992792;-0,00520829;-0,016184429;-0,012244533;-0,009118387;-0,000755745
2024-03-26;0,013658746;0,001665249;-0,011728377;-0,00401207;0,005392728;0;-0,01438327;-0,087257564;0,010021675;0,006523411;0,002411395;0,017790689;0,01986969;-0,001988008;0,014347114;-0,012109712;0,003785221;-0,068062808;-0,00665996;-0,008264522;0,001533768;-0,000535724
2024-03-27;0,00866191;0,003325056;0,013116688;0,011077563;0,00071534;0,014556295;0,026267762;0,018209403;-0,005095291;0,045367921;0,024854153;0,022357742;0,005524837;0,010358502;0,015558841;0,054193672;-0,013198214;0,02247184;-0,005930983;-0,008333511;0,00408364;0,006526726
2024-03-28;0,001908452;-0,009113529;-0,001232951;-0,002988;0,011613356;-0,002496027;0,012086671;0,005961226;-0,018059166;-0,037199141;-0,003174554;0,004373781;0,00173515;-0,013801199;-0,006963785;0,039167608;-0,004060155;-0,01098892;-0,009078611;-0,008403424;0,005592284;0,003250033
2024-04-01;-0,026666598;-0,010033263;-0,028395074;0,007991977;-0,0095374;-0,018348435;-0,011942328;0,014814787;-0,025253948;-0,003787893;0,010350041;-0,007521751;-0,034149712;0,007596833;-0,009116462;-0,008244978;-0,018944855;-0,011111134;-0,005497732;0;0,011122307;-0,008711536
2024-04-02;-0,003914068;0,000422192;-0,018424392;0,01486616;0,001604938;-0,003398696;-0,002488536;0,002919731;-0,000844818;-0,009885868;-0,000787829;0,000797779;0,001195999;0,007539747;0,005596668;0,038004746;-0,003666681;-0,022471957;0,004738194;-0,00423726;-0,00900003;0,004401921
2024-04-03;0;0,005909656;0,007766969;-0,006835924;0,003916705;-0,002557562;0,006771266;-0,016011557;-0,000281692;0,00268816;0,003943107;-0,015942574;-0,00746717;-0,028357528;0,019732165;-0,025743691;0,003189414;-0,028735574;-0,007335682;-0,055319263;-0,001008956;-0,001811069
2024-04-04;-0,012769983;0,002098157;-0,004495829;0,000983268;0,006738593;0,022222432;0;-0,007396508;0,0090217;0,003829892;0,016496556;0,009315218;-0,013241282;0,013781888;0,006219878;0,021726289;0,004891265;0,047337192;0,005542607;0,013513616;-0,01717178;0,000863978
2024-04-05;-0,005970383;-0,002512613;-0,014838684;-0,025540252;0,004227688;0,003344361;-0,012035405;-0,01341285;-0,010896931;-0,018695146;-0,005409354;-0,009630782;-0,001829328;0,015593762;-0,0027471;-0,026436799;-0,003650724;-0,033898261;-0,002887409;-0,00444454;-0,006680316;-0,004967511
2024-04-08;0,011011236;0,008816154;0,034708595;0,058467695;0,015611392;0,010833349;0,024364041;-0,003021172;0,025988507;-0,028382565;0,013985892;0,010939966;0,014970715;0,009842488;0,006886707;0,012396774;0,01221307;0,040935699;0,005528124;0,022321785;0,003104036;0,016262471
2024-04-09;0,010891309;0,004577624;0,009493597;0,014285673;0,008462692;0,021434492;0;-0,00606058;0,0002754;-0,005202047;0,019923349;0,014028241;0,010535873;0,01442492;0,006155984;0,008163249;0,003619786;0,02247184;0,015706651;0,026200634;0,009798799;0,008016639
2024-04-10;-0,019589075;-0,028997368;-0,024451359;-0,027229981;-0,013529574;-0,034705337;-0,031129674;-0,015243874;-0,03660885;-0,00603385;-0,012772545;-0,003952441;-0,021149702;-0,0196004;-0,021074046;-0,053209913;-0,020918518;-0,02747253;-0,010309387;-0,008510761;0,001532201;-0,014135037
2024-04-11;0;-0,005119654;-0,035347024;-0,008687214;0,00243057;0,001672138;0,002888016;0,006191923;-0,008000052;-0,006879732;-0,0022828;0,00039688;-0,00182613;-0,002351925;-0,000694386;0,019547844;-0,046168965;-0,022598684;-0,004166817;-0,017167031;-0,041815378;-0,005138457
2024-04-12;-0,010988546;-0,02058331;-0,008660918;-0,009737133;-0,012989265;-0,022537458;-0,030957454;-0,013846188;-0,012096679;-0,031377361;-0,019832165;-0,011106787;-0,010365755;-0,025147223;-0,012508672;-0,037747049;0,004634296;-0,040462568;-0,006799077;-0,043668132;-0,015433784;-0,011381833
2024-04-15;-0,017171922;-0,021891326;-0,032258107;0,004916439;-0,009299933;-0,01964152;-0,00037154;-0,057722309;-0,019242055;-0,019772874;0,009338375;-0,019254029;-0,016943955;-0,002418476;-0,014778375;-0,012453276;-0,013582655;-0,078313169;-0,008952123;-0,041096316;-0,021621678;-0,004859225
2024-04-16;-0,01438858;-0,011638312;-0,018749966;-0,016634072;-0,011335451;-0,013066113;0,001114879;-0,006622488;-0,010107038;-0,016308977;-0,011565083;0;-0,007521184;-0,022626295;-0,007142831;0,013871274;-0,005196141;-0,006536029;0,030021335;-0,028571181;0;-0,007539854
2024-04-17;-0,004170674;-0,011322467;0,019108245;-0,012935311;0,002149702;-0,007943476;-0,00556795;0,006666638;-0,016816745;-0,020942388;0,004680081;-0,003680892;0,000631421;0,00620091;-0,00503621;-0,026119354;-0,005745588;0;-0,01418609;-0,024510123;0,000552518;-0,001752567
2024-04-18;-0,001047643;-0,00824549;-0,002083276;0,002016097;-0,001430035;-0,008896796;-0,008958585;0,009933854;-0,006414244;-0,001336929;0,013975231;-0,00492629;0,001262287;-0,008217058;-0,004338029;-0,015964321;-0,0039401;-0,013157854;0,009942384;-0,02512533;0,006626218;0,000201335
2024-04-19;-0,001048018;0,002771525;0,003479444;0,039235377;-0,007876883;0,003590719;0,000753277;-0,003278796;0,00276669;-0,00490855;0,003828568;0,015676625;-0,005672768;-0,009928309;-0,00944102;0,015574349;-0,003164754;0,026666583;-0,00129564;0,015464177;0,030718622;0,00747206
2024-04-22;-0,001049315;0,000921112;0,009708745;0,02323331;-0,01154817;0,008050143;0,0015055;0,011513251;0,021459305;0,010313967;-0,00991621;-0,021527121;-0,000633984;-0,005579281;-0,004398625;-0,003833784;-0,002909977;-0,006493385;-0,007263058;0,015227966;0,00212872;0,00358844
2024-04-23;0,007352922;0,004601849;-0,009615392;-0,139072762;0,007666999;-0,015971711;-0,021796421;-0,009756095;-0,017106784;0,001331504;-0,008474428;-0,009132367;0,014906508;-0,012947898;0,006627257;-0,001924269;-0,013000601;-0,058823581;-0,007316514;0,005000038;0,004779623;-0,003384486
2024-04-24;-0,0020855;-0,010535874;-0,009015283;-0,037362684;-0,003623211;-0,013525789;-0,016135162;-0,006568116;0;-0,000886461;-0,004662094;-0,012149186;-0,004375084;-0,016615586;0;0,001927979;-0,01182811;-0,006944459;0,006317627;-0,004975162;-0,002114158;-0,003252149
2024-04-25;-0,005224647;-0,049074352;0,004898534;-0,030821985;-0,004363584;-0,010054788;0,027333068;-0,006611541;-0,00458038;-0,006654903;-0,015612624;-0,013994985;-0,005649781;0,012894626;-0,000731552;-0,005131484;0,009248994;-0,027971941;0,011508983;0,075000293;-0,004237273;-0,000761578
2024-04-26;0,017857163;0,044303899;0,027855214;-0,000845844;0;0,036011322;0,007221574;0,019966715;0,046012396;0,018758378;-0,00158625;-0,006881729;0,016729836;0,035557439;0,016105239;0,012894956;0,016172584;0,028776887;0,014223093;0,009302264;-0,003723424;0,015082714
2024-04-29;-0,003096226;0,002331175;-0,005420039;0,00121954;0,00620895;-0,007130323;-0,002264096;0,006525256;-0,004692197;-0,018851395;0,007942522;0,002165422;-0,007761512;0,004239025;0,012968287;-0,001273146;0,008950105;0,013985971;0,00356949;0,03686631;0,024559575;0,006528302
2024-04-30;-0,010351618;-0,028837113;-0,012261647;-0,036540827;-0,004718643;-0,031418308;-0,02231469;-0,008103792;-0,015910331;-0,049150961;0,020346567;-0,004321381;-0,018773386;-0,009708564;-0,00426723;-0,02294458;0,006112193;-0,062068956;0,00482752;-0,03555551;-0,005211156;-0,011213016
2024-05-02;0,015690269;0,025778474;-0,003448249;0,008849579;0,010576127;0,025023147;0,01895546;-0,008169919;0,023053951;0,036654077;0,063460071;0,005642188;0,014601704;-0,006393872;-0,01142843;0,019569358;0,013734847;0,073529416;-0,017699456;0,027649652;-0,00766888;0,009513675
2024-05-03;0,011328498;0,035520345;0,0200692;0,002506263;0,018404864;0,029837359;0,011009844;0,028006569;0,033655212;0,044877597;0,012511797;0,00690549;0,01257862;0,033461924;-0,002968443;0,049264332;0,014851524;0,075342484;-0,002059015;0,031390371;0,010485625;0,010910779
2024-05-06;0,001018263;-0,002858295;-0,034599783;0,004999995;0,005669773;0,010535627;-0,016522635;-0,036858873;-0,004812976;-0,145336164;-0,00855533;-0,005707845;0,006210667;-0,025736888;-0,000725554;-0,027438936;0,005905052;0;-0,003611131;0;0,015292219;-0,000334607
2024-05-07;0,015259563;0,007166378;0,030217923;-0,00373131;-0,003171267;0,006081471;0,016418403;0,001663824;0,004836253;0,017766419;-0,010546336;0,0164191;0,020679468;-0,005112779;0;-0,001253916;0,005615001;0,025477761;0,006989594;-0,004347736;0,00591726;0,005791416
2024-05-08;0,011022141;0,001897842;0,006821297;0,006242221;0,003181356;0,007772161;0,006761828;0,009966693;-0,020101953;-0,016957614;0,00775211;0,0146504;0,006350109;0,001713118;0,002178493;0,057752552;0,00482242;0,024844643;0,004884188;0,004366721;-0,00213913;0,002097361
2024-05-09;-0,015857303;-0,025094939;-0,014905208;-0,00744422;-0,043692779;-0,039417335;-0,063432793;0,026315839;-0,04045065;-0,021816257;-0,011538746;0,009781071;-0,030047974;0,008550542;-0,025362341;-0,064688408;-0,037383134;0,012121238;-0,004860448;-0,056521848;-0,008574489;-0,009986021
2024-05-10;0,011077386;0,02962618;-0,01788169;-0,004999995;0,017686181;-0,024085797;-0,024701099;0,01602569;0,009334454;-0,011410851;-0,014591205;-0,006918864;0,011461958;0,012293451;-0,005948044;-0,041878092;-0,006297765;-0,077844352;0,001799322;-0,046082839;-0,001081065;-0,004587013
2024-05-13;0,007968045;0,008018812;0,004901965;0,00251256;0,007603075;0,026508281;-0,001225547;-0,023659338;0,016408027;-0,001573913;0,003948599;0,006502678;0,012251311;-0,01046906;0,004487683;0,00198679;0,001848527;0,02597415;0,002822949;-0,019323881;-0,002705714;0,00434953
2024-05-14;0,015810423;0;0,004181207;-0,010025053;0,006467959;0,021371379;0,012678887;0;0,018197905;0,024697809;0,015732399;-0,010152288;0,010892444;0,015657981;-0,000744634;0,004626445;0,007907367;0;0,013561833;0,009852429;-0,003255577;0,002809098
2024-05-15;-0,000972821;0,035563655;-0,002081899;0,003797435;-0,012852631;0,003487501;0,014943435;0,016155058;0,021908373;-0,012820513;0,014520885;0,007925192;-0,002693693;-0,008749898;-0,009687029;-0,019736881;-0,001569313;0,018987315;0,000252439;0,014634185;0,001088779;-0,003789441
2024-05-16;0,004868781;-0,003614706;0,00904036;0,005044131;0,001084998;0,006081471;0,002785616;0,079491343;0,00479544;0,005194825;-0,014313047;0,009250755;-0,003001221;0,004623746;0,005267089;0,006040374;0,006548071;-0,012422451;-0,000504852;-0,004807727;0,003806424;0,001999563
2024-05-17;-0,005814059;-0,007256232;-0,012405305;-0,001254674;0,000361195;-0,01381696;-0,014285869;0,01178198;-0,016002079;-0,008268726;0,005808684;-0,022456386;0,000300849;-0,008786703;0,005239578;-0,01734494;-0,005984955;0;0,001010112;-0,01449286;-0,002708519;-0,001036762
2024-05-20;-0,004873159;-0,012791122;-0,008374018;0,023869294;0,008306456;0,000875693;-0,007648853;0,017467245;-0,017403823;0,032308437;0,010587054;0,013595735;-0,003009043;0,002110763;-0,007445913;-0,002715541;-0,035340349;-0,012578578;0,005297607;0,004902066;0,013579565;-0,003121318
2024-05-21;-0,000979552;-0,00832927;0,011963425;0,017177957;-0,00071657;-0,001749763;-0,001217095;-0,007152992;-0,009581947;0,014639118;0,019999756;-0,009713211;-0,005131405;-0,007582191;0,005251283;-0,039482644;0,018995893;-0,012738881;-0,002258468;0;-0,008038653;-0,0026536
2024-05-22;-0,007843362;-0,013532673;-0,021557745;-0,014475258;-0,014336851;-0,030674843;-0,005686296;-0,086455374;-0,029316777;-0,009452763;-0,024276401;-0,019149768;-0,01547346;-0,019949124;-0,022388006;-0,07087175;-0,034886668;-0,051612813;-0,01207236;-0,019512475;-0,008103671;-0,013829153
2024-05-23;-0,008893197;-0,003784293;-0,010660969;-0,017135905;-0,020363604;0,004520702;-0,024918383;0,011040941;-0,017215344;-0,03013563;-0,006698465;-0,012380948;-0,008936754;-0,027717524;-0,016793922;0,02212061;-0,002759393;-0,034013604;-0,006364397;-0,004975162;0,003267989;-0,007329885
2024-05-28;0;-0,012172177;-0,013503889;-0,012484442;-0,003283572;-0,002702905;0;-0,003086368;0,000310348;0,008355084;-0,017324503;-0,006657178;-0,005355725;-0,012340129;-0,00077334;-0,010494646;-0,009392196;-0,065399372;-0,003128685;-0,02061871;0,00327685;-0,005751189
2024-05-29;-0,010030251;0,00473923;-0,002881836;-0,017699099;0;-0,017163467;-0,015435939;-0,02167177;-0,009615362;0,000517878;-0,010773765;-0,009095298;-0,006969042;-0,023650201;-0,010061912;0,012121189;-0,015616335;-0,017087057;-0,013078607;0;-0,022863345;-0,008668606
2024-05-31;-0,01418436;-0,010849205;-0,015895945;-0,025740001;-0,007320609;-0,01654404;-0,018220343;-0,018987414;-0,010648316;-0,021739135;-0,014851806;-0,018357564;-0,010207277;-0,015539388;-0,009382559;-0,017964037;-0,014447699;0,02566235;-0,004771059;-0,021052275;-0,007242233;-0,004963042
2024-06-03;0,007575257;0,009060611;-0,000734267;0,001320971;0,001106121;-0,000934618;-0,006473913;0,008064501;0,030705976;-0,014285739;0,022110842;-0,002460538;0,01411217;-0,006963692;0,006314223;-0,007622025;0,018971096;0,023405895;-0,005592468;0,010752163;-0,021885589;-0,000540549
2024-06-04;0,005112377;0,009924433;-0,019103512;-0,0131926;0,002946771;0,001870888;-0,001737669;-0,031999939;-0,008906642;-0,001610241;0,007866199;-0,002959972;0,003497652;-0,020570379;0,009345337;-0,010752668;0,008744613;-0,081230252;0,012319306;0;0,030407362;-0,001884752
2024-06-05;0,005086501;0,00280808;-0,005243523;-0,025401077;0,002203385;0,002801044;0,001305543;-0,008264528;0,006817503;0,003763424;0,004878319;-0,020287029;-0,001901219;-0,002864056;-0,005447308;0,000776441;0,009507761;0,04635185;-0,006878541;-0,037233884;-0,023942064;-0,003242968
2024-06-06;0,006072734;0,015865291;0,017264459;0,004115255;0,013191566;0,031657506;-0,00391134;0,019999995;0,024930619;-0,04124266;0,013591903;0,013636385;0,012698399;0,007180593;0,021126511;0,038013936;0,012188488;0,04183762;0,007192542;0,049723747;0,00171126;0,012289242
2024-06-07;-0,024144881;-0,019292694;-0,02528735;-0,01912573;-0,016997981;-0,029783406;-0,033158836;-0,003267919;-0,018618515;-0,015083825;-0,024903999;-0,003487859;-0,014106528;-0,011406885;-0,007662619;-0,015695081;-0,022167624;-0,075590548;0,001057825;-0,05263161;-0,017653698;-0,017347578
2024-06-10;-0,008247126;-0,010304547;0,001572288;-0,0181058;0,001103599;-0,02418608;0,015794221;-0,024590197;-0,033047833;0,019852547;-0,002947105;-0,001999881;-0,007948914;0,024038464;-0,006949992;-0,031131344;0,006996951;-0,018739304;-0,001056707;-0,00555552;-0,001159471;-5,79629E-05
2024-06-11;0,014553153;0,005206124;0,007064376;0,011347507;0,011025425;0,005719869;0,009773478;0,05210084;0,019936679;0,017797536;0,008867013;0,019038043;0,011217893;0,01408464;0,005443341;0,016457786;0,006670352;0,079861096;-0,000264456;0,016759904;0,019152629;0,007245777
2024-06-12;-0,009221352;-0,013183076;-0,040529969;-0,011220185;-0,018928499;-0,014218199;-0,039595307;-0,017571867;-0,016754409;-0,022404364;-0,026367056;0,008357904;-0,001584986;-0,031481536;-0,018561654;-0,015420439;-0,017393624;-0,079582035;0,007142853;-0,071428643;-0,003416806;-0,013968019
2024-06-13;-0,010341387;-0,011450276;0,012185184;0,015602788;0,006782091;-0,030769307;-0,005496889;-0,003251978;0,005995434;0,026830714;0,017050968;-0,00292555;-0,010476139;-0,013384312;0,000787973;-0,014095511;-0,000280967;-0,020087334;0,009193502;-0,017751779;0,003428521;-0,003068303
2024-06-14;0;0,004826358;0,016853936;0,002793293;-0,002479878;0,0287698;0,001842326;0,004893922;0,000627384;0,002177409;-0,012820463;-0,00440077;-0,000962258;0,003875983;0,010236305;0,015885687;0,003091625;0,019607885;0,009109857;0,006024228;0,003986406;0,000786164
2024-06-17;0,007314529;-0,00816517;-0,014996096;-0,011142051;0;0,018322241;-0,008275855;-0,009740257;-0,007210074;-0,051059236;0,00599406;-0,000982368;0,024405631;-0,025579085;0,010912138;-0,028928751;-0,015410422;-0,039335701;0;-0,029939847;-0,001701686;-0,004379001
2024-06-18;0,00726148;-0,002905673;0,0008013;0,018309876;-0,013988779;0,004734848;-0,004636054;0,031147464;0,008525524;0,006868966;0,003972001;0,004916344;-0,000626959;0,012877504;-0,015502683;-0,004830815;-0,003130458;-0,00363968;0,002321486;0,012345857;-0,004545454;0,004129665
2024-06-19;0,010298593;0,000971451;0,02241799;0,015214403;0,007285305;-0,006073078;0,009315393;0,028616846;0,009705612;0,009096069;0,008902346;0,003424723;0,007841939;0,001467041;0,004846501;0,021844568;0,000570917;0,011872029;0,024446704;0;0,00856165;0,005274597
2024-06-20;-0,001019259;0,001455656;-0,00704778;0,036784738;0,004567958;-0,013384438;-0,006460582;0,017001606;-0,013023215;0,011267649;0,004901798;0,002437851;-0,006847176;0,002929669;-0,002411742;-0,009501077;-0,015977046;-0,037003459;0,024365461;-0,012195296;0,001697834;0,001538321
2024-06-21;-0,002617253;0,009205158;0,016561517;-0,009198446;0,008336401;0,006783104;0,002786741;-0,019756921;0,020420987;0;0,025366002;0,001459111;0,006980748;0,018987281;-0,000805768;0,001598531;0,005798681;0,014995248;0,007356677;0,074074193;-0,013559319;0,007430716
2024-06-24;0,020661108;0,022563865;0,024049609;0,019893912;0,007516094;0,011549486;0,022232563;-0,003100724;0,012315386;0,002228357;0,015464885;-0,001456985;0,014429209;0,005255675;0,00322594;0,017558014;0,008648123;0,122807043;-0,005112007;0,02298811;-0,001145525;0,010680644
2024-06-25;0,002024475;-0,000938865;-0,001515114;-0,019505864;0,002983835;-0,018078096;-0,016311626;-0,003110445;-0,004562209;0,001111754;0;0,00340452;0,003091987;-0,028992235;-0,008038513;-0,007059038;-0,004572803;-0,029605155;0,017127712;-0,005618021;-0,00286693;-0,002495169
2024-06-26;-0,005050524;-0,013157989;0,015933235;0,033156499;-0,006693874;-0,009689839;-0,008751806;-0,00780022;-0,008860444;-0,008883945;-0,017110601;0,010179545;-0,001849676;0,017621034;0,002431105;-0,030716372;-0,005167881;-0,027118699;0,009140962;0;-0,000575102;0,002534108
2024-06-27;-0,001015446;0,011428669;0,028379395;0,026957643;-0,000374247;0,017612352;0,025092915;0,056603756;-0,007706484;0,033053229;-0,029013396;0,024472029;0,001853104;0,026454993;0,004041956;0,038778933;0,029148548;0,063588756;-0,005959225;0,0621469;0,009781482;0,013592518
2024-06-28;-0,002032453;-0,005649714;-0,016703013;-0,011250019;0,000374387;-0,015384348;-0,020852193;-0,005952428;-0,039763875;-0,031453357;-0,014940163;0,004215463;-0,000924643;-0,020618465;-0,003220565;-0,00873714;0,005328133;-0,013103956;0,011750602;-0,058510645;-0,005698054;-0,003225858
2024-07-01;-0,007128261;-0,001894247;0,003692776;-0,005056885;-0,013103641;0,02246082;0,006481421;0,001497018;0,009382152;-0,013437837;0,03134474;0,016791174;-0,004703273;-0,023645585;-0,008885372;-0,001602564;0,018409925;0,007468852;-0,003732483;0,011299602;0,072206235;0,006545232
2024-07-02;0,008205045;-0,014705723;-0,008830014;0,012706468;0,003414311;-0,001910223;-0,010579514;0,023916262;0,003525622;0;-0,011764816;-0,004587185;0,013027231;0,017543934;-0,00171645;-0,024076866;0,01835119;0,002471218;0,001429657;-0,072625937;0,023516925;0,000553248
2024-07-03;0,014242146;0,022628938;0,031922743;0,002509408;0,009829753;-0,001913781;0,016736485;-0,021897769;0,031299977;0,034619675;0,027777795;-0,011059958;0,00612361;0,035467974;0,003270919;0,0222039;0,004572347;0,033689428;0,001903391;0,060241691;-0,014099251;0,007011948
2024-07-04;0,003009175;0,028719124;0,01726624;0,020025013;0,00524152;0,014381466;0;0,01194032;0,015578407;0,001097118;0,00096517;-0,000465904;0,0015217;0,022359726;0,004074864;0,064360329;0,022757677;0,047694687;-0,005224454;0,045454314;0,009004166;0,003994843
2024-07-05;-0,004999957;0,01601845;-0,002828852;-0,019631884;-0,004469125;-0,005671086;0,010516626;0,011799358;0,005867658;0,003287642;0;-0,025641189;0,000607602;0,028850479;0,011363498;0,009070296;-0,006806244;0,038695114;0,007161548;0,016304621;-0,013123289;0,000816398
2024-07-08;-0,004020028;-0,009008907;-0,009219866;-0,01501876;-0,016460963;0,016159673;0,022171787;0,004373141;-0,005526519;0,013107579;0,016393629;-0,001435269;-0,001821852;-0,004070659;0;-0,018726724;-0,001581496;-0,058436933;0,054041174;-0,016043045;0,011702078;0,002225443
2024-07-09;0,006054225;0,005908741;0,007873991;0,019059793;-0,003423321;-0,006548234;0,017264326;-0,018867789;-0,012658217;-0,005929849;-0,002846356;-0,000479075;0,006997152;0,008174594;0;0,010687114;0,017687485;0,048099243;0,001799138;0,021738758;0,003680282;0,004425198
2024-07-10;0,014042342;-0,010392785;-0,00355115;-0,012468875;0,015648628;0,010358071;0,000870301;-0,013313715;-0,00844281;0,011930548;-0,004757389;-0,001917642;0,010573979;0,012612541;0,016854176;0,004531636;-0,00830092;-0,002960699;-0,011223484;-0,015956974;0,001571602;0,000865406
2024-07-11;0,004945371;0;0,019244509;0,010101;-0,004885325;0,029822778;0,006521857;0,02398805;0,002838233;0,032690279;0,02294453;0,00336211;0,005979062;0,023131602;0;0,030827206;0,009939901;0,01781741;0,020658352;0,027026693;0,002091958;0,008457923
2024-07-12;0,004921523;0,009132315;-0,001398633;0,007500052;0,013217617;0,041629022;-0,019438428;-0,00146414;0,022641475;0,006746194;-0,001869118;0,002872227;-0,005646406;-0,010869498;-0,002367907;-0,011670315;0,012690909;0,011670262;0,020462743;-0,005263124;-0,002609504;0,004700142
2024-07-15;0,000979338;0,012217336;0,002100888;0,013647599;0,004472614;-0,004344099;-0,013215909;0;-0,010762529;0,006701086;0,003745354;0,015274498;0,003885248;-0,00351645;-0,002373351;0,0140221;-0,008951444;0,033165175;0,013731383;0,021164107;-0,00784936;0,003289448
2024-07-16;0,002935201;-0,004023389;0,001397589;-0,003671938;0,003339485;0,001745026;0,006250037;0,007331364;-0,003730198;-0,002048178;0,013992466;0,004231215;0,005954142;0,007057717;0,003171908;-0,001455604;0,006451751;-0,048848598;0,003655118;-0,041450579;0,020569747;-0,001631599
2024-07-17;0,010731653;0,004937014;-0,002093491;0,050368529;0,009985266;0,000871303;0,029724865;0,004366775;0,013416528;-0,016418661;0,028518929;0,008895271;0,010950134;0,021025265;0,011857904;-0,005102084;-0,010769253;-0,012472475;0,007926316;-0,021621931;0,001550244;0,002633413
2024-07-18;-0,009652189;-0,031710331;-0,029370634;-0,017543926;-0,004394159;-0,027850345;-0,027574288;-0,044927467;-0,024630456;-0,039645291;-0,022361542;-0,006496744;-0,004683906;-0,010725235;-0,018750081;-0,035897317;-0,025142419;-0,058692506;0,007439057;-0,04972367;-0,003611918;-0,013889533
2024-07-19;0,009746262;0,000461003;0,010806889;0,015476205;-0,002942212;0;0,028799152;-0,006069776;0,002209542;-0,004888656;-0,034766518;0,004670745;0,007647082;0,001300954;-0,00557318;-0,008358707;-0,013826256;-0,007892595;-0,002320779;-0,029069985;0,002071556;-0,000282017
2024-07-22;0,002895836;0,024896457;0,001425549;0,003517079;0,001106644;0,010743078;-0,006029048;-0,006106843;0,012598412;0,025109225;0,02464484;0,022315511;-0,000583659;0,008228702;0,011209008;0,038314181;0,020221051;-0,019093036;-0,002537477;0,011976224;-0,018088068;0,001911986
2024-07-23;-0,011549421;-0,014395052;-0,025622819;-0,031542108;-0,005895343;-0,009743105;-0,010831991;-0,029185871;0,001555278;-0,031948901;-0,012026213;-0,012278525;-0,001460222;-0,0158935;-0,007125954;-0,027306234;-0,015591985;-0,012165433;-0,002544104;-0,029585524;-0,015789243;-0,009932739
2024-07-24;-0,001947596;-0,011410359;-0,008765514;-0,021712944;-0,004077168;-0,013416881;-0,002628149;-0,007911455;-0,007143009;-0,022002179;-0,003745121;-0,00046053;-0,001462505;-0,003491991;0,000797515;-0,023520619;0,001342172;-0,041871964;-0,008501632;-0,036585803;-0,013369096;-0,00131922
2024-07-25;-0,008780438;-0,010157168;-0,001473803;0,020961786;0,000744273;-0,01178601;-0,024154652;-0,014354102;0,002815275;0,008436424;-0,000940063;-0,013818506;-0,004393942;-0,003942081;-0,01593616;0,024087164;0,008579102;-0,005998254;-0,015005252;-0,006329163;-0,011382135;-0,003709768
2024-07-26;0,012795337;0,010727863;0,011070082;-0,235507231;0,008553449;0,004587116;0,030603269;0,022653823;0,016219652;0,013943112;0,014111052;-0,00980838;0,007355408;0,021987549;0,008096756;0,011380837;0,019936289;0,024999917;0,02110988;0,006369476;0,004386092;0,012210807
2024-07-29;0,003887621;-0,002768603;-0,018978119;-0,044233766;0,00147506;-0,009132249;-0,010043699;-0,018987414;-0,008594385;-0,015951645;0,014842209;0,032075429;0,007301184;-0,006024063;0,00401631;0,013503464;-0,004691207;-0,058031953;-0,009377653;-0,012658326;-0,006550375;-0,004219873
2024-07-30;-0,007744892;0,00231349;-0,004464246;0,046280946;-0,007732013;-0,008295176;-0,009263397;0,017741997;-0,007739907;-0,004471768;-0,006398513;0,007769643;-0,003769073;0,003896202;-0,008000042;-0,03552941;-0,005236883;-0,010714402;-0,013339059;-0,032050814;-0,010988913;-0,006419648
2024-07-31;-0,007804739;0,008310246;-0,000747401;-0,017377588;-0,014842382;0,008364562;-0,011131005;-0,003169675;0,017472768;-0,014598553;-0,000919714;0,00181415;-0,013969632;-0,001293562;0,002419377;0,01765171;0,04158986;-0,000902388;0,104666214;0,006622565;-0,002222254;0,011994704
2024-08-01;-0,018682446;0,007783929;-0,022438309;-0,014469402;-0,006779595;0,00184304;0,014408051;0,027027086;0,00490649;-0,020512748;-0,000921019;-0,002263482;-0,014539802;0,011226117;0,01287208;0,0022624;0,014910304;-0,024390154;0,043032156;-0,039474064;-0,008908684;-0,002013286
2024-08-02;-0,014028147;0,000908677;-0,005355753;-0,030995115;-0,00796357;-0,000919825;0,013759378;0,001547923;-0,000915475;-0,036649276;-0,015668207;-0,014972933;-0,012586123;-0,004696612;0,006282356;0,035364897;-0,045069843;0,0712962;-0,057153628;0,027397471;-0,003370802;-0,012096236
2024-08-05;-0,002032453;-0,011348008;-0,015384601;-0,021885541;0,001529109;0;-0,03064798;0,023183959;-0,029016607;-0,027173845;0,005617972;-0,012897124;0;-0,013728368;0,075889392;0,015261672;-0,017209803;-0,002592873;-0,015563543;0;-0,012401367;-0,004640297
2024-08-06;0,021384847;0,021120181;0,015624985;-0,006884675;0,017175483;0,002762388;-0,00090332;0;0,015413589;-0,006828095;0,000931079;-0,015778166;0,022154716;0,022618661;0,03306386;0,020042952;-0,003979852;-0,02079727;0,002251397;-0,026666866;0,01027402;0,007958809
2024-08-07;0,004985065;0,014838269;0,014615352;-0,006932402;-0,013133221;0,022956923;0,08001814;0,048338456;0,03934353;0,043125033;0,004651178;-0,007225529;0,002672106;0,02509557;0,002133603;0,024561366;0,007458765;0,078760999;-0,013273352;0,054795038;0,008474517;0,009875898
2024-08-08;0;0,002658105;0,008339698;0,01745199;-0,004182504;0,018850969;-0,059439237;0,050432177;0,025335179;0,027561358;-0,009259289;0,006307813;-0,003553388;0,000415159;0,011355595;-0,006849237;0,021152803;0,028712164;0,028352616;-0,006493644;0,007843152;0,008995091
2024-08-09;0,026786053;0,01944321;0,02330823;0,020583171;0,013745651;0,059030879;0,02581232;0,030178432;0,003488386;0,004081615;0,014953529;0,006750072;0,027043199;0,026544837;0,024561655;0,065517207;0,032107804;0,033492809;0,00020115;-0,006535904;0,021122793;0,015187197
2024-08-12;0,004830816;-0,000866926;-0,009551809;0,018487418;0,02146893;0,014975063;0,001735316;0,001331503;0,015643167;-0,039488875;0,012891062;-0,00814176;0,001446679;-0,01090909;0,006849242;0,017475767;-0,011038744;-0,000771647;0,017706354;-0,026316074;-0,015242145;0,0038357
2024-08-13;0,023076746;0,01214769;0,017062352;0,031353145;0,012905618;0,036065458;0,035946337;-0,006648989;0,015402114;0,001209102;0,009090939;-0,000482705;0,028315421;0,033496947;0,012245026;-0,001272338;0,009386116;0,026254802;0,010873864;-0,040540185;0,01160858;0,009777602
2024-08-14;0,020676702;0,013716238;-0,014587878;-0,025599976;0,016745626;0,004746843;-0,013377954;0,016064319;-0,016853999;-0,000603879;0,078378476;0,008695494;0,024725899;-0,002371721;0,008736458;0,031210232;0,00904758;-0,041384471;0,00801876;-0,021127012;-0,005464527;0,006948745
2024-08-15;0,012891599;-0,015222072;0,013323416;0,014778272;0,007876825;0,000787443;0,006355867;-0,006587603;0,034000022;0,021752304;-0,038429507;-0,001915617;0,015903588;0,022979606;0,00999312;0,033971555;0,008717239;0,043171084;0,022506698;0;-0,024725295;0,00626322
2024-08-16;-0,005454813;-0,001287872;-0,018991913;-0,016181215;0,007815341;-0,017309231;0,021276617;-0,011936434;-0,003315956;0,014192772;0,009557133;0,007677692;-0,008366977;0,008133051;-0,012532902;-0,036439705;-0,00395057;-0,053423546;0,010436434;-0,043165891;-0,002816794;-0,001490835
2024-08-19;0,00914103;0,006878383;0,037974629;0,069078961;0,026788737;0,024019252;-0,002083318;0,03489941;0,006653977;0,001166207;0,019793348;0,013809449;0,005988229;0,00845199;0,044756386;0,053936809;0,029499122;0,106518255;-0,027417753;0,105263358;0,009039546;0,013624182
2024-08-20;0,00271702;-0,002134602;-0,005021499;-0,007692337;0,004462774;0,008600363;-0,014196259;0,016861225;0,003855482;0,031450146;0,004219318;0,031000448;0,007305048;-0,004571601;0,003836048;-0,002352941;-0,003130095;-0,008620708;0,025487594;-0,034013105;0,006158989;0,002275774
2024-08-21;-0,004516618;-0,001283836;0,004325913;0,029457374;-0,004442946;0,004651328;0,003811951;0,007652996;0,008230486;-0,005081776;0,006722648;0,009111375;-0,004028921;-0,001913655;-0,004458418;-0,003537736;0,002415469;0,003623234;0,006025048;-0,021127012;0,001669489;0,002770287
2024-08-22;-0,005444465;-0,011139669;-0,017229054;-0,034638558;-0,022520931;-0,032407531;-0,004641369;-0,018987306;-0,017414927;-0,027241852;0,001669621;-0,002708527;-0,009169508;-0,034509026;-0,007037837;-0,021301846;-0,014457786;-0,048375514;0,014411352;-0,043165891;-0,011666753;-0,009460371
2024-08-23;0;0,033795572;0,020452936;0,026521073;0,007497299;0,015948988;0,002543485;0,025806466;0,006646274;0,020420093;0,000833315;0,002263432;-0,007621126;0,010722703;0,00902061;0,073155966;0,023960787;0,033383907;-0,007195439;0,07518867;0,006183289;0,003218098
2024-08-26;-0,000912435;0,002933642;0,005010715;0,003039511;0,003897975;0,004709583;0,003805415;-0,021383631;-0,001650626;0,014293882;-0,001184725;-0,004065211;0,002194147;0,004715127;-0,00319285;-0,002816805;0;-0,019823793;0,005017775;0,013985429;0,004469273;0,009446345
2024-08-27;0;-0,009611408;-0,005698;-0,021212101;-0,011295454;-0,011718728;-0,007582067;0,001285294;-0,007164427;0,002818554;-0,018260909;-0,002720909;0,001094602;0,000391202;-0,012171749;0,036723136;-0,011461283;0,008988783;-0,001479544;-0,013792535;0,005005553;-0,000825486
2024-08-28;0,018264795;0;-0,021489985;-0,034055769;0,006069274;0,003952535;-0,002546635;-0,019255483;0,009159071;0,008431681;0,023029275;-0,001364314;0,021596661;0,008991368;0,016212578;-0,037602217;0,015458855;-0,021529332;0;-0,020979173;-0,010514639;0,004152775
2024-08-29;-0,012556301;-0,026160236;-0,016105437;-0,001602524;0,004258305;-0,012598444;-0,014893684;-0,015706738;-0,022002177;-0,011148314;0,004329009;-0,01411661;-0,010971192;-0,008523856;-0,002552352;-0,03454118;-0,017602315;-0,022003042;-0,008518431;0;-0,008389268;-0,009487127
2024-08-30;-0,004541007;-0,011698293;-0,005952375;0;-0,006360447;0,011164292;0,009071261;-0,003989459;0;0,016911;0,002586168;-0,002771279;-0,007034815;0,005080138;0,000639881;0,014662588;0,010896033;-0,056633049;0,011393337;-0,02142883;-0,003948184;-0,000271977
2024-09-02;-0,006077887;-0,007891557;-0,018712575;-0,011235983;0,010668627;-0,019715998;-0,031678063;-0,033377776;-0,007311615;0,002771576;0,005159097;-0,007874112;-0,007969875;-0,012441647;-0,002557745;-0,020809253;0,003592829;-0,015624991;-0,033241002;-0,007299326;-0,013589966;-0,007521838
2024-09-03;0,015639452;0,007512101;0,000762794;-0,032467502;0,009148511;-0,022526179;0,003094695;-0,013812128;0,002832985;0,023770055;-0,005987969;0,005135368;0,016213129;0,012598392;0,010845104;0,017119282;-0,004773391;-0,024227243;0,008595913;-0,007352998;0,002870222;-0,004652507
2024-09-04;0,008152036;0,022368462;0,021341443;0,020134209;0,010808851;0,032921775;0,009255164;0,037815081;0,002259783;0,014038889;0,028399196;0,018578838;0,007031115;0,014385719;0,007618917;0,014509612;0,023740961;0,030821984;0,011174337;0,029629964;0,007441352;0,013084933
2024-09-05;0,008984575;-0,001715908;0,001492572;0;0,008968562;0,003187175;0,018340492;-0,028340041;0,0028185;-0,022896714;-0,003347364;-0,002280044;0,006444658;0,015714713;0,008821864;0,031464634;-0,007261523;0,021594643;0,011238061;0,014388698;-0,002840801;0,002872655
2024-09-06;-0,009795139;-0,009024538;-0,039493273;-0,014802657;-0,016410197;-0,028594167;-0,012864489;-0,027777793;-0,016582415;0,02997271;-0,005877261;-0,00731246;-0,014140716;-0,02226412;-0,019363253;-0,017193599;-0,014865482;-0,040650323;-0,020559351;-0,0141846;-0,010826249;-0,014138987
2024-09-09;0,01079152;-0,004770021;-0,010085346;-0,025041673;0,012513079;0,005723847;0,033449219;0;0,017147825;-0,04179889;0,000844616;-0,003683462;0,009742617;0,005403377;0,00318502;-0,008464979;-0,000239563;-0,023728862;-0,008131574;-0,014388698;-0,013824948;0,001226109
2024-09-10;-0,000889885;0;-0,02115991;-0,01198633;-0,014761307;0,011381882;-0,039091924;0,007142844;-0,008148388;-0,027609055;-0,005063316;0,016636059;0;-0,0076776;0,003174555;0,006260639;-0,002635414;-0,016493045;0,008388881;-0,021897978;0,005841171;-0,003094918
2024-09-11;0;0,001307047;0,038430785;0,024263408;0,000348296;-0,024919532;0,003936923;-0,001418451;-0,019546594;0,026121469;-0,002544491;-0,002727387;0,001876304;-0,003094924;-0,011392527;0,026583614;0,004083693;-0,005295686;0,011533357;0,067164811;-0,001161491;0,002657832
2024-09-12;-0,002671151;-0,008268009;-0,010023139;0;-0,01028613;-0,006595229;-0,005664519;-0,008522655;-0,015891536;-0,004980639;-0,005102168;-0,011394731;-0,010968521;-0,003104355;-0,004481494;0,012672147;-0,011961873;-0,008873133;-0,003551342;-0,020979173;-0,000581387;-0,004811512
2024-09-13;0;0,002193896;0,015576309;0,043993272;0,006730359;0,006639015;-0,000876528;-0,010028662;0,024662459;0,077864274;0,005983055;0,005532437;0,001081829;-0,015959309;0;0,030468031;0,005326878;0,038496005;0,005814954;0,049999669;0,00116345;0,006364294
2024-09-16;0;0,016199882;0,006901852;-0,019448928;0,005277819;0,002473169;0,01184222;-0,015918941;0,011174828;-0,006707903;-0,002548916;-0,004126324;-0,000269943;-0,021360845;-0,007716911;0,022175231;0,011560659;0,007758592;-0,011562822;-0,013605547;-0,001162098;0,001749677
2024-09-17;-0,004464321;-0,00990975;0,020563557;0,006611564;-0,006300262;0,008223781;0,001300362;0,02205878;-0,000850441;-0,01870133;-0,001703518;-0,007366625;-0,002432534;0,00808395;-0,006480711;-0,014979489;0,004285753;0,016253108;0,006037706;0,02758652;0,007562492;-0,001169348
2024-09-18;-0,00448434;0,006962858;-0,022388003;0,027914626;-0,004931248;-0,010603646;-0,03116889;-0,037410085;-0,001417817;0,047644339;-0,000853365;-0,010204142;-0,005689502;-0,011226792;-0,005871157;-0,003670537;-0,009245984;-0,030302921;0,005251192;-0,033557488;-0,005196296;-0,008980439
2024-09-19;0,003603432;-0,01037155;-0,008396993;-0,004792366;-0,012035394;-0,010717121;-0,011617393;0;-0,014200567;-0,034866119;-0,008539617;-0,00234288;-0,002724917;-0,006488362;-0,013779422;-0,00736824;-0,014118226;-0,031250065;-0,00634315;-0,020832623;-0,008705618;-0,004672967
2024-09-20;-0,010963129;-0,024017782;-0,033102337;-0,05617976;-0,014690186;-0,033333466;-0,034810168;-0,023916262;-0,039757925;-0,020942388;-0,003445391;-0,012682135;-0,010928829;0,011428602;-0,018629214;-0,043478502;-0,030825347;-0,072580661;-0,013894046;-0,063829654;-0,004683976;-0,015459387
2024-09-23;-0,006381147;-0,007606115;-0,024681561;-0,047619082;-0,003636283;-0,034482638;-0,011241271;0,003062811;-0,016201565;0,002673756;-0,0034572;-0,009514702;-0,005844763;-0,040355152;-0,025762934;-0,018292527;-0,009516715;-0,031883976;0,034272585;-0,022727647;0,002352907;-0,003792012
2024-09-24;0,000917495;0,003155847;0,038367369;0,07678577;-0,000729896;0,004464247;0,018948424;0,018320529;-0,002744871;0,02506663;-0,003061747;0,011047084;-0,000279992;0,02781876;-0,001391752;0,053641849;0,002528564;0,016965947;0,019698134;0,023256206;0,012910882;0,012162245
2024-09-25;0,008249324;-0,014381918;-0,017295618;0,001658334;-0,002921867;-0,032663364;-0,028823899;-0,017990926;0,004587235;0,044224787;0,000882436;-0,014251866;0,012601543;-0,007851146;0,006271961;-0,022780422;-0,012358033;-0,018645619;0,00523569;-0,053030893;-0,001158731;-0,004313085
2024-09-26;0,016363658;0,003192022;0,036800003;0,056291416;0,006593427;0,005560655;0,016754505;0,004580114;0,009741286;0,02092676;0,010582068;0,01927712;0,012721374;0,003748408;0,025623014;-0,003873797;0,014555596;-0,020000042;0,006645086;0,071999884;0,022621813;0,01082182
2024-09-27;-0,00268333;-0,005909137;0,014660461;-0,021943627;-0,008369665;-0,011059995;0,004708161;-0,01367792;0,028037312;-0,008784788;-0,012216419;-0,003782529;0,003822725;-0,019916946;0,00877796;-0,009444495;-0,006040757;0,020408207;-0,00035694;-0,007462745;0,058423137;-0,002105105
2024-09-30;-0,007175056;-0,000914693;-0,005323171;0;-0,002568849;-0,001863854;-0,006091977;-0,023112363;-0,024340214;-0,018709954;0,007066968;-0,008542798;-0,017682188;-0,009314225;-0,01606428;0,012899489;-0,003545281;-0,029999958;-0,028054669;-0,03759365;-0,024651733;-0,00688616
2024-10-01;-0,016260075;0,000457915;0,017584136;0;-0,00367917;0;0,008958012;0,014195541;-0,010820543;0,005519348;0,001754447;0,000478649;-0,016411903;-0,005128164;0,012930691;-0,010520441;-0,001778784;0,002061753;0,02739466;0;0,010989041;0,00515112
2024-10-02;0,003673012;0,016010621;0,016528874;0,011217977;0,002584746;0,021475238;0,004205713;0,004665667;-0,013977449;0,011976036;-0,001751375;0,018181718;0,00619715;0,00472508;0,036055835;0,02686071;0,000763663;0,013374461;-0,009484489;-0,007812669;0,007065303;0,007698404
2024-10-03;-0,0301921;-0,0013504;-0,032520295;-0,031695691;-0,009207938;-0,020109664;-0,017682687;-0,010835923;-0,004930682;-0,022682494;-0,014034857;-0,005639132;-0,024636068;-0,018811532;-0,010526613;-0,02125339;-0,023658112;-0,012182662;-0,013550193;-0,031496196;-0,030760975;-0,013803692
2024-10-04;0,001886808;0,014427502;0,012223059;0,016366596;-0,001486925;0,002798436;0,003315959;-0,001564958;0,006503587;0,017154397;-0,007117476;0,007561482;0,002009112;0,006100301;0,001329998;0,008351979;-0,005732153;-0,006166508;-0,001831505;0,024390436;-0,001670484;0,000911355
2024-10-07;0,003766278;0,01005634;-0,015094325;0,011272169;0,004839857;-0,018604706;-0,006609901;-0,021943594;-0,003692261;-0,00545638;0,00268816;0,002814377;0,006588163;0,004330812;0,009296239;-0,022639498;-0,000262101;-0,016546053;-0,020183445;0;-0,018962549;0,001714823
2024-10-08;0;-0,001767639;-0,019157088;-0,041401309;-0,000370492;0,014218123;-0,002851849;-0,014423034;0,007103116;-0,033416464;-0,002680953;-0,003741938;0,005976309;0,00388105;0,001315926;0,016949198;0,014416836;0,006309162;0,017041279;0,126984657;0,004548038;-0,003832811
2024-10-09;-0,017823386;-0,025675148;-0,028125047;0,044850495;-0,020385439;-0,001869174;-0,013822527;-0,035772401;-0,005826517;-0,036635661;-0,010752746;-0,015023361;-0,018387415;-0,018470706;-0,019711218;-0,020000066;-0,013178393;-0,034482777;-0,005708182;-0,063380936;-0,007922982;-0,011785997
2024-10-10;0,004775412;0,007269433;0,003215431;-0,009538942;-0,008702171;0,006554265;0,010633096;-0,021922354;-0,013263471;0,011783573;0,007246416;-0,025262045;0,005475491;-0,003938897;0,005362046;0,026077117;-0,001309249;-0,003246817;0,003333459;-0,007518013;-0,017683974;0,003008572
2024-10-11;-0,004752716;-0,002255175;-0,030448652;0,00321027;0,004961697;-0,005581533;-0,003347676;-0,044827601;0,005001646;0,000529393;-0,008992801;-0,014670117;-0,007452122;0,004833134;-0,013333327;0,033701509;-0,000262126;0,026058802;-0,000184622;0,007574962;-0,006968606;-0,002769403
2024-10-14;0,008596118;0,009041677;0,011570197;0,003199997;0,007216108;0,017773858;0,006237937;0,001805068;0,014618784;-0,0042328;0,00816704;0,000992777;0,006353057;0,00131185;0,014864777;0,010689623;0,020718523;0,037036947;0,016060569;0,015037713;0,00350872;0,007792787
2024-10-15;0,004734595;0,007616394;-0,009803912;-0,02392346;-0,001885445;-0,003676592;-0,01573673;-0,007207175;0,014715021;-0,010626932;-0,001800242;0,009419824;0,011477602;0,016157139;0,008655368;0,002115216;-0,005652512;-0,010203997;0,027071214;0;0,009906681;0,000290065
2024-10-16;-0,002827371;0,001778546;-0,004950451;0,008169966;0,010955799;0,012915047;0,024224727;-0,003629882;0,003625392;-0,001074138;0,005410256;-0,002455863;-0,005957587;-0,007305517;-0,003300238;-0,008443367;-0,014987053;0,010309192;0,011675179;0,029629964;0,006347415;0,005395176
2024-10-17;0;-0,002663083;-0,014096192;-0,01620744;-0,001494782;-0,023679241;-0,013718009;-0,007285943;-0,000903014;-0,017741931;-0,004484356;0,010832273;0,001997859;-0,019913519;0,006622331;-0,004257572;0,000262263;-0,023469385;-0,016961028;-0,014388698;-0,015481623;-0,007263757
2024-10-18;0,002835387;-0,004005484;-0,006728337;0,008237185;-0,001122629;-0,006529996;-0,002398164;0,031192637;-0,001807841;-0,007115548;-0,005405382;0,008767391;0,004842046;-0,001325078;0,00789469;-0,016568617;-0,009441244;-0,017763829;-0,017787223;-0,014598652;-0,006988966;-0,002247827
2024-10-21;0,000942573;0,006702525;-0,006773994;0,02450982;-0,002622748;0,018779494;0,003846206;0;-0,011469893;-0,001653737;0,007246416;0,000965827;-0,005101988;0,003538162;-0,002610951;0,002717461;0,010854924;0,028723409;-0,003259665;0,022222499;0,013489742;-0,001049816
2024-10-22;0,000941801;-0,020230722;-0,003410057;-0,019138738;-0,012021065;-0,022119805;-0,026819885;-0,014234813;-0,012824417;-0,01711769;-0,005395765;0,001929478;0,001709289;-0,020273253;-0,006544535;-0,015718064;0,008381365;-0,038262695;0,016533509;-0,014492964;0,004050934;-0,004917077
2024-10-23;0,00376285;0;0,003421725;0,019512176;0,001140714;0,000942609;-0,003444877;0,003610048;-0,001855807;-0,005617892;0;-0,006740531;0,006256935;-0,00179922;-0,003952546;-0,011013308;-0,011947924;-0,016129011;0,004468174;0,044118194;-0,00864554;-0,00376192
2024-10-24;0,008434644;0,005459894;0,007672648;0,015948948;0,001139415;0,015065746;0,008888905;-0,001798487;0,010536081;-0,016949216;0,014466838;-0,009694573;0,009044817;-0,000901334;0,00198426;0,048440946;0,006834871;0,036065479;0,001245618;0,042253134;0,010465097;0,00645346
2024-10-25;-0,010222848;-0,009049985;-0,00592214;0,042386183;0,000379425;-0,006493465;-0,016152678;-0,010810896;-0,001226745;-0,004022971;-0,006239075;0,020068594;-0,011204607;-0,011727601;-0,014521581;-0,019118311;-0,009138307;-0,036919638;-0,014217262;-0,033783471;-0,009205915;-0,001337772
2024-10-28;0,011267697;0,010958887;0,027234017;-0,001505987;-0,00189617;0,016806761;0,04129341;0,023679427;0,021799412;0,035199112;0,012555964;-0,006717786;0,012181482;0,019169382;0,018084433;0,002165667;0,011067103;0,037239601;0,014241906;0,013985429;-0,001161491;0,01016221
2024-10-29;-0,00649976;-0,004968262;0,001657039;-0,030165955;-0,005699079;-0,005509778;0,007644633;0,030249176;-0,009615481;-0,003344558;0,007086164;-0,00676322;-0,010635436;-0,005821886;-0,014473886;-0,000540447;-0,008339861;-0,025343136;0,012086804;-0,020689044;-0,000581387;-0,003681038
2024-10-30;-0,002803589;0,004539224;-0,004962814;0,021772993;0,007642406;-0,004616749;-0,012802398;0,029360944;-0,009405437;-0,011185619;0,000879331;0,011186677;-0,002828833;0,00495495;0,003337911;0,006486591;0,004467914;0,040086706;-0,051633369;0,028168526;0,009307735;-0,000696091
2024-10-31;-0,005623404;-0,000451988;-0,017456363;0,006088274;-0,001516967;-0,014842138;0,003362147;-0,026845603;-0,003981639;-0,006787378;-0,000878559;0,003366867;-0,006524759;0;-0,043912208;-0,002685108;-0,006541105;-0,014583257;0,002037093;-0,034246166;-0,019596521;-0,007088236
2024-11-01;-0,009425033;-0,025316254;-0,027072733;-0,043872913;-0,009115001;-0,018832538;-0,018669123;-0,006896521;-0,025522613;-0,018223218;-0,000879745;0,007670228;-0,005495497;-0,008516259;-0,018093144;-0,024771212;-0,032920636;-0,06342497;0,010903681;-0,035461449;0,017048748;-0,012273249
2024-11-04;0,015223722;0,032467343;0,050434776;0,037974646;0,005749241;0,042226436;0,032682908;0,029513779;0,04449339;-0,010440853;0,022887501;0,048525195;0,01350217;0,022604035;0,00134671;0,039204786;0,029956313;0,103837456;0,027239557;0,110294558;0,000578026;0,018685461
2024-11-05;0,036550971;0,005390633;-0,000827834;0,015243888;0,000381081;0,010128901;0,000472324;-0,021922354;0,002114933;0,024618997;-0,002581845;0,002722438;0,030044995;0,008399545;-0,012757042;-0,006376176;-0,013484916;0,020449835;-0,003203537;0;0,001733144;0,001118645
2024-11-06;-0,001808222;-0,010723653;0,004971037;-0,006006;0,001904759;-0,029170514;0,0203022;0,017241346;0,003316323;-0,005720846;-0,013805079;-0,004977356;-0,004677867;0,021043432;-0,008614408;0;-0,013937201;-0,025049999;0,001428434;0,013245037;0,032295264;-0,002449086
2024-11-07;-0,013587011;-0,005420143;-0,006595212;0,004531754;-0,004182409;0,005633943;-0,036557208;-0,055932146;-0,00631024;-0,058688067;-0,005249116;-0,035015974;-0,014653064;-0,037784315;-0,010861596;-0,033155255;-0,020929661;-0,035971138;-0,005705155;-0,07189531;-0,024022382;-0,005055969
2024-11-08;-0,01836551;-0,013169908;-0,031535279;-0,060150389;-0,007636649;-0,037348192;-0,013928752;-0,032316056;-0,017236114;-0,037286099;-0,007036303;-0,024505125;-0,015712908;0,001784768;-0,010981106;-0,061393741;-0,010549821;0,023453983;-0,012192927;-0,042254023;-0,006868884;-0,014281088
2024-11-11;-0,00374173;0,000920815;-0,003427589;-0,025599976;0,000769574;-0,014549095;-0,001461347;0,005565907;0,033846041;0;0,019486326;0,004347799;0,001140553;0,004008877;-0,003700902;-0,01355334;0,005611816;-0,02083327;0,007260858;0,088235461;0,006916392;0,000344207
2024-11-12;-0,006572766;-0,006896688;-0,02321586;-0,01477835;-0,002306626;0,014763897;-0,003414629;0,022140215;0,008928607;-0,028571416;-0,013032191;0,000466897;-0,011958883;-0,004880207;-0,00520072;-0,001194569;-0,015904058;-0,0180852;-0,001261629;-0,054053895;-0,002862007;-0,001376355
2024-11-13;-0,006616369;0,011110693;0,006162029;0,015000025;0;-0,007759615;0,006852658;0,001805068;0,001769919;-0,003267986;0,011443751;0,007334934;-0,005187249;-0,004904141;0,006721504;-0,008373282;0,006804629;0,003250334;-0,012991606;0,00714301;-0,012629176;0,000281915
2024-11-14;-0,008563285;0,005036805;-0,011373588;0,001641995;-0,022350909;0,003910198;-0,062226467;0,02882879;0,005594957;-0,016393443;0,052219296;-0,004368997;-0,002897275;-0,00492831;0,003709219;-0,005428228;0,00478744;-0,028077701;-0,006398511;-0,042553699;-0,012790712;0,000454069
2024-11-18;-0,011516174;-0,013211613;-0,022123893;0,016393427;0,013401816;-0,026290176;-0,043027564;-0,024518324;0,000292827;-0,023333359;-0,041356474;0,001950378;-0,00348625;-0,018460141;0,014042897;-0,011522221;-0,005044888;0,025555435;-0,00643979;0,01481493;0,001766827;-0,000187805
2024-11-19;0,009708697;0,005400234;-0,004524904;0,00161294;0,005445359;0,001999915;-0,005417078;0,00538595;-0,00087834;-0,005460746;0,031061225;0,001946478;0,009037994;0;0,00728867;0,015951049;0,00366189;0,016251559;0,002407569;0;0,001175762;0,003357648
2024-11-21;-0,018269321;-0,02767532;-0,046363657;-0,025764871;-0,022824044;-0,019960037;-0,018518426;-0,001785728;-0,027541745;-0,015099473;-0,03012549;0,012627424;-0,017335988;-0,013761358;-0,003618123;-0,053140211;-0,014313708;-0,025586516;-0,007389853;-0,036495812;-0,017028726;-0,009945631
2024-11-22;0,005876821;0,017552151;0,06101052;0,021487543;0,013460011;0,020366554;0,016648043;0,008944527;0,003314204;0,059930288;0,009491068;0,030695539;0,002940133;0,015348712;0,002178804;0,029974603;0,0039863;0,03063464;0,005211446;0,053029937;0,005973627;0,017364996
2024-11-25;-0,006816323;0,000932486;0,009883168;0,011326889;0,005859366;0,011976042;0,015829736;0,017730463;-0,005705788;0,014464186;0,005982812;-0,01023745;-0,000293063;-0,001374245;-0,014492912;0,003715053;0,015031162;0,062632662;-0,034438062;0,035970684;0,000593815;-0,000696994
2024-11-26;0,023529549;0,012109723;-0,020462593;-0,001600037;0,01596184;0,003944805;-0,001612114;-0,005226437;0,02144376;-0,021386903;0,022939576;0,000470197;0,019061526;0,011467867;0,006617475;0,049969239;0,01844097;0,062937145;0,012080486;0,020833597;0,00415438;0,006866301
2024-11-27;-0,034482513;-0,03175307;-0,023614916;0,019230828;-0,017530171;-0,041257397;-0,029063451;-0,010507878;-0,05233587;-0,023178833;-0,014119508;0,000469976;-0,024460315;-0,029024985;-0,02702696;-0,051703925;-0,028806585;-0,09398496;-0,012694215;-0,054421521;0,008865255;-0,017341174
2024-11-28;-0,02976196;-0,055608523;-0,100465109;-0,04716984;-0,029341658;-0,062499981;-0,052660824;-0,037168175;-0,035881454;-0,026440701;-0,033698382;0,019727532;-0,035988344;-0,04904243;-0,042041922;-0,101610889;-0,038135629;-0,06742747;0,015352165;-0,071942479;0,02636199;-0,023960398
2024-11-29;-0,003067887;-0,009058952;0,053774509;0,013201308;0,011846287;0,012021733;0,049736688;0,075367614;-0,020064612;0,04456827;0,03748897;0,023030932;-0,002447939;0,013261412;-0,010188128;0,038620733;0,009397895;0,004449514;0,019466906;0;-0,006278446;0,00849049
2024-12-02;-0,013002504;-0,012188731;-0,019627067;0,004886028;-0,00807432;0,011879145;-0,010033347;0,027350562;-0,008916811;0,021333313;-0,021008247;0,007203888;-0,014190287;-0,008240506;-0,02137755;-0,004648193;0,00436429;0,018826;-0,001668396;-0,031007985;0,032165346;-0,003437629
2024-12-03;0,006249869;-0,007198046;-0,005005024;-0,014586734;0,012210109;0,009605199;-0,005067577;0,008319369;0,001999275;0,001958269;-0,00686709;0,012516802;0,011208064;-0,002932638;-0,003324353;0,02735166;0,012166886;0,011956491;0,013927562;0,032000248;0,041179719;0,007210387
2024-12-04;0,006521708;-0,002589345;-0,022132729;-0,001644696;0,012062657;0,011627786;0,007357024;-0,001650097;0,021616248;0,00195438;-0,012100275;0,026490053;0,006157626;-0,001960732;0,011382142;0,016883178;0,003148255;-0,007518757;0,007326019;-0,023255988;0,003206918;-0,000412244
2024-12-05;0,022678174;0,017653326;0,010288007;0,014826964;0,012316228;0,021943644;0,025842693;0,00330573;0,009114555;-0,011053321;0,021872309;-0,000860218;0,021419874;0,015225885;0,013665428;0,019157067;0,040228217;-0,005411211;-0,001272722;0,015873138;0,010122448;0,014045857
2024-12-06;-0,021119473;-0,012244916;-0,042769867;-0,029220752;-0,029434924;0,015337545;-0,032310984;-0,026359109;-0,012580567;-0,050624619;-0,015410892;-0,006026708;-0,020371614;-0,023221985;-0,022997471;-0,020676719;0,000274439;-0,070729032;0,012197281;-0,062499706;-0,020569563;-0,01495409
2024-12-09;0,003236389;-0,000516687;-0,004255315;0,023411349;-0,002426074;0,007049299;-0,006225383;0,033840966;-0,007840606;0,018698093;0,011304434;0,012559542;0,004893067;0,004952982;-0,006493396;-0,015355114;-0,014258446;-0,009367701;0,00269781;-0,041667085;0,005923508;0,010036047
2024-12-10;0,016129177;0,011886611;0,026709403;0;0,006485623;0,015999924;0,040432934;0,013093232;0,015475794;0,033990483;0,002579423;-0,009837453;0,013535106;0,017742587;0,019607686;0,00649767;0,013630051;0,03073274;0,0202691;0,043478717;0,01445406;0,008002516
2024-12-11;0,011640311;0,020939442;0,013527588;0,001634024;0,021345254;0,022637876;0,012588941;0,008077529;0,01913088;0,001972369;0,0137221;0,009503269;0,00969981;0,016949164;0,017628037;0,027114373;0,008781572;0,056192665;0,029360098;0,058332821;0,010554056;0,010645101
2024-12-12;-0,031772891;-0,032516105;-0,049281268;-0,027732475;-0,013243256;-0,010587186;-0,054594707;-0,096153823;-0,021635278;-0,054461938;-0,027072706;-0,002567402;-0,024917409;-0,030952278;-0,034645345;-0,054179696;-0,029107648;-0,090119408;-0,01280962;-0,078740048;-0,007310779;-0,027401171
2024-12-13;-0,003260777;-0,014477861;-0,037797017;-0,016778507;-0,013682066;-0,005836524;-0,036020474;0,015957486;-0,018536659;-0,110340053;-0,006956661;-0,009867086;-0,012931142;-0,012776347;-0,013050614;-0,001462086;-0,005323654;-0,021479698;-0,002422066;-0,042735488;0,008416682;-0,011345425
2024-12-16;-0,015267038;-0,014690549;-0,024691388;-0,00511949;-0,01427987;-0,009784813;-0,027283568;0,055846434;-0,043074925;-0,017160633;-0,002626856;0,012565077;-0,010916839;-0,046789479;-0,016529094;-0,02928249;-0,013521146;-0,053658462;-0,009538725;-0,044642279;-0,003651545;-0,008442205
2024-12-17;0,00110741;0,001065288;0,014959738;-0,00857628;0,010761554;0;0,022561089;-0,039669491;0,011773039;0,038095201;0,007901633;0,022981238;0,005361054;0,005221732;0,00756315;0,008295556;0,003997806;-0,037371212;0,013832998;0,018691728;0,005235464;0,0092101
2024-12-18;-0,03761079;-0,034042675;-0,053287906;-0,039792389;-0,02784614;-0,025691805;-0,043530198;-0,086058442;-0,054757092;-0,045107046;-0,028745621;-0,013929924;-0,02854444;-0,059740159;-0,041701481;-0,057591449;-0,019624665;-0,100401475;-0,014680472;-0,09174302;-0,028124891;-0,031484066
2024-12-19;0,009195387;0,005506754;-0,007185679;-0,005405443;0,006318626;0,012170484;0,009975132;0,04143131;0,032947126;0,008006436;0,013452961;-0,004280779;0,005489071;0,013812065;0,000870283;0,032539635;0,010443895;0,061011795;-0,010341843;0,060605578;-0,012861733;0,003444507
2024-12-20;0,015945453;0,032310938;0,02774433;-0,016304376;0,007953001;0,029058247;0,016049275;0,001808243;0,017829559;-0,031771292;0,02123874;0,004729147;0,011560516;0,022343373;0,02260874;0,032282786;0,011484215;0,023842822;-0,016294706;0,038095597;-0,00054288;0,007542001
2024-12-23;-0,013452858;-0,01654555;0,00234736;-0,034990804;-0,006644368;-0,000973816;-0,01275812;-0,018050596;-0,028193655;-0,031173025;-0,038128156;-0,003423248;-0,01936489;-0,0133262;-0,017857188;-0,059568181;-0,013624712;-0,043835499;-0,022001988;-0,018348758;-0,026072907;-0,010933482
2024-12-26;0,011363797;-0,010314609;-0,021077319;0,009542022;0,011705503;0,006822568;-0,022153887;-0,040441227;-0,003581511;-0,001693519;0,013371788;0,003005597;0,006474461;-0,00646656;0,00779243;-0,003958847;0,006043302;-0,064469974;0,007743287;-0,018691794;-0,011712042;0,002575207
2024-12-27;-0,007865422;-0,003291439;-0,023923423;0;-0,003718945;0,002904186;-0,002517275;-0,007662802;-0,008626961;-0,020356215;-0,00090503;-0,006421124;-0,009971006;-0,012686173;-0,007732178;-0,015260904;0,001144059;-0,003062714;-0,017928867;0,009523883;-0,002257434;-0,006681643
2024-12-30;0;-0,003302073;0;0,005671117;0,002488747;-0,00386084;0,001892704;-0,017374466;-0,013777974;0,002597379;0,00634074;-0,00043089;-0,001624541;-0,003351871;0,000865952;-0,008183364;-0,00020578;-0,001536181;-0,016952306;0,028302168;-0,010180977;0,000116406
2025-01-02;-0,016987389;0,00055213;-0,017156788;-0,030075248;-0,010343436;-0,00545704;-0,001259463;-0,056974428;-0,003676532;0,033678786;-0,002700323;-0,007327649;-0,004634692;-0,006726537;0,011891952;-0,009900977;-0,003808997;-0,010769254;-0,000947562;-0,009174315;-0,010285762;-0,001313569
2025-01-03;-0,017281282;-0,013245093;0,003740615;-0,06007751;-0,007525292;-0,009804;-0,019545962;-0,008333296;-0,014022229;-0,040935732;-0,021660867;-0,015631812;-0,024534138;-0,006771901;-0,015905713;0,012500004;-0,013235222;-0,026438546;-0,004931692;0;-0,01732103;-0,013252862
2025-01-06;0,032825436;0,01342288;0,029813635;0,049484588;0,009267063;0,027722799;0,018649432;0,042016723;0,036820358;0,033972157;0,000922776;-0,008381084;0,044936438;0,002840869;0,019642764;0,031275691;0,012816569;0,062300371;0,000190479;0,055555119;0,011750982;0,012561903
2025-01-07;0,00794551;0,001103885;0,010856472;-0,001964681;0,012103506;-0,0067436;0,036616195;-0,004032191;0,017785835;-0,012636868;0,023963143;0,003558777;0,010911299;0,020963178;0,01401051;0,043096633;0,005591513;-0,007518735;0,020011434;0,017543934;0,006387826;0,00950659
2025-01-08;-0,019144232;-0,025909701;-0,02147975;-0,039370042;-0,003711194;-0,000970037;-0,016443329;-0,020242975;-0,004279603;-0,029010251;-0,024302699;-0,011524894;-0,016190449;-0,019977852;-0,015544044;-0,01530225;-0,001755945;-0,06515157;-0,005792109;0,008620756;-0,011540645;-0,012693644
2025-01-09;0,008036667;0,004527388;0,00121954;-0,018442654;0,004552939;-0,009708719;-0,020433517;0,057851292;0,024355383;-0,030755745;-0,007379866;-0,010313846;0,002581608;-0,002831217;-0,007017732;0,010100923;0,011433752;-0,025931983;0,020296966;-0,008547074;0,015178098;0,001304075
2025-01-10;-0,013667238;-0,018028051;-0,012180314;-0,006262992;-0,002472257;-0,039215609;-0,015802731;-0,007812562;-0,030419679;0,009972857;-0,026951631;0,00135925;-0,013839716;-0,011925025;-0,012367402;-0,012307703;-0,010144925;0,003327881;-0,0173146;0,017241572;-0,011500893;-0,007722427
2025-01-13;0,006928142;-0,014916703;0,012330504;-0,002100888;0;-0,001020518;-0,003853617;-0,053149641;0,021276624;0,011669669;0,00191;0;0,007180316;0,005746981;0,003577819;0,000778902;-0,005270982;-0,036484407;-0,001874371;-0,033898559;0,010471185;0,001270445
2025-01-14;-0,002293491;0,023296569;0,002435993;-0,014736878;0,018174481;0,005107396;0,009671311;0;0,00706222;0,03194318;-0,005719516;-0,018551995;0,000648161;-0,006285715;0,018716678;-0,018677097;0,003826999;0,017211832;-0,006009281;0,008771998;0,018422631;0,002453637
2025-01-15;0,042528756;0,043824426;0,042527388;0,057692306;0,025152007;0,067072991;0,0555555;0,033264094;0,057503461;0,074806524;0,01534026;-0,005071362;0,043393431;0,027602143;0,034995446;0,046788277;0,031378156;0,07783408;0,023238203;0,078260739;0,005087611;0,028089087
2025-01-16;-0,007717618;-0,021264756;0,005827528;-0,022222154;0,004352949;-0,021904653;-0,03811253;-0,026156951;-0,000994712;-0,016800003;-0,029272859;-0,005097505;-0,003103396;-0,041969687;-0,008452999;-0,059848451;-0,01961894;-0,06750391;-0,009047415;-0,008064579;-0,004499436;-0,011545047
2025-01-17;0,00555544;0,003342425;-0,049826222;0,035123982;-0,001181986;0,007789546;0;0,037190073;-0,002655097;0,030919456;0,017509623;0,005589335;0,007160486;-0,005841168;-0,011935031;-0,006446378;0,010730783;0,020202064;0,009316278;0,016260291;0,017514128;0,009205338
2025-01-20;0,007734866;0,002221136;-0,068292678;0,00598797;0,003155747;-0,002898478;0,012578589;-0,007968093;0,005657224;0,084451436;0,011472282;0,023158736;0,009582732;0,012338473;0,003451068;0,005677085;0,004878172;0,008250757;0,017722187;0,016000012;-0,001110542;0,001577442
2025-01-21;0,008771787;0,003323907;0,014397923;0,053571425;0,009044529;0,004845;0,013664586;-0,002008048;0,005956355;0,035662284;0,002835595;0,004979723;0,002143346;0,02321525;0,000859845;0,009677655;0,005996429;0,008183324;0,009069334;0,007874187;0,002779281;0,006487519
2025-01-22;-0,001087073;0,012700159;-0,002580643;-0,016949181;0,018316404;0,005785774;0,007352977;-0,034205205;0,016118411;-0,014054801;-0,00754006;-0,018018028;-0,003666318;0,019285263;-0,013745526;0,048721979;-0,003122205;0,034090899;0,014560529;0,007812559;-0,002217198;-0,002967455
2025-01-23;-0,00217607;-0,008724217;-0,020698557;-0,013409904;0,022579421;-0,007670149;-0,017031605;-0,066666783;0,000971141;0,035637919;0,004748286;0,009633077;-0,002146632;-0,016137879;-0,007839907;-0,009901138;-0,006833727;-0,012558734;0,014351562;0,023256206;0,006666633;-0,003976515
2025-01-24;-0,002180752;-0,007136199;-0,001321034;0,015533965;-0,003742544;0,00193248;-0,004950562;-0,008928533;0,00226386;-0,006194092;-0,007561332;0,002271528;-0,002458484;-0,005090526;-0,007901577;0,013077018;0,002580333;0,012718462;0,010829541;0,037878208;-0,016004435;-0,000293918
2025-01-27;0,025136379;0,037861996;0,035714283;0,034416793;0,040946659;0,01832223;0,047263736;0,099099114;0,021619904;0,031163489;0,023809479;0,011332856;0,024029371;0,0454805;0,024778766;0,036446341;0,034029125;0,100471016;-0,078797241;0,021898081;0,013460457;0,019722819
2025-01-28;0;0,002145813;-0,026819929;-0,014787417;-0,006495739;-0,000947167;-0,028503574;-0,012294978;-0,007896387;-0,019476155;0,002790753;-0,002689445;0,001805108;-0,040783177;0,004317698;-0,016117108;-0,004977872;-0,035663266;0,014631486;-0,050000471;-0,022689592;-0,006455126
2025-01-29;-0,001066026;-0,004817884;-0,018372686;0,013133241;-0,003269252;0;0,008557445;-0,002074808;-0,005730693;-0,026712352;-0,009276442;-0,00539311;-0,002402449;-0,018707546;-0,010318146;-0,002978504;-0,016398011;-0,025147981;0,006285659;0,007518856;-0,007927469;-0,005029986
2025-01-30;0,023479099;0,037654616;0,073529373;0,044444401;0,007288538;0,051184867;0,035151483;0,027027141;0,026256849;-0,012667157;0,02247192;0,020334326;0,024382771;0,025996617;0,054735121;0,038088326;0,031364688;0,10318663;0,032702732;0,03731383;0,021118676;0,028201763
2025-01-31;-0,006256461;-0,015033618;-0,036114567;-0,023049582;0,001447365;0,009017115;-0,031615863;-0,020242975;0,016224656;-0,015680636;0,003662899;-0,006200209;-0,006464665;-0,050675709;-0,004118617;-0,017985812;-0,01123278;0,026134785;-0,020814848;0,014388698;-0,029625379;-0,006130184
2025-02-03;-0,010493328;0,005789374;0,007751992;0,00362976;-0,002528972;-0,002680987;0,012696475;-0,004132162;-0,01750082;-0,050687961;0,020985465;0,004456378;-0,00924316;-0,012455498;-0,001654348;-0,00659323;0,012745838;-0,032171512;-0,020712154;-0,00709235;0,00691234;-0,001308122
2025-02-04;0,002120995;0,001569973;-0,015384661;-0,009041625;0,005794943;-0,008064581;-0,007164276;-0,02904577;-0,011874914;0,03890162;-0,008042951;-0,036823477;0,00358424;-0,007807844;-0,001744773;-0,028023722;-0,012038244;0,002770089;0,002968406;-0,01428582;0,008581309;-0,006533302
2025-02-05;0,011640106;-0,001045045;-0,022135365;0,003649632;0,002160592;-0,007226617;-0,036079236;-0,019230712;0,002530045;-0,011013188;-0,002702652;-0,004606224;0,015178357;-0,018159684;0,023275162;-0,012139538;-0,005261632;-0,049723932;0,007584154;0,014492863;0,027226246;0,003092363
2025-02-06;0,006276459;0,002091833;0,018641793;0,018181801;0,011498413;0,020928011;0,023081641;0,015250451;0,01261824;-0,010393492;-0,009936823;-0,000925391;0,001759166;0,009247848;0,013809923;0,023041482;-0,011692718;0,074128151;0,001101439;0,0714285;-0,00552173;0,005504485
2025-02-07;-0,010395096;-0,00313131;-0,061437943;0;-0,013143879;-0,023172826;-0,018902376;-0,047210257;0,000623084;-0,012753194;0,000912357;-0,015284945;-0,007316296;0,006719404;-0,039262571;-0,036786742;-0,021126724;-0,043301848;-0,010819763;0,013333527;0,008328648;-0,012723312
2025-02-10;0,005252114;0,008376981;0,037604455;0,021428551;0,001439925;0,012773734;0,036668712;0,00900897;-0,017745945;0,018237065;0,005469465;0,005644446;0,010907819;0,03033992;0,000833779;0,021823766;0,018129541;0,0268741;0,005005626;0,059210497;-0,012114551;0,007647309
2025-02-11;0,013583992;0,003634483;0,01342287;0,034965086;0,008626764;0,007207265;0,00959233;0,017857287;0,0244057;-0,017910431;0,009066293;-0,010289888;0,010498864;0,023557054;0,023333349;0,011441652;0,019219789;0,001377413;-0,020291361;0,024844815;0,017279827;0,007565381
2025-02-12;-0,025773202;-0,006725421;-0,031788112;-0,040540582;-0,016393325;-0,012522372;-0,030878903;-0,04166678;-0,018873816;-0,053951371;-0,007187784;-0,006143755;-0,027705708;-0,005753659;-0,045602636;-0,040723965;-0,005269044;-0,024759338;-0,00771989;-0,018182035;-0,004383433;-0,016929862
2025-02-13;0,008465655;-0,005728958;-0,012311922;0,033450715;-0,005434641;0,011775275;0,014705889;-0,01830667;-0,003153488;0,053815268;0,003619911;0,00665719;0,005342774;0,014467516;0,013652326;0,029874186;0,013381685;-0,011283449;-0,004364424;-0,006172712;0,015409916;0,003778743
2025-02-14;0,029380757;0,021477256;0,049861516;0,018739376;0,047358673;0,037600751;0,04770539;0,05361314;0,045238881;0,009908545;0,026149645;0,014643366;0,026572195;0,036508873;0,026093973;0,041984644;0,032737239;0,05278178;0,025347894;0,05590042;0,020596154;0,026984381
2025-02-17;0,008154989;0,017435932;0,026385262;-0,005016757;0,014260845;-0,00086282;0,009221905;0,030973371;0,011501126;0,013584929;0,001757369;-0,011173269;0,002013366;0,01981299;0,001640895;0,033699729;0,030633981;0,078590811;-0,02509288;0,029412068;0,010621378;0,005069451
2025-02-18;-0,00380635;-0,015625137;-0,001285376;0,015126077;0,009945199;-0,005181302;-0,016562068;0,027897114;0,002992192;-0,00967983;0;0,000470755;-0,001672764;-0,011872698;-0,000819364;-0,004252261;-0,012406226;-0,035176018;0,008388885;0;-0,039411486;-0,002615059
2025-02-19;-0,0097719;-0,014848872;-0,046332064;0,004966922;-0,020033964;-0,013020851;-0,026132272;-0,039665976;-0,019093088;-0,018045095;-0,009649078;-0,002823402;-0,009337578;-0,027307399;-0,01803262;-0,036298973;-0,007589618;-0,02994778;-0,012856849;-0,034286042;0,009846873;-0,00951514
2025-02-20;-0,003289603;-0,00311862;0,008097158;0,009884669;-0,029799088;-0,007036204;-0,022063317;-0,013043475;0,012773818;-0,001531429;-0,007971405;-0,012269915;-0,002736116;-0,008422365;-0,0025044;0,012555406;-0,006856486;-0,010738347;-0,002106843;0,005917204;-0,016793007;0,002293632
2025-02-21;-0,001099974;0,003737535;-0,024096363;-0,024469836;-0,000714306;-0,006200139;0;0,002202661;0,000300286;-0,01457052;0,004464029;0;-0,003049039;-0,004530086;-0,009204758;-0,140043797;-0,001858747;-0,012211625;0,01631471;0;0,010468293;-0,003706868
2025-02-24;-0,01101335;-0,036534115;-0,045267479;-0,026755827;-0,006075649;-0,033868011;-0,007316981;-0,039560536;-0,020114161;-0,010894968;-0,005333234;0,000477728;-0,005504462;-0,020477616;-0,017736652;-0,050042335;-0,013567501;-0,056318659;-0,026440111;-0,023529753;-0,014721955;-0,013584733
2025-02-25;0,005568027;0,008667448;0,022988484;0,015463861;0,015102392;-0,003689974;0,019655962;-0,004576583;-0,006433812;-0,028324127;0,017873109;-0,005253102;0,010147612;0,056910481;0,012037887;0,009821407;0,014832832;0,074235814;0,016488935;-0,042168415;-0,004427227;0,004617188
2025-02-26;-0,004429552;-0,011278066;-0,016853917;0,010152275;-0,005667744;-0,01481484;-0,022289268;-0,013793213;-0,001233366;-0,02267212;-0,008779737;-0,015362507;-0,00243536;-0,052747263;-0,019541228;-0,044208619;-0,004783414;-0,002710103;-0,086832128;-0,018868156;0,00722626;-0,009612637
2025-02-27;0,00333693;-0,007061505;0,034285682;-0,001675;-0,003918668;0,005639049;0,053604585;0,048951098;-0,010805763;-0,021540951;-0,002657169;0,002437965;-0,000915427;0,020301659;-0,006065793;0,043478286;-0,005340437;-0,006793493;0,021943657;-0,006410307;0,00275947;0,000240444
2025-02-28;-0,02549875;-0,010394095;-0,02071818;-0,041946308;-0,023247491;-0,028037609;-0,027485505;-0,017777701;-0,014357151;-0,071126175;-0,011545248;-0,038424097;-0,024434993;-0,032404809;-0,020052609;0,004432565;0,026040371;-0,021887802;-0,009815938;-0,019354267;-0,0071548;-0,016025769
2025-03-05;0,009957418;-0,016031031;0,002820872;0,024518365;0,016843522;0,012500296;-0,037883292;0,045248781;0,011399625;-0,032816828;0,002695471;-0,005564196;0,014962907;-0,036427726;0,020462945;-0,011473954;0,000523274;0,018181858;-0,009712621;0,026315243;0,025498968;0,00201956
2025-03-06;0,004530109;0,018539389;-0,007032375;0,011965842;-0,001440298;0,010446332;0;0,030303166;-0,015341257;-0,001884967;0,01433682;0,016016136;0,001851904;-0,004878061;0,008677406;0,019642814;0,011244553;-0,023351627;-0,007765049;0,006410307;0,009189053;0,002527489
2025-03-07;0,010146489;0,012134508;0,029745048;0,016891876;0,011900289;0,005639049;0,027663603;0,006302467;0,020031883;0,019830032;0,003533571;-0,00100357;0,00431305;0,021446047;0,012121344;0,043782882;0,008016629;0,105485236;0,01290188;0,050955989;0,027316587;0,013594578
2025-03-10;0;-0,002179708;-0,024759261;-0,009966768;-0,003207286;-0,021495313;-0,011264093;0;-0,006234538;-0,013888942;-0,019366207;-0,004520338;0,008895594;-0,010197936;-0,014542268;-0,005033679;0,007439802;0,049618227;-0,004385002;0;-0,007820592;-0,004126844
2025-03-11;-0,010044572;-0,011469128;-0,015514828;-0,013422806;-0,00893818;-0,006686014;-0,02594931;-0,01878919;0,00156849;0,003755865;0,002693051;-0,020686256;-0,00881716;-0,004242418;-0,006076454;-0,013490737;-0,007130166;0,006060619;-0,022651074;0;-0,012086124;-0,008127274
2025-03-12;-0,003382366;0,007182217;-0,010028678;-0,003401357;-0,001092197;0,00961556;0,019493066;0,042553216;0,012527409;-0,04022445;0,003581022;-0,013395065;0,003067136;-0,002434577;0;0,034188195;0,003590578;0,033734951;0,012875681;0,042423954;0;0,002890524
2025-03-13;0,015837171;0,015359434;0,033285098;-0,035836183;0,016266129;0,104761991;0,031230206;0,036734684;0,032477572;0,040935679;0,003568141;0,014621485;0,016208125;0,02867601;0,017467054;-0,041322438;0,021467031;-0,013985923;-0,009745766;-0,063953316;-0,010638326;0,014314086
2025-03-14;0,03118065;0,030794256;0,046218478;0,040707967;0,01418689;0,109482688;0,058096309;0,057086583;0,016776402;0,035580534;-0,02399986;0,008234514;0,032500821;0,03973898;0,041201974;0,037068969;0,010257707;0,134751686;0;0,086956635;0,001075253;0,026425336
2025-03-17;0,02699767;0,019391854;0,044176762;-0,001700719;0,020803524;-0,034964929;0,019275782;-0,003724333;0,028285339;0,028933064;0,019125639;0,012761653;0,030020494;0,010268107;0,014839101;0,039069107;0,001238155;0,056250014;0,019469365;0,005714327;-0,039205202;0,014555239
2025-03-18;0,007360532;0,006683926;-0,014102581;-0,005110687;0,001405446;-0,030595896;-0,012607541;0,026168155;0,01919756;-0,01405974;0,01251128;0,002520254;0,005376362;-0,013551638;-0,000812369;-0,012799927;0,005688863;-0,010848201;0;0,039772455;0,081050911;0,004899338
2025-03-19;0,007307089;0,006128772;0,028608555;0,017123271;-0,003859673;0,02574755;0,008125411;0,018214992;0,007028495;0,011586463;0,014121704;0,000502636;0,002476624;0,013737808;0,00894315;0,004862022;0,031480533;0,039880552;0,010283289;0,038251191;-0,035160253;0,007857007
2025-03-20;-0,008290333;-0,013705978;-0,013906404;-0,00841754;-0,004931294;0,004048453;0,019573844;0,084078674;-0,00697944;-0,030837037;-0,012184514;-0,002009849;-0,009264909;0,009599263;-0,00483468;-0,033064426;0,006437763;-0,005752748;-0,004985465;-0,005263124;-0,008574489;-0,004173333
2025-03-21;-0,001044686;0,011837565;-0,0051282;-0,016977913;0,004247821;0,012903412;-0,003387806;-0,021452154;0,00646603;-0,00727272;-0,048458223;-0,014602368;0,002182033;-0,007270727;0,013764937;0,035863306;-0,006633439;-0,02603665;-0,001043902;-0,005291194;0,01351344;0,002955553
2025-03-24;0,002091784;-0,015767905;-0,021907226;0,013816913;-0,000352494;-0,012739035;-0,011897973;-0,020236083;-0,016200881;-0,025641001;-0,005555559;-0,011241701;0,000933092;-0,014680043;0,010383403;-0,005636111;-0,005962424;0,010891164;-0,008568052;-0,021276239;-0,010133246;-0,007737353
2025-03-25;0,013569906;0,014026072;0,007905131;0,005110768;0,003878727;-0,000806297;0,014334897;0,029259961;0,006814201;0,009398442;-0,008379947;-0,012403165;0,008079594;0,025610986;0,016600972;0,025101145;0,00383878;0,024485696;-0,007601421;0,048912948;-0,007543117;0,005688351
2025-03-26;-0,007208815;0,000512283;0,00784313;0,0050847;0,011942338;0,004285464;0,001695818;-0,031772579;-0,00394814;0,096834263;-8,42323E-05;0,001570005;-0,01078909;0,005675421;0,016329633;0,012648261;-0,00549715;0,002868125;-0,005319082;0,005181386;-0,009229152;0,003422479
2025-03-27;0,008298708;-0,002560209;0,006485109;0,003372678;-0,004165116;0,000807767;-0,00507907;0,048359197;-0,011325034;-0,005093333;-0,003824056;0,002612316;0,001246382;0,022573384;-0,003825573;0,011876471;0,001442027;0,036224855;-0,007700605;0,051546414;0,018630181;0,004746453
2025-03-28;-0,010288091;-0,012320462;-0,016752592;-0,038655467;-0,001742878;-0,012106563;-0,003403294;0,023064272;-0,000572598;-0,017918092;-0,005758103;-0,009379988;-0,01369414;0,003863182;-0,013824918;-0,018779275;-0,014878853;-0,02851878;-0,011640417;0,039215496;-0,008606838;-0,009365448
2025-03-31;-0,017671517;-0,005717009;-0,031454816;-0,006993001;-0,015712258;-0,008169898;-0,026180867;0,017713427;-0,034383967;-0,044309315;-0,009652527;-0,018411376;-0,008835952;-0,022539857;-0,013239972;-0,02472094;-0,006333587;-0,038825694;-0,012431993;-0,014150588;0,009224145;-0,012448636
2025-04-01;-0,001058295;-0,003136688;-0,002706357;0,038732443;0,00496635;0,009884666;0,015195729;0,030063294;0,012759605;-0,034545465;-0,016569264;0,003751388;0,000243829;0,026996673;0,001432703;0,031071141;0;0,02955661;0,001545963;0,03349273;0,013440787;0,006809458
2025-04-02;0,001059416;0,018353655;0,01628221;-0,013559309;0,000705982;0,013050609;0,00287851;0,010752621;0,006738957;-0,004708116;0;0,006406755;0,000318486;0,000547506;0,002329079;0,028548787;-0,002206421;0,07081335;-0,009922716;-0,032407321;-0,004774527;0,000327876
2025-04-03;0,017989418;0,042739165;0,040053431;-0,010309268;0,005643736;0,024959644;0,020665925;-0,018237077;0,013096558;-0,012298971;0,005946426;-0,016445515;0,017828647;0,018609877;0,019245915;0,022359271;0,016461776;0,054513124;-0,014031153;0,04306211;-0,006929598;-0,000373504
2025-04-04;-0,029106147;-0,04049379;-0,070603362;-0,071180609;-0,018590002;-0,053417088;-0,043869508;0,001547923;-0,051421987;-0,06513404;-0,014778186;0,000539349;-0,025961825;-0,049435774;-0,011014848;-0,046003036;-0,012327731;-0,082203513;-0,012423859;-0,055045825;-0,005367607;-0,029624603
2025-04-07;0,006424092;-0,014410467;-0,031767894;0,001869202;-0,010721851;-0,0082988;-0,01588237;-0,004636746;0,019079369;-0,033811467;0;-0,023719573;0,001926871;-0,026003416;-0,016706331;-0,041897225;-0,004894747;-0,063711905;0,006404502;-0,014563349;0,010253554;-0,013107437
2025-04-08;-0,002127734;0,002088503;-0,059914417;-0,04664179;-0,001806473;-0,017573243;-0,013150004;-0,029503111;-0,001486045;-0,056203677;0,000999877;0,001656348;0,000320528;-0,00522352;-0,027508146;-0,010726072;0,00959166;-0,134122269;0;-0,009852291;-0,004273503;-0,013185973
2025-04-09;0,023454173;0,020323145;0,037936266;0,070450029;0,004343139;0,036626973;0,021805052;0,081600098;0,012797699;0,098876422;0,013985996;0,027563483;0,01826339;0,035589372;0,037437719;0,064220186;0,013885529;0,112756208;0,032045391;0,119403126;0,004828317;0,031178388
2025-04-10;-0,005208234;0,002553672;0,014619869;-0,025594126;-0,006846799;-0,025472538;-0,004742251;0,005917133;-0,013223561;0,010224988;-0,009852124;-0,023068705;-0,00409054;-0,007324121;-0,001604048;-0,007053236;-0,002642947;0,045035922;-0,01101074;-0,00444454;0,013347623;-0,011275783
2025-04-11;0,01047123;0,006113373;0,014409208;0,016885582;0,008708197;0,006745383;-0,000595553;0,024999907;-0,000297665;0,029352223;0,005970093;-0,006589705;0,005055117;0,015891042;0,013654773;0,010260457;-0,00120455;0,025465181;0,00467601;0,004464382;0,060063134;0,010502157
2025-04-14;0,013471469;0,015696033;0,029829551;0,0332103;0,009712181;0,019263029;0,005959381;-0,028694351;0,024128562;0,017699145;0,008901993;0,012714069;0,016347002;0,02122911;0,008716212;0,0164062;0,019778129;0,001910224;0,015514095;0,017778035;0,035288273;0,013878229
2025-04-15;0,013292511;-0,002991269;-0,027586181;-0,024999977;-0,010687474;0,007395266;-0,004739262;0,019202297;-0,002326935;-0,047343063;0,009803941;-0,018013052;0,012681839;-0,000547087;0,000785358;-0,016141381;-0,012771887;-0,003813164;0;0,026200634;-0,024963851;-0,001614473
2025-04-16;-0,002018234;-0,001999847;-0,007092225;0,021978001;-0,004321243;-0,016313139;-0,001190457;0,043478323;-0,007871795;0,010142027;-0,005825188;-0,010561391;-0,001527123;0,009305028;-0,001569647;-0,012500059;-0,017249725;-0,009569398;0,000436723;-0,012766172;-0,000984837;-0,007180162
2025-04-17;0,006066618;0,012525169;0,024285725;0,01612906;-0,00795665;0,009950153;0,028009484;0,029166624;0,020570124;0,03112454;0,010742197;0,005618184;0,001835245;0,00916337;0,004716914;0,012658288;0,027059982;-0,014492735;0,002399442;0,056034611;-0,006899964;0,010388335
2025-04-22;0,022110784;0,000989481;0,012552322;0,007054667;0,012759846;0,019704491;-0,019130397;0,036437205;0,006334612;0,074975606;-0,005797156;-0,008380195;0,019542163;0,001657433;-0,003912321;0,000781323;-0,001661434;-0,005882366;0,006311254;0,061224723;0,009429315;0,006278442
2025-04-23;0,016715509;0,018466084;0,034435261;0,063047308;0,009359264;0,018518401;0,028368705;-0,086919812;0,022031525;0,0344203;0,015549152;0,01915509;0,020964422;0,013237756;0,03299287;0,007806182;0,010936692;-0,05917152;0,000648701;-0,080769176;-0,011307773;0,013428992
2025-04-24;0,02127682;0,028780615;0,039946698;-0,042833644;-0,012125546;0,049011984;0,024137959;-0,053030244;0,01063811;0,021015742;0,018182081;0,032061787;0,019360458;0,031028829;0,015969554;0,057320011;0,033395933;0,107966299;0,050140589;0,054393349;0,0004972;0,017879833
2025-04-25;0,000946952;0,001422431;-0,012804085;-0,01376935;0,011191321;0,009042867;0,010662209;0,043999879;0,013850505;-0,031732409;0,027255375;0,001071412;-0,003741179;0,008447823;0,001497192;0,013919379;-0,011606791;-0,011352812;0,026754534;-0,007936565;-0,005467059;0,001181453
2025-04-28;0,005676436;0;0,001296985;0,003490398;0,012138533;0,002240512;-0,001665687;-0,044699932;0,014207604;-0,004428715;-0,009149148;0,006420466;0,010687522;-0,008377055;-0,002242004;0,033237027;0,002993492;-0,014275636;0,008618811;0,0120002;-0,001499286;0,002055826
2025-04-29;0;0,002367252;0,001295366;-0,003478258;0,005290924;-0,014157968;-0,008342555;-0,028074801;0,007543266;-0,003558716;0,001846705;-0,0058479;0,008002347;-0,010559609;0,011235676;0,016783226;0,008034845;-0,002000121;0,002980917;0,039264461;-0,001501538;0,000570303
2025-04-30;0,006585112;0,004251464;0,005174639;-0,034903981;0,015087739;0,019652306;0;-0,081861547;0,018983872;-0,047321406;0,009216608;-0,009090928;0,008789256;0,003201657;0,017037039;0,004814337;0,021742105;-0,066132225;-0,115514059;0,007812505;-0,008020048;-0,00019246
2025-05-02;-0,01588785;0,013640806;0,030888063;-0,00180836;-0,001037011;-0,013343274;-0,005608607;0,016920525;-0,009446292;-0,003748825;0,003771308;0,012412283;-0,002596652;0,001063926;-0,021121496;0,018480485;0,012286701;0,001072918;-0,004928425;0,011628073;0,012127276;0,00049605
2025-05-05;-0,004748453;-0,012065073;-0,032459453;-0,018115925;0,007612505;-0,007513189;-0,025944716;-0,031614062;-0,00741717;-0,034807138;-0,019361104;-0,0101279;-0,017761656;-0,003188161;-0,009017612;-0,015457071;-0,028995307;-0,050375048;-0,042548322;0,088122804;-0,016475335;-0,012158302
2025-05-06;-0,002862335;-0,003757614;-0,002580643;0;-0,007554992;-0,003784844;0,014476005;-0,063573881;-0,002935748;0,030214372;0,000987315;0,005923365;-0,005166243;-0,003198358;-0,004511161;-0,02320808;-0,001851885;-0,013544154;0,009875457;0,021126574;0,008683839;0,000187279
2025-05-07;0,008612275;-0,010844097;-0,010349279;0,007380067;0,014186922;-0,000760041;-0,039954457;0,025688097;0,011777254;-0,017029267;0,007889469;0,026766681;0,010963352;-0,039037394;-0,015106023;0,004192839;-0,005565773;-0,022883181;-0,023283057;-0,006896743;-0,001035053;-0,000883789
2025-05-08;0,005692594;0,027168986;0,044444402;0,025641001;0,003411753;0,083650271;-0,036860782;-0,07692307;0,060582078;0,077959523;0,018590974;0,030761288;0,007991006;-0,005008269;0,156441881;0,074460658;0,012593295;0,056206063;0,006197907;0,05208351;0,001554363;0,021244696
2025-05-09;0,042452938;-0,005568466;-0,022528139;-0,039285677;0,004080209;0,019649145;0,005555561;-0,038759711;0,017959598;-0,084821413;-0,010566712;-0,023773436;0,054077021;0,01901548;0,002652611;0,049222804;0,001381853;-0,069844765;-0,009950325;-0,01980181;-0,021727958;0,002055317
2025-05-12;-0,02262449;-0,012599255;-0,003841195;0,011152405;-0,015577423;-0,011699974;-0,002455518;0,022177397;-0,025974012;0,060487794;-0,011650476;0,006217649;-0,020145022;-0,003841755;-0,014550456;0,015432102;-0,013339447;0,046483835;0,021057663;0,006733641;-0,001586361;0,000373594
2025-05-13;0,01574074;0,027410145;0,024421539;0,018382335;0,020295992;0,04108629;0,055384613;0,007889609;0,020125695;-0,011039548;0,004911596;0,013388166;0,012335324;0,020385706;0,021476765;0,024316164;0,010023287;0,043280275;0,031169602;-0,010033223;0,005296591;0,017574306
2025-05-14;0,002734679;-0,011039504;-0,021329938;-0,00722021;0,003371559;-0,020066867;0,001166222;0,007827754;-0,003698957;-0,034418594;-0,001955015;0,007649812;0,006769829;-0,010259248;-0,00131414;-0,001187054;-0,003461808;0,02074229;0,001590936;0,010134909;-0,016859887;-0,003885926
2025-05-15;0,012727325;0,015348651;-0,010256461;0,009090944;-0,012096801;0,008191253;0,011065844;-0,001941763;0,00272264;0,024084778;0,031341933;0,002040971;0,013447805;0,033824382;0,009868573;0,035056533;-0,032190826;0,037433263;0,002269052;0,040133898;0,020364368;0,006581276
2025-05-16;0,007181385;-0,002290164;-0,019430003;-0,0072072;-0,126870726;0;0,002880051;0,009727608;-0,014070594;-0,006585108;-0,004748544;-0,002545964;0,005838747;0,032189917;0,003257086;0,006314647;0,001196394;0,008247297;0,018791059;0,012861919;-0,002625982;-0,001055019
2025-05-19;0,010694982;0,01331484;0;-0,003629847;-0,024542322;0,00338509;0,012636391;0,001926798;0,014020939;-0,006628849;0,007633819;-0,012761465;0,011873497;0,002044958;0,009091054;0,026240637;0,008604215;0,01226996;-0,010000069;-0,022222188;-0,00579249;0,003225876
2025-05-20;0,00176373;0,005437266;0,001320971;-0,007285968;0,018370657;0,008771931;0,003970644;0,005769277;-0,011851761;0,020972381;0,013257243;0;-0,001303585;-0,002040784;0,009652257;0,01723166;-0,00947865;-0,03030303;-0,000448903;-0,077922017;0,001059234;0,00339454
2025-05-21;-0,014964789;-0,020730074;0,0131926;-0,022018328;-0,009411837;-0,030100267;-0,063276921;-0,034416816;-0,011994008;-0,036414598;-0,013083788;-0,007239;-0,020104849;-0,024539928;-0,017845718;-0,037704737;-0,011722466;-0,040625042;-0,024253356;-0,017605879;-0,020105833;-0,015908929
2025-05-22;-0,012511029;-0,005982519;0,007812493;-0,016885582;-0,008313506;-0,011034446;-0,001809411;0,001980116;0,002023169;-0,015503862;-0,016098578;0,005208403;-0,006927531;0,001572414;0,002595807;0,003407128;0,003146808;0,028230142;0,005063404;0,025089766;-0,008639266;-0,0044096
2025-05-23;0,008144738;0,007978189;0,0361758;0,017175602;-0,025149757;0,003486734;0,004833822;0,021739207;0,001766798;0,091535464;0,02983614;-0,003626948;0,01207397;0,003662835;0,012297907;-0,003961486;0,006274269;-0,049630331;0,000457949;0,013985924;0,028322499;0,004013899
2025-05-26;0,004488245;0,00507624;0,003740615;0,003752342;0,010237597;-0,004169557;0,009621198;-0,025145172;0,006550846;0,041478813;0,007476763;0,010400446;0,002120846;0,021376546;0,005115066;0,007954483;0,000719425;0,004444377;0,00091557;-0,01724134;-0,000529767;0,002263757
2025-05-27;0,00893667;0,014692546;0,012422289;0,041121546;-0,004053524;0,003489098;0,005360279;0,001984241;0,027534356;-0,0103896;0,01576994;0;0,007936454;0,03011737;0,020356339;0,011837562;0,013419647;0,033185955;0,019666155;0,014034902;0,015368387;0,010171136
2025-05-28;-0,010628959;0,006787151;0,009815942;-0,046678675;-0,019943181;-0,00556323;-0,016587657;0,033663242;0,005846531;0,020997355;-0,013698643;-0,014410617;-0,008136481;0,011892989;0,006857718;0,012256397;-0,015370109;0,022483896;0,001569796;0;0,006784909;-0,004679628
2025-05-29;-0,007162001;0,005393285;0,020656147;-0,015065899;-0,015780623;-0,01398602;0,010843447;-0,038314106;-0,016468839;0,002570671;0,010185235;-0,001044357;-0,007938441;0,013222333;-0,00433453;-0,011557532;0,009365904;-0,049214575;-0,014330589;0;0,000518507;-0,002548816
2025-05-30;-0,001803392;-0,006705512;-0,020238105;-0,005736178;-0,011814299;-0,01063832;-0,029201421;0,003983997;-0,026102029;-0,058974324;-0,006416118;-0,042864694;-0,001600278;-0,024649615;0,00746288;0,011135658;-0,001665446;0,015418434;-0,037937201;0,027681961;-0,021243552;-0,010878196
2025-06-02;-0,004206861;-0,005400286;-0,021871125;-0,00384615;-0,005977773;-0,017204281;-0,013505253;0,017857286;0,00480411;-0,043596774;-0,017527652;-0,00382328;-0,007012526;-0,002477662;0,0024689;0,010462808;-0,009532865;0,03470718;-0,01180651;0,003366683;-0,005823274;-0,00175148
2025-06-03;-0,001818204;0,008144694;0,060869535;0,019305094;0,005456094;0,034281566;0,029869291;-0,015594569;0,020382483;-0,01234569;0,002816824;0,014254669;-0,003230173;0,015896634;0,017198425;0,025068031;0,003609243;0,074423435;-0,003584032;0,010067258;0,009052248;0,005548773
2025-06-04;-0,002732078;-0,005386116;-0,026932031;-0,011363715;-0,027415007;-0,016220067;-0,015105778;-0,071287204;-0,003452554;0,009615422;-0,013108587;0,00108105;-0,002430596;0,001956064;-0,003030241;-0,020733597;-0,004555332;-0,020487864;0,035011888;0,046511742;-0,003166204;-0,00395504
2025-06-05;-0,010959037;-0,009476323;-0,032491028;-0,00957849;-0,004921705;-0,02652335;-0,01226987;0,049040588;-0,005196578;-0,005714326;-0,015180321;0,00647941;-0,012181779;-0,011713055;-0,029179362;0;-0,003130991;0,001992052;-0,014365187;-0,03809534;0,005823034;-0,005591159
2025-06-06;-0,001846844;-0,005011579;0,002487619;0,001934188;-0,023831047;-0,000736315;0,005590068;-0,004065073;-0,004975272;-0,003831414;0,009633921;-0,011265998;0,002466448;-0,005925938;-0,000626161;-0,046688343;-0,00193277;-0,055665966;0,000705217;-0,03960407;-0,004736778;-0,000983587
2025-06-09;-0,002775143;-0,010073072;-0,006203497;0,013513547;0,000921236;-0,030213585;0,017912227;0,010204062;-0,004999953;-0,011538451;-0,003816757;0,015192527;-0,005194056;0,018877319;-0,007518773;0,018792677;-0,007020032;-0,002105284;0,006342483;0,020618851;-0,02696987;-0,002961015
2025-06-10;-0,007421142;0,007400398;0,031210985;-0,015238081;-0,008743593;-0,001519931;0,005461171;0,030303073;-0,002261295;0,046692656;-0,008620759;-0,006948293;-0,001550524;-0,000487663;-0,0006313;0,02347673;0,005363209;0,002109726;-0,012604925;0,016834792;0,012500042;0,005431138
2025-06-11;0,009345809;-0,007346034;-0,001210681;0;-0,006499543;0,007610392;0,024743582;-0,0058824;0,011835827;-0,030669137;0,002898574;-0,02045197;0,009166385;0,024878077;0,030953903;0,008738436;-0,001212449;0,004210569;-0,000236343;-0,01986747;0,001610325;0,005071975
2025-06-12;0,001851775;0,002775077;-0,001212149;-0,019342341;0,00093458;-0,019637464;0,007656094;0,001972402;0,025634569;0,012464057;0,014451087;0,009340623;0,007707585;0,004759665;0,00980391;-0,001624243;0,005583818;0,008385723;-0,000709575;-0,027027224;-0,014469438;0,004900531
2025-06-13;-0,010166185;-0,009225041;-0,014563093;-0,059171633;0,007936517;0,005392995;-0,007013509;-0,043307043;-0,016986105;-0,038825832;0,003798431;0,001088814;-0,012018667;-0,001894807;-0,011529078;-0,004338361;-0,002897154;-0,070686153;0,003076221;-0,031249879;0,005437657;-0,004259797
2025-06-16;0,013071853;0,00837988;0,03940883;0,033542945;0,018063938;0,032183944;0,007063046;0,012345675;0,021969881;0,040394169;0,011352978;0,007069085;0,018247074;0,018509642;0,02148564;0,025054378;0,011622287;0,067114212;0,003538564;0,046595056;0,021092604;0,01488926
2025-06-17;0,004608152;0,009233559;-0,037914658;-0,068965454;-0,003639676;0,004454263;0,007597924;-0,028455309;0,007487843;-0,029356099;0,007483657;-0,028077742;0,005973554;0,001864102;0,015024039;-0,00903298;-0,008137938;-0,022012641;-0,026563247;0,017123436;-0,009004301;-0,002987304
2025-06-18;-0,001834786;-0,007776537;-0,014778311;-0,010893287;-0,004109682;0,019216557;0,005800313;0,029288729;0,002157839;-0,009756135;0,008356514;0,002222044;-0,005938082;0,006046416;-0,007696948;0,003753322;-0,021476691;0,002143644;0,010867113;-0,030303362;-0,014965291;-0,000885912
2025-06-20;-0,006433903;-0,01521448;-0,089999974;-0,030836975;-0,021091178;-0,012327819;-0,014417568;-0,010162682;0,000478352;-0,031527065;-0,010128864;-0,024390131;-0,005158627;-0,009246371;-0,008353112;-0,008546835;-0,012330501;-0,053475936;-0,005255731;-0,020833158;0,00108522;-0,011541484
2025-06-23;-0,008454917;0,007958669;-0,046703316;-0,011363679;-0,012177999;-0,016152746;-0,007606757;-0,012320326;-0,006456116;-0,015259371;-0,001860645;0,003409112;-0,00218375;0,004666382;-0,007822051;0,024245606;0,002247193;0,00677973;0,001301036;-0,007092299;0,002710079;-0,004120599
2025-06-24;0,021575801;0,033906078;0,024495688;-0,034482781;0,016595561;0,014468309;0,025943407;-0,014553028;0,021660635;-0,026859527;-0,004884322;0,002831177;0,018873026;0,012540543;0,00303233;0,014729186;0,002491249;0,021324285;-0,003846031;0,007142959;-0,028108166;0,004496488
2025-06-25;-0,013774015;-0,00404289;-0,033755309;-0,042857104;-0,008395531;0,006656769;-0,025861924;0,014767947;-0,007067072;-0,044585995;-0,014326816;-0,006211122;-0,017986235;-0,004587182;-0,008464341;-0,01555229;-0,012176916;0,003296792;0,00916983;0;-0,010011113;-0,010192104
2025-06-26;0;0,017591212;0,005822411;0,029850718;0,015992492;0,036002918;-0,008849627;0,010395094;0,000237143;-0,003333304;0,026162921;0,016477278;-0,007381446;-0,022580587;0,009146089;0,028436117;0,003018871;0,031763348;0,029890071;-0,014184501;0,006179804;0,009921409
2025-06-27;-0,002793238;-0,00044338;-0,024602038;0,002415514;0,006018435;0,001418479;0,003571432;-0,008230416;-0,011147931;-0,003344558;-0,010387274;0;-0,001101389;0;0,00120856;0,001535983;-0,004263896;-0,012738875;-0,01671699;0,003597174;0;-0,001808714
2025-06-30;0,022408995;0,007538863;0,017804209;-0,007228966;0,016567067;0,032577824;0,040332231;0,016597436;0,013432389;0,014541401;0,030534369;0,031302446;0,018748478;0,021216477;0,015690873;0,006135128;0,01486151;0,059139785;0,010153463;0,007168463;-0,002233394;0,014532462
2025-07-01;0,004566082;0,007042197;0,03061225;-0,004854364;-0,00814858;-0,005486917;0,014823199;0,022449058;0,014674586;0,007717823;0,016666555;0,00054199;0,004539361;0,007386772;0,008901396;-0,001524481;0,003474845;-0,014213136;-0,006544997;0,01423498;-0,002797975;0,00499802
2025-07-02;-0,010909156;-0,020978944;-0,019802028;0,053658603;0,003651305;-0,003448303;-0,014606681;-0,003992146;-0,031023983;-0,001094117;-0,012750298;0,028710699;-0,008086554;-0,017873427;-0,018067677;-0,03307893;-0,008162364;-0,065911469;-0,001647029;0;0,010662152;-0,003568639
2025-07-03;0,021139727;0,011160792;0,02020207;0,020833257;0,014097421;0,01176469;0,015393228;0,02404819;0,018295579;0,01095284;0,019372692;0,028962667;0,024728325;0,026598207;0,023838523;0,026229122;0,018453918;0,013230452;0,006598985;0,024561366;0,00222093;0,013498644
2025-07-04;0,000900297;0,008829973;0,009900947;0,01360543;0,005829602;0,006155919;0,010106693;0,011741679;0,003309625;0,005417139;0,0117647;-0,004605912;0,000530278;0,026818245;-0,004776039;0,002592108;0,002938198;0,006528681;0,006789924;-0,003424799;0,002770136;0,003902702
2025-07-07;-0,015287802;-0,021444147;-0,033613414;-0,017897075;-0,016495782;-0,004078837;-0,012784763;0,011605412;-0,01060306;0,005387952;-0,008944525;-0,029820166;-0,013251837;-0,023904478;-0,00959804;-0,003102302;-0,020996049;-0,015134962;-0,015581289;-0,017181906;0,009392269;-0,014051655
2025-07-08;-0,002739767;-0,000894505;-0,001449309;-0,002277848;-0,002719858;-0,004095542;-0,002815528;0,08221787;-0,023577016;-0,003215405;-0,00722022;-0,012188645;-0,002417473;-0,004081665;0,00242261;0,001037215;-0,007231859;-0,023051657;-0,040633226;-0,006992914;0,006020703;-0,001340598
2025-07-09;-0,020146622;-0,017009884;-0,040638569;-0,031963548;-0,025000026;-0,007539484;-0,003952478;-0,031802114;0,003902345;0,060214995;-0,032727147;-0,006974163;-0,020732345;-0,007741324;-0,011480216;0,005181323;-0,002763162;-0,039325843;-0,012312089;-0,028169407;-0,020674538;-0,013079402
2025-07-10;-0,0140187;-0,005008919;-0,030257229;0,01886802;-0,011188733;-0,026933562;-0,007369527;-0,012773735;-0,008746407;0,009127805;0,014097615;0,011885354;-0,030794735;0,013767861;-0,013447485;-0,012371138;-0,007052869;-0,024561415;-0,005235508;0;0,008333303;-0,005368014
2025-07-11;-0,006635069;-0,009611244;-0,004680146;-0,006944493;-0,003300425;-0,02555011;-0,023415197;-0,005545148;0,000735451;-0,019095436;0,000926724;-0,009076313;-0,008226953;-0,015844314;-0,005576256;-0,024008281;-0,002790395;-0,035971223;-0,003759502;-0,039855051;0,002754749;-0,004066022
2025-07-14;-0,005725072;0;-0,015673966;-0,016317056;-0,02175963;-0,00873994;-0,026900633;-0,024163668;-0,005633319;-0,023565624;-0,012963091;0,023706897;-0,001716032;-0,006439739;0,003738413;-0,028342241;-0,015008847;-0,01119408;-0,005534764;0,011320917;-0,003296679;-0,006520446
2025-07-15;0,000959707;0,011552858;0,015923551;-0,004739332;0,010638309;0,008817;0,001802887;0,01333344;-0,009113245;0;-0,003752201;0,004736817;0,003438207;0,006018523;-0,000620864;0,020363228;0,014720981;0,012578681;0,003541652;0,011194086;0,004410153;-0,000362161
2025-07-16;0,005752619;0,006395598;-0,018808759;-0,045237997;-0,000957124;-0,003641545;-0,012597495;-0,003759521;0,020382784;-0,045120605;-0,009416177;-0,001571568;0,004854437;-0,006442801;-0,002484494;0,001078722;-0,003308802;0,007453366;0,036551659;0;0,008781515;0,00192976
2025-07-17;0,016205946;0,008624432;-0,011182136;0,004987526;-0,006704803;0,004385869;-0,022478721;0,018867983;0,016077938;-0,015384652;-0,00570345;0,001574042;0,015061088;-0,022232464;-0,001867758;0,008620585;-0,000510761;0,011097461;0,023589486;0,007380178;-0,010881293;0,000398492
2025-07-18;-0,019700003;-0,024752482;-0,037156707;-0,027295317;-0,023143707;-0,056040726;-0,024238621;-0,051851807;-0,03308549;-0,075892891;-0,007648188;-0,016762664;-0,018197252;-0,041212656;-0,022458081;-0,052884545;-0,004598776;-0,039024415;0,006652387;-0,051282169;0,001100019;-0,016102976
2025-07-21;0,010526474;-0,003691758;-0,0218121;0,022959222;-0,019743357;0,010023103;0,00254773;0,00195314;-0,013141624;0,018116012;0,009633892;-0,001065611;0,011691084;0,000494063;0,000638103;-0,0146645;0,002823341;-0,03553297;-0,009440621;0;-0,00604386;0,005885352
2025-07-22;-0,015151638;-0,015284666;-0,015437419;0,059850314;0,001510576;-0,00229014;-0,005717923;-0,007797333;-0,003015027;0,036773364;-0,012404475;-0,006933248;-0,013528787;-0,012839515;-0,003188609;-0,002861922;-0,011005758;-0,013157828;-0,015487206;-0,007722011;-0,008844747;-0,000976395
2025-07-23;0,013461534;0,017117178;0,022648104;0,025882384;0,016088406;0,024483625;0,038977636;0,029469491;0,017893165;0,030892502;0,022222094;0,003759404;0,011142824;0,011005437;0,015994888;0,012054984;0,003623121;0,039999997;-0,08010663;0,027237526;0,006134998;0,009937629
2025-07-24;-0,013282728;-0,013475862;0,005110768;-0,018348606;-0,006927176;-0,020164343;-0,00799511;-0,032442725;-0,023025546;0,006659208;-0,004725888;-0,000535142;-0,009324609;0,007422163;-0,01259463;-0,031196682;-0,008509549;-0,033333409;-0,046829696;-0,003787932;-0,004988908;-0,011524142
2025-07-25;0,003846314;0,001413118;0,020338963;-0,018691681;0,008470266;-0,003811006;0,025418546;0,003944805;-0,002534287;-0,004410139;-0,004748329;0,016060171;0,004278479;0,033890076;-0,007652933;-0,021077406;-0,008062391;-0,005304959;-0,001656088;0,011406485;0,002228417;-0,002122444
2025-07-28;-0,018199297;-0,009877767;-0,026578048;-0,007142794;-0,014822056;-0,028309134;0,021765318;-0,017681773;-0,022103582;-0,00553712;-0,010496202;-0,016333174;-0,021016811;-0,001425257;-0,007712148;-0,020932919;-0,013896113;-0,042666691;0,020318853;-0,015037194;-0,006670324;-0,01044756
2025-07-29;0,002926768;0,007600975;-0,008532456;0,00719418;0,000501505;0,000787501;0,011242577;0,002000115;0,005975593;0,001113611;0,007714566;-0,006427353;0,005802076;0,004281569;-0,001943022;-0,001221778;0,005051707;-0,027855152;-0,004083753;0,015266763;0,015109042;0,004518312
2025-07-30;0,011673117;0,009900955;0,0275387;-0,014285701;-0,002506268;0,003147138;0,007606817;0,031936084;0,010330481;0;0,004784779;0,007008;0,011537211;0,03126492;0,016223306;0,025076385;0,009788442;0,051575943;0,007380854;0,041353465;0,006063976;0,009523379
2025-07-31;-0,004807764;-0,005135277;-0,006700161;0,057971076;-0,010050165;-0,013333315;-0,002903466;-0,044487398;0,000255712;-0,030033316;-0,016190721;-0,004282534;0,002566489;-0,025723557;-0,008301541;-0,029236155;-0,009431499;-0,038147247;0,007055758;-0,00361016;0,004383571;-0,006858721
2025-08-01;-0,000966094;0,010793132;-0,01854969;0,002283048;-0,068527986;0,000794856;-0,014560315;0;-0,001533376;-0,013761454;0,000968295;-0,010215099;-0,006042767;-0,000471468;0,001931893;0,013521793;0,001851328;0,022662977;0,001886301;0,00362324;-0,010365558;-0,004764374
2025-08-04;0,007737059;0;-0,003436423;0;0,020163403;0,007148572;-0,013002338;-0,010121637;0,002559485;-0,002325635;-0,003868423;-0,003259119;0,010592705;-0,007075361;0,007655451;0,023044186;0,000263956;-0,005540152;-0,002958592;-0,014440147;0,000551316;0,004032106
2025-08-05;0,01055647;0,002321108;0,024137907;-0,02505687;-0,005341783;-0,00788642;0,000598641;0,010225133;0,00102114;-0,006992945;-0,005825372;-0,025613033;0,011048113;0,011876297;0,001915788;0,001185507;-0,003694838;0,002785403;0,001618605;0,01465172;-0,003305761;0,001353679
2025-08-06;0,017094171;0,016674465;-0,021885541;0,023364463;0,00429646;0,011128848;0,021544073;0,062752932;0,015557401;0;0,019531211;0,019015586;0,012608664;0;-0,001274771;0,052101976;0,034966811;0,019444572;0,027740257;0,018050701;-0,024322881;0,010416745
2025-08-07;0,01493913;0,012756281;0,0275387;0,013698617;0,011229855;0,014936975;0,021675498;-0,051428512;0,011803032;-0,015258229;0,013409995;0,019758404;0,01770892;0,016431969;0,007657936;0,015194166;0,094701875;0,010899086;0,022012677;0,05319166;-0,020963137;0,01479136
2025-08-08;0,003679908;0,004498312;-0,028475646;-0,0045045;0,001057745;-0,002323768;-0,0636468;0,01204809;0,011665443;0,044100104;0,008506659;0,01937591;0,006797284;-0,011547262;0,010766322;-0,072616442;0,035305121;-0,051212981;-0,023076958;0,033669953;0,002314754;-0,00450457
2025-08-11;0;0,004030611;-0,027586262;-0,013574647;0,008980361;-0,009316798;0,001224783;-0,003968188;-0,003386681;-0,077625604;0,00374888;-0,013326336;0,00621119;-0,007476717;-0,003759426;-0,018529608;0,019196012;-0,002840866;-0,023096996;-0,035830678;-0,0051963;-0,002133718
2025-08-12;0,021998102;0,018287168;0,03723405;0,006880672;0,007329953;-0,008620696;0,046483188;-0,017928233;0,13118444;-0,003712838;0,018674097;-0,002169215;0,020665567;0,024011325;0,023270547;0,018270317;0,008198515;0,001424588;-0,01638914;0,010134909;-0,008125347;0,016892415
2025-08-13;-0,011659175;-0,004380181;-0,01196576;-0,018223218;0,002078903;0,003952522;-0,008766931;-0,014198795;-0,021426979;-0,013664613;-0,001833158;-0,016304313;-0,009466299;-0,025287352;-0,008604856;-0,037679337;-0,011868143;-0,042674323;0,000273121;-0,040133715;0,013458142;-0,008896849
2025-08-14;0;0,005719588;-0,065743962;-0,071925742;0,029564348;0,011811196;0,040094367;-0,014403305;0,004740369;-0,026448367;-0,006428075;0,013259549;-0,001327563;0,003773626;-0,007439482;-0,004350545;-0,015124509;-0,007429421;-0,003549928;0;-0,012124656;-0,002421591
2025-08-15;0,000907552;0;0,0148148;0;0,04030231;0,023346179;-0,002834451;0,025052185;-0,001347927;-0,011642969;-0,009241933;-0,01744812;-0,003455463;-0,019736832;0,001249292;0,006866373;-0,000677507;-0,008982127;-0,014250516;-0,013937101;-0,012273533;-0,000110006
2025-08-18;0,006346228;0,013123115;0,052919701;0,027500033;0,020339004;0,000760553;0,015349706;0,042769896;0,013948187;0,040575909;0,004664072;-0,000554858;0,007202017;0,000958656;0,019962586;0,004959704;-0,004762152;0,043806789;0,012232354;0,035335704;0,013609513;0,007195194
2025-08-19;-0,030611668;-0,020293668;-0,064124764;-0,021897847;-0,060275242;-0,047872387;-0,033594661;0,029296817;-0,034834705;-0,028930821;-0,018570162;-0,00166584;-0,02905606;-0,010536336;-0,034250947;-0,020974684;-0,017025339;-0,00723589;-0,022246606;-0,047781683;-0,009340358;-0,021045426
2025-08-20;0,002835536;-0,00132219;-0,0148148;-0,012437799;0,003030208;-0,015961661;0,04345306;0,017077841;-0,011034497;0,025906774;0,037843075;0;0,000550708;0,00048402;0,003166649;-0,010081919;0,013230671;-0,026239111;0,01320232;-0,007168561;0,002946365;0,001748096
2025-08-21;-0,000942539;-0,003089194;-0,018797064;0,007556668;-0,008559831;-0,006488259;-0,011660145;0,001865594;-0,009530419;0,037878812;-0,031905225;-0,002780805;0,001101273;-0,002902815;-0,003156653;-0,017186528;0,006410306;0;-0,004435907;-0,018050307;-0,007050544;-0,001158413
2025-08-22;0,034905565;0,024542701;0,045977061;0,039999962;0,041137477;0,025306177;0,027999955;0,070763607;0,016193448;0,040145975;0,024482098;0,025097605;0,028044852;0,048035012;0,032932284;0,030440442;0,006841227;0,032934087;0,044277387;0,077205863;0,017159783;0,0257005
2025-08-25;-0,003646337;-0,00217014;-0,001831544;0,007211589;-0,02195115;-0,0007962;-0,004446892;0;-0,00115478;0,017543815;-0,000919058;-0,001632306;-0,005081396;-0,001388966;0,002452625;-0,00377112;0,014995307;0,031884163;0,006133435;0,013651976;0,003490376;0,000413139
2025-08-26;-0,004574434;-0,007394469;-0,007339443;-0,002386689;0,01645887;-0,008765025;0,012841936;0,031304252;-0,004624283;0,012643749;0,011039324;-0,003814717;-0,006720623;0,031061768;-0,002446625;-0,012618426;-0,008079411;-0,01685396;-0,003710609;-0,020202303;0,00289854;-0,001840246
2025-08-27;0,014705999;0,019719643;0,031423305;0,007177084;0,012266941;0,018488862;0,017089342;0,001686437;0,022764168;0,057888678;0,00727935;0,004923482;0,016779549;0,040917294;0,007357379;0,02172528;0,012334221;0,025714329;0,003990429;0;0,006358411;0,010415835
2025-08-28;0,012681115;0,027503125;0,025089582;0,052256482;0,020358628;0,028413502;0,080758867;0,013467954;0,010674598;0,010729655;0,004516798;0,002721879;0,02076111;0,049675888;0,021911361;0,011882446;0,021149347;0,091921945;0,002119651;0,003436569;0,013210842;0,013239372
2025-08-29;0,003577846;0,002091176;0,022727294;-0,013544006;0,016152129;-0,003837329;-0,014042204;0,001661143;0,008089898;-0,005307876;-0,000899128;0,004885949;0,003650662;-0,010699509;0,002382085;0,004944316;0,013507534;0,044642987;-0,00423044;0;-0,007936556;0,002644471
2025-09-01;0,007460176;0,000417294;0,034188084;-0,002288273;-0,01402535;0;0,00508652;-0,001658388;-0,009808305;-0,028815316;-0,008100944;-0,009184327;0,007996693;0,002911857;-0,006535695;-0,001229982;-0,00044428;0,010988936;0,003982906;0;-0,011428595;-0,002100098
2025-09-02;-0,015957555;-0,00709215;0,033057819;-0,009174303;-0,031768554;-0,017719527;-0,005060779;-0,001661061;0,001800993;-0,005494526;-0,015426448;-0,004361974;-0,017019103;0;-0,011438031;-0,009236411;-0,000888954;-0,01570058;-0,003438305;-0,023972567;-0,012138738;-0,005597874
2025-09-03;-0,011711635;0,001260557;0,08;-0,004629625;-0,006855936;0,015686243;0,000508632;-0,003327896;-0,004494388;-0,007734878;0,000921696;-0,002190598;-0,008656884;0,007465753;-0,000605686;-0,003728994;-0,010231279;0,008588982;0,004511734;0;-0,005266232;-0,003356255
2025-09-04;0,0054695;0,015526515;0,059259273;0,025581314;0,006903264;0,010810805;0,003558713;0,018364004;0,024830732;0,017817462;0,020257862;0,012623566;0,003969289;-0,005763774;0,020000001;0,004990644;0,008988804;0,052311597;-0,015851968;0,063157826;0,006470619;0,008072127
2025-09-05;0,010879398;0,011983631;0,020979034;0,024943342;0,035749303;0,022154326;0,065856174;0,001639357;0,019162978;0,028446309;0,005415095;0,003794041;0,011070135;0,033126394;0,024361263;0,014897522;0,01425389;0,071676199;0,016107301;0,013201417;0,003506762;0,011681431
2025-09-08;-0,004484398;-0,008983295;0,023287616;0,017699098;-0,009456366;-0,017937199;-0,011406881;-0,006546697;-0,017289843;0,02234043;-0,004488321;0,006479312;-0,004692304;-0,016032154;-0,005220471;-0,029357808;-0,009003086;-0,038834907;-0,010832257;-0,009772035;-0,006406553;-0,005945036
2025-09-09;-0,003603471;-0,004532448;-0,034805858;-0,019565147;0,021479737;-0,009893428;-0,023076902;0,018121893;0,001979372;-0,041623271;-0,000901655;0,009120385;-0,008643169;-0,014663809;-0,009329332;-0,017643359;0,008863236;0,001122402;-0,012286317;-0,026315801;-0,002344671;-0,00122715
2025-09-10;0,001808299;0,002483462;0,016643535;-0,008869276;0,030373774;-0,003074567;0,010334728;0,017799335;0,001097413;-0,036916412;-0,000902752;-0,018075583;0,000792422;0,007027587;-0,007062832;0,023733155;0,002196429;0,036995261;0,008112614;0,016891854;-0,001175124;0,005161773
2025-09-11;0,000902565;0,014037975;0,006821308;0,015659994;0,007709759;0,011565089;0,000487077;0,030206684;0,016663034;0,018038314;-0,002709947;0,011369798;0,001847963;0,004105113;0,009483993;0,013784498;0,014683234;0,081081308;-0,012070834;0;0,005294112;0,00563404
2025-09-12;-0,008115474;-0,00651451;0,006775029;-0,004405282;0,004050497;-0,0129573;0,008276381;0,024691327;-0,01768387;-0,012181579;-0,008152025;-0,006959289;-0,01501955;0,002453033;-0,011743898;-0,02039548;0;-0,0150001;0,003258197;-0,029900302;-0,007606787;-0,006140369
2025-09-15;0,013636361;0,002458865;0,017496651;0,00221244;-0,019722031;0,032432492;0,005794418;-0,025602392;0,007025171;-0,007847499;0,013698601;-0,008086291;0,016586334;0,006117446;0,011883456;0,023343776;0,030237674;0,074111655;-0,011907923;0,044520616;0,013561366;0,008961707
2025-09-16;-0,000896899;0,015535711;0,022486783;0,01324502;0,003200646;0,008227306;0,004800719;0,01236486;0,003706173;0,020338909;0,008108054;-0,00434775;-0,002631863;-0,006485681;-0,002348649;0,041923504;0,005450721;0,015122931;0,007121246;0,009836114;-0,010471193;0,003587675
2025-09-17;0,018851117;0,015700306;0,034928846;0,008714588;-0,003190435;0,017804134;0,002388939;-0,012213837;0,014335464;-0,013289024;0,018766756;0,007096043;0,014248323;-0,008975875;0,03472636;0,007100535;0,017514566;0,053072643;-0,001631811;0,019480438;0;0,01063431
2025-09-18;0,000881001;0,002774591;-0,018750012;-0,053995679;0,010516523;0,000728883;0,013346023;0,007728037;0,001070624;-0,022446668;-0,008771912;-0,009214194;0,001300432;-0,002058428;-0,010239012;0,001762648;0,004098339;-0,007073368;0,000544862;-0,00636943;-0,015285125;-0,000645631
2025-09-19;0,005281819;0,000790465;-0,044585976;0,027397233;-0,021719394;-0,005098322;-0,018344227;-0,003067509;0,015828897;-0,024110222;-0,000884991;0,002188314;0,013250233;-0,019801932;0,01781599;-0,007624505;0,031632684;-0,010685771;-0,010345876;0,012820518;0,001790998;0,002508591
2025-09-22;-0,010507951;-0,009083618;-0,181333351;-0,013333321;-0,005087887;-0,011712993;0,001916569;-0,013846188;-0,007159411;-0,011764751;-0,000885682;-0,006550271;-0,014358719;-0,001683654;0,001693938;-0,038416072;-0,016023707;-0,024302449;0,020907956;0,006329117;-0,018474295;-0,005182875
2025-09-23;0,013274333;0,028297906;0,032573337;0;0,028823744;-0,011851887;0,021042599;-0,006240223;0,013997815;-0,023809502;0,012411378;-0,005494494;0,015868655;0,014755519;0,006200944;-0,021512068;0,019300352;0,014760204;-0,011048152;0,022012545;0,011536098;0,009069045
2025-09-24;-0,00524021;-0,006920121;0,056782279;0,002252196;-0,000903576;-0,006915258;-0,003747053;0,023547914;0,000418404;0,051219523;0,002626892;0,003867406;-0,00665812;-0,00249269;-0,007843381;0,015268975;0;-0,010909109;0,005177004;0,003076967;-0,003601482;0,000457572
2025-09-25;-0,008779537;-0,001959218;-0,070149224;-0,006741513;-0,014473103;-0,016704608;0,006111804;-0,018404903;-0,010035636;-0,044083541;-0,02358072;0,001651058;-0,007991662;0,001665946;-0,007905157;-0,013801735;-0,005917128;0,012867777;-0,014638201;-0,036809831;-0,009036113;-0,008096005
2025-09-26;0,00797143;0,001570451;-0,004815443;-0,004524882;0,01468565;0,020849422;-0,007476597;0,01406238;0,014572394;-0,148058231;0,007155545;0;0,004937596;0,005821292;0,005122536;0,006361319;0,005753882;0,01542633;-0,000825223;0,015923704;0,007294779;0,000970366
2025-09-29;0,00703008;0,01372014;0,012903291;-0,002272779;0,000452284;0,013615734;0,024011329;0,007704299;0,016860931;-0,05128207;0,00177627;-0,015933998;0,00568928;0,019015999;0,010192515;-0,00379269;0,039258281;-0,050938268;0,004425171;0,028213132;0,002414075;0,006119067
2025-09-30;0,000872545;-0,001160075;-0,017515944;-0,036446436;-0,001356328;0;0,010114913;0,032110044;-0,012077765;-0,013513465;0,007353659;0,007258373;0,004628248;-0,002434039;0,008388757;-0,039974543;-0,003037204;-0,096045215;0,00604901;0,018292439;-0,012040964;-0,000683354
2025-10-01;-0,014821251;-0,008517256;-0,001620783;0,037825023;-0,007243104;-0,023134305;-0,034592676;0,00444448;-0,009117293;0,045662056;-0,031390057;0,011086452;-0,017984866;-0,017486682;-0,016958884;0,001321798;0,005712079;0;-0,021863779;-0,008982082;0,000609369;-0,004923515
2025-10-02;-0,01238934;-0,015228593;-0,030844166;-0,004555804;-0,007751858;-0,019098599;-0,000471367;-0,001474938;-0,012128832;-0,03202326;0,000925986;-0,007127055;-0,010951766;-0,013658989;-0,016177756;-0,023102295;-0,00795152;-0,04583327;0,009499915;-0,045317042;-0,004872117;-0,010768501
2025-10-03;0,005376286;-0,000792765;0,021775564;0,013729964;-0,008272067;-0,00700927;-0,010849106;-0,002954233;0,011854376;-0,016541373;0,002775198;0,007730428;0,007382208;0,005035679;0,000585013;-0,006756819;-0,000190816;-0,001091769;0,007472793;0,015822576;-0,024479856;0,001743661
2025-10-06;-0,004456327;-0,018254093;-0,009836056;0,033860068;-0,007877762;-0,0086274;-0,009060576;-0,020740687;-0,00355645;0,033639185;0;-0,025753382;-0,011515508;-0,018789204;-0,00584776;-0,021088316;0,000954338;-0,020765072;-0,019780146;-0,012460727;-0,006273433;-0,004112315
2025-10-07;-0,019695683;-0,016976545;-0,038079474;-0,034934465;-0,009341349;-0,031645698;-0,010587169;0,012102821;-0,033382405;-0,007396478;-0,015682632;-0,010123759;-0,015885617;-0,019148998;-0,016470839;-0,056984098;-0,016208951;0,002232053;0,001401275;-0,037854987;-0,006944477;-0,015681578
2025-10-08;0,007305954;0,004111948;0,020654025;0;-0,004243377;0,034313728;0,055447555;-0,017937141;0,030408381;0,011922492;0,000937172;-0,005113591;0,001883203;0,022125838;0,016148592;0,017686177;0,011242397;0,012249512;-0,006437134;0,013114491;0,001271494;0,005581652
2025-10-09;-0,004533091;-0,00778064;-0,006745356;-0,006787378;0,003314489;0,010268615;-0,000460816;-0,016742827;-0,000632419;-0,039764357;-0,012172305;0,000571136;-0,001611091;0,003395533;0,005297163;0,00217228;-0,003066895;-0,013201232;0,047887273;-0,012944727;-0,003809568;-0,003074326
2025-10-10;-0,002732259;-0,009905094;-0,003395583;-0,031890631;-0,027371521;-0,01485533;-0,02028588;0,010835923;-0,005694968;-0,038343558;0,001895663;-0,008561684;-0,001075907;-0,006768084;-0,013466215;0,010115572;-0,001153558;-0,01783719;-0,013709653;-0,009836204;0,007010868;-0,007254354
2025-10-13;0,004566209;0,002917923;0;0,063529407;0,013100357;0,008730107;0,007529373;-0,010719764;0,003606325;0,039872408;0,010406905;0,008635619;0,004038855;0,006814203;0,004154367;0,011444942;0,001539904;-0,023836502;0,031343744;0;-0,009493709;0,007840489
2025-10-14;0,000909129;-0,011221858;0,001703617;0,028761087;-0,008620514;-0,012588488;-0,014479153;0,024767769;-0,019234899;0,012269927;0,003745369;-0,003995437;0,004290707;-0,005076063;0,01418433;0,01272985;-0,003651667;0,020930089;-0,013477776;-0,03973503;0,002555916;-0,000705303
2025-10-15;0;0,0168137;0,015306067;0,021505355;-0,0183576;0,007171393;0,011848363;0,018126884;0,022198264;0,022727288;0;0,002865382;0;0,014030574;0,011654976;-0,004888251;0,023340975;0,014806471;0,002410894;0,037931005;0,006373464;0,006500427
2025-10-16;-0,002724814;-0,01033486;-0,045226129;0,008421045;0,002460728;-0,003164609;-0,012646457;0;-0,03499883;-0,066666638;0,000932705;0,009142696;-0,002403141;-0,021383582;0,011520817;0,004210482;0,004524069;-0,079685809;0,026990962;0,01661144;-0,003799846;-0,00283302
2025-10-17;0,001821474;0,005430245;0,029824576;0,014613815;0,026018682;-0,003174577;-0,000474369;0,007418457;0,013327481;-0,0063492;0,009319791;-0,020385102;0,003479654;0,006426726;0,006833851;-0,004891667;0,025145427;0,024390306;0,044756769;0,026143711;0;0,008431786
2025-10-20;0,02090901;0,008309142;-0,003407152;0;-0,006220195;0,007961679;-0,008068291;0,008836449;0,006468313;0,01277954;0,005540146;0,00924875;0,017871387;0,003831358;0,018665138;0,004213508;0,005491531;-0,007142929;-0,015193172;0,047770765;0,003178628;0,00774064
2025-10-21;-0,009794947;0,00123616;0,027350483;0,020576111;-0,01107349;-0,026066353;-0,012918749;0;0,004284413;0,025236568;-0,011937577;-0,008018451;-0,009434045;-0,014843036;-0,013325865;0,023076921;0;0,002398045;0,003287806;-0,003039473;0,004435951;-0,002934073
2025-10-22;0,010791155;0,00422193;-0,009983431;-0,004032254;0,007302642;0,009732441;-0,011148768;0,005839391;0,008959056;0,00615384;-0,001858857;0,016743579;0,008201153;0,00387424;0,001125478;-0,010936384;-0,014928109;-0,002392308;0,008822846;0,024390086;0,00063097;0,005468994
2025-10-23;0;0,004115287;0,035294125;0,00607282;-0,00193321;0,011244927;0,016666655;0,027576204;-0,000422834;0,055045892;0,007448796;0,010789501;-0,000787211;0,024442614;0,010680128;0,024187889;-0,000184859;-0,05635488;0,035482206;0,011904849;-0,003152574;0,005853403
2025-10-24;0,003558775;0,005327855;-0,025974002;-0,006036164;-0,006295406;-0,007148531;0,02121508;-0,001412371;0,00782577;0,024637692;-0,01016626;0,008988721;-0,001312905;0,00879024;0,005561662;-0,001349514;0,000924246;0,026683621;-0,001689143;0,023529421;0,006957583;0,003094955
2025-10-27;0,003546061;0,006930233;0,019999981;0,105263153;0,016081888;0,0024;-0,001888612;-0,004243315;0,002308462;0,009900947;0,014005553;-0,010579008;0,008414213;0,000829863;0,008296462;0,001351337;0,003693424;0,054455431;0,007251556;-0,008620811;-0,001884373;0,005452481
2025-10-28;0,003533624;-0,011336067;-0,009803912;0,005494457;0,005275692;0,007980899;-0,006149389;0,008522795;0,00397827;-0,004201643;0,019336949;0,019133352;0,003389937;-0,010779356;0,000548321;-0,016194361;-0,001471904;0,016431972;0,015598829;0,037681218;-0,002517383;0,003129912
2025-10-29;0,020246586;0,004504596;0,003300327;-0,007285968;0,012404594;0,000791818;-0,012375067;-0,02957756;0,033576563;-0,016877688;0,00451682;-0,007730541;0,022349256;-0,015926254;0,03234662;0,003429421;0,012345605;-0,01501164;-0,006379961;0,002793336;-0,001892695;0,008166643
2025-10-30;-0,004314062;0,008153318;-0,001644696;0,022018416;0,019321416;-0,003164609;0,024096333;0,004354243;-0,008878139;-0,028612277;0,011690668;0,000556402;-0,001270961;0,020017084;-0,038767948;-0,002734079;0,011103084;-0,003516975;-0,014268768;0,013927392;0,003160545;0,000989013
2025-10-31;0,009531913;0,008896092;0,013179559;0,017953304;0,012482676;0,004761827;0,007529373;0,037572195;-0,0061075;-0,004418223;0,007999972;0,003337011;0,003817843;-0,006263127;0,003315094;0,017134944;0,003060353;-0,003529507;0,015681429;0,027472844;0,017643318;0,005108213
2025-11-03;0,011158814;0,0008015;-0,009756088;-0,022927709;0,008219187;0,014218011;-0,000934115;0,027855169;-0,00655462;-0,016272209;0,010581973;-0,003325913;0,016682114;-0,005041938;0,011013071;-0,00606466;0,008793872;-0,015348206;0,016627284;-0,005347668;-0,002476715;0,006112077
2025-11-04;-0,003395639;0,01121349;-0,031198695;-0,005415114;0,008605082;0;0,000467494;0,008130079;0,011134035;-0,007518826;0,007853465;0,029477238;-0,002994095;-0,003800796;0,003215419;0,014915231;0,008183637;0,004796151;-0,001168351;0,010752472;0,013656108;0,001661637
2025-11-05;0,005110857;0,027722856;0,037288099;0,007259521;0,015267104;0,028037385;0,032710324;-0,002688193;0,027528543;0,019696987;0,02337654;0,008103655;0,004254399;0,030945374;0,021195859;0,032732149;0,019234149;0,04295938;0,017777742;0,013298062;0,005511323;0,017186007
2025-11-06;0,003389794;0,00809247;-0,006535942;-0,023423443;0,011057152;-0,007575659;0,000905041;-0,134770834;-0,003373728;-0,054977695;-0,007614187;-0,015005262;0;0,01562493;-0,004257787;-0,058214709;0,007617742;-0,085812363;0,009193376;-0,015748181;-0,018879403;0,000293554
2025-11-07;-0,002533801;-0,00152909;0,008223716;0,012915073;0,001312253;-0,009160455;0,013110183;-0,048286602;0,007367554;0,02358492;-0,013640249;-0,005984898;0,000996684;0,004453458;0,001068998;-0,041895602;0,008247419;0,018773468;0,024823506;-0,069333153;0,041589039;0,004728086
2025-11-10;0,001693551;0,011485385;0,006525279;-0,01821492;-0,004805513;0,010785927;0,008032155;0,014729906;0,012255403;0,004608254;0,012964607;-0,005508707;0,00672149;0,018540965;0,01868638;0,039426496;0,013974115;0,034398074;0,008222198;0,022922488;0,005959522;0,007743535
2025-11-11;0,027049848;0,015140114;0,082657981;-0,018552858;0,030289674;0,031249951;0,020362999;0,035483915;0,023237717;0,180428109;0,035836226;-0,002233373;0,01928759;0,012663207;0,021488619;0,031034462;0,02521008;0,079572413;0,014547046;0,011204564;0,000592402;0,016050806
2025-11-12;-0,023045279;0,010067041;-0,04041916;0,013232547;-0,028547112;0,043606827;-0,009110615;0;0,024236561;0,006476709;-0,010708504;0,026860575;-0,022804338;0,000390772;-0,002565286;-0,000668922;0,011475412;0,006600727;-0,024766407;-0,019390779;-0,005328591;-0,000735345
2025-11-13;0,005897201;0,04577351;-0,048361927;-0,016791073;-0,013157909;0,02478756;-0,047723256;-0,020249305;0,006148731;-0,048906064;-0,011656941;-0,017983713;0,003972305;-0,005859367;0,002057609;-0,00736274;-0,001620801;-0,00983611;-0,001559413;0,011299596;-0,014880967;-0,002987953
2025-11-14;0,001675024;0,016943157;0,014754124;0;-0,002666584;-0,002073323;0,029425227;0,038155873;-0,011296275;0,07848443;-0,053075053;-0,005549293;0,003956381;0,011394881;-0,000513218;0,02225219;0,016233807;0,058498988;-0,008478341;-0,033519645;0,006042343;0,003671371
2025-11-17;-0,003344534;-0,028462443;-0,030694678;-0,007590126;0,002673713;-0,019390561;-0,018758346;0,019908048;-0,007679387;-0,013801714;0,025800837;0,008928506;-0,007389006;0,006215992;-0,007704375;-0,001978839;0,005592689;-0,047966588;-0,010576099;-0,0115607;-0,00840846;-0,004729331
2025-11-18;-0,006711338;-0,003572611;-0,008333365;-0,005736178;-0,027555586;-0,007768316;0,022303106;0,021021115;-0,011136329;0,017811688;-0,006071157;-0,01327424;-0,004962916;0,02046333;-0,011904664;-0,003304755;0,004258839;0,037239688;-0,012053575;0,09941518;-0,006056914;-0,003000134
2025-11-19;-0,007601492;-0,009621849;-0,018487338;-0,01346148;-0,01371099;-0,014234899;-0,009349941;-0,041176506;-0,005153552;0,006250024;-0,030541025;-0,002802755;-0,006234299;-0,020809602;-0,009952863;-0,010610099;-0,007992198;-0,014783464;0,004834213;-0,013297699;-0,009140804;-0,00728971
2025-11-21;0,002553299;-0,013538201;0,001712286;0,009746533;0,019462395;0,002888134;-0,020224739;-0,0260736;-0,017459767;-0,009937938;-0,009000838;-0,012366578;0,003011165;0,000772703;-0,005820016;0,01809649;0,003452797;0,032154342;-0,009851013;0,018867822;-0,00491999;-0,00393227
2025-11-24;0,002546707;0,029673685;0,010256401;-0,009652455;-0,007272647;0,006479411;0,009633105;0,001574816;-0,000390625;0,011292426;0,01725704;-0,013659664;-0,003752683;0,011582995;0,000531959;-0,005924921;0,009012012;0,028037405;-0,000694235;-0,010581799;0,005562417;0,00328229
2025-11-25;0;0,009726187;-0,006768183;0,064327469;0,005952298;0,013590892;0,005906319;-0,00628928;0,011330429;-0,037220865;0,006250039;0,013848834;0,002260154;0,018702323;0,007978842;0,008609214;0,01591425;0,036363698;-0,005325279;0,024064069;-0,015365718;0,004070119
2025-11-26;0,02455551;-0,002497427;0,035775135;0,001831456;0,011379077;0,038108681;-0,004065009;-0,004746951;0,017384608;-0,006443323;0,015971549;0,008537362;0,023552963;-0,003510851;0,030079285;0,014445217;0,024616321;-0,014619981;0,033519703;0,013054657;0,026217177;0,016964916
2025-11-27;-0,005785279;-0,001072861;0,004934245;-0,021937823;-0,002700186;0,001359575;0,01133789;-0,007949111;-0,000189898;-0,00907914;0,001746749;0,001693018;-0,003427422;0,020357318;-0,002049278;0,027831774;-0,014040526;0,00098918;-0,007883023;0,005154712;0,003649677;-0,00165873
2025-11-28;0,024937741;0,01503756;0,008183259;0,011214943;0,013989009;0,015614416;-0,013901375;-0,001602577;0,025446293;-0,005235597;0,002615509;-0,000563462;0,022844659;0,013029299;0,008726858;-0,008186405;-0,011075961;0,015810236;0,004540248;0;0,002424247;0,004927602
2025-12-01;-0,00540109;0,001410921;-0,001623336;-0,003696854;-0,009345633;-0,004679057;-0,018190085;-0,02889237;-0,006111155;-0,005263153;-0,020869581;0,000563779;-0,007744725;0,000401941;-0,015266996;0,000634883;0,002880005;0,005836635;0,021016938;-0,010256485;-0,011487345;-0,002898059
2025-12-02;0,024509618;0,020781894;0,040650406;0,00185533;0,016762392;0,014103358;0,033348788;0,008264447;0,0281349;0,010582001;0,005328578;0,006197166;0,022276151;0,019686569;0,010810193;0,001903565;0,018506698;0,024177949;0,009517589;0,00259071;0,006116256;0,015642042
2025-12-03;0,001595019;0,004140818;0,015624985;0,075925896;-0,00595919;-0,020529845;0,011653974;0,009836063;0,016310279;0,04188484;0;0,013437865;0;0,005122215;-0,027635582;-0,020899302;0,013314572;0,061378561;-0,01227802;0,002583945;0,011550124;0,004115661
2025-12-04;0,027866158;0,020618641;0,015384601;0,008605885;0,017426365;0,015551138;0,039875892;0,016233735;0,014978553;-0,017587923;0,014134196;0,015469612;0,024632761;0,014896095;0,014210716;-0,027166852;0,030298331;0,036476924;0,020247841;0,030927923;0,004206757;0,016698093
2025-12-05;-0,042602602;-0,082828279;-0,077272691;-0,035836183;-0,070707064;-0,067243695;-0,068172044;-0,019169324;-0,079058299;0,007672627;-0,034843056;0,0146898;-0,046232018;-0,049053613;-0,059678545;-0,077127698;-0,05326336;-0,097854025;0,026373645;-0,077499935;-0,022142459;-0,043093593
2025-12-08;0,004854316;0,011747393;-0,009852207;0,008849507;0,020793839;0,024268356;-0,00574992;-0,003257355;0,009919817;0;0,003610065;0,002681027;0,004847221;0,01543458;0,007174559;0,025936611;0,011410479;0,002854405;0,022912177;0,005420056;0,034271729;0,005197974
2025-12-09;-0,004830865;0,014876657;-0,023217303;0,036842113;-0,005092521;-0,016027898;-0,009638591;-0,009803919;-0,013978035;0,005076137;-0,00449651;0,00748663;-0,002170844;-0,016400009;-0,013150727;-0,018258442;0,015199016;-0,049335881;-0,002302675;-0,008086367;0,005325505;-0,001302256
2025-12-10;0,003766335;0,013943433;0,020373576;0,04060918;0,005118588;0,006373938;0,010219027;0,009900988;0,023563287;0,008838345;-0,004516635;0,02070062;0,007870286;0,011793359;0,01776789;0,002861271;-0,018984404;-0,002993992;0,016995431;0,010869719;0,023543176;0,006924883
2025-12-11;0,007752036;0,010578287;-0,008319499;-0,027642288;-0,00138891;0,006333568;0,015414243;0,003268;0,0252667;-0,012515633;-0,006352034;-0,024440931;-0,000760762;0,007234703;0,011456733;0,004279626;-0,011327898;-0,0410411;0,001650458;0;-0,008050588;0,000716643
2025-12-12;0,007692152;0,017097068;-0,0218121;-0,006688957;0,00602704;0,002097902;0,019924102;-0,017915291;0,009309944;0,00633716;0,01552509;-0,000533126;0,008881033;0,01795696;0,006472459;0,025106701;0,01670909;0,030271442;0,019979435;0,021505311;0,014492768;0,009906463
2025-12-15;0,017811819;0,008233129;0,012006891;0,010101;0,014285633;0,005582717;0,011627907;-0,001658388;0,021161143;-0,023929478;0,00989199;0,023466712;0,01509068;0,011760055;0,013933441;0,019014116;0,01972143;-0,003039596;0,003231004;0,005263232;-0,009894416;0,010673899
2025-12-16;-0,033333306;-0,03640679;-0,067796625;-0,00333333;-0,013630199;-0,047883415;-0,054712668;-0,016300672;-0,052249414;-0,025806427;-0,021371345;-0,002629298;-0,025768193;-0,025184016;-0,027484146;-0,037318585;-0,031158903;-0,034552786;0,005233423;-0,049738202;-0,011564158;-0,024027277
2025-12-17;-0,006034577;-0,019420916;-0,034545465;-0,003344478;-0,007369869;-0,034256585;-0,009241179;-0,019097282;-0,03289102;-0,015894087;-0,001819674;0,006582594;-0,008901361;-0,022654971;-0,008152079;-0,035893772;-0,011248401;-0,031578947;-0,002803362;-0,013774222;-0,014778311;-0,007888862
2025-12-18;0,006071214;0,004681357;-0,005649667;-0,006711403;0,001856147;0,00377361;-0,001472788;-0,001769948;0,019516896;-0,014804799;0;0,023209871;0,00513203;0,001220043;0,004383503;-0,003722996;-0,00112161;0,016304348;0,004016107;-0,011173342;0,004374951;0,003788288
2025-12-19;0,008569017;0,003584159;-0,001893983;-0,010135125;-0,006947588;0,006766917;0,012291052;0,005319174;-9,52264E-05;0,065573772;0,010027343;-0,016137667;0,009190751;0,008529583;0,009274385;0,012705517;0,007378875;-0,010695295;-0,005599996;0,016949394;-0,004355894;0,00348271
2025-12-22;-0,000871885;-0,011820679;-0,024667953;0,003412966;-0,006529889;-0,01120239;-0,007285071;-0,00705465;-0,013394522;0,0153846;-0,003610157;0,012028393;0,002024012;0,00040275;-0,014054163;-0,034686402;-0,225318438;-0,028108067;-0,01694475;-0,050000171;-0,004375018;-0,002088684
2025-12-23;0,011343803;0,02629653;0,027237422;0,003401357;0,021126808;0,021903274;0,023972591;0,012433393;0,025213346;-0,049242407;0,023487322;0,005402506;0,016409952;0,016103058;0,009320366;0,035932781;0,026721463;0,033370526;0,013008795;0,058479725;0,004394243;0,014632419
2025-12-26;0,000862857;0,006405685;0,02272725;0,003389827;0,004597652;0,014042917;-0,003344467;0,00350876;-0,007756342;0,042496638;0,018949911;-0,000537358;0,000322739;0,000396208;-0,00054327;0,007380049;-0,001401395;-0,004305857;0,009734937;0,010649701;0,009374924;0,002748417
2025-12-29;-0,000862114;-0,006011233;-0,018518501;0,001689147;-0,005949629;0,005102017;-0,000479397;0,010489559;-0,000190729;0,012738842;-0,003597081;0,006451555;-0,003068822;-0,00237623;0,004891118;-0,010989045;0,000400971;0,010810921;-0,000820519;-0,031152738;-0,00061915;-0,002529569
2025-12-30;0,007765384;0,009249396;0,003773581;0,003372678;0,009208094;0,00725168;0,002398045;-0,003460196;0,005514835;-0,007547163;0,010830288;0,002136801;0,006413422;0,005557768;0,00476775;-0,003703691;0,014228438;0,003957265;-0,004105965;0,016077218;-0,005576203;0,003956633
