Date;ALOS3.SA;ABEV3.SA;AZZA3.SA;B3SA3.SA;BBDC3.SA;BBDC4.SA;BBAS3.SA;BRKM5.SA;CMIG4.SA;COGN3.SA;CSMG3.SA;CPLE3.SA;CSAN3.SA;CPFE3.SA;CYRE3.SA;ENGI11.SA;EGIE3.SA;FLRY3.SA;GGBR4.SA;HYPE3.SA;ISAE4.SA;ITUB4.SA;RENT3.SA;LREN3.SA;MGLU3.SA;MBRF3.SA;BEEF3.SA;PSSA3.SA;RADL3.SA;SANB11.SA;VIVT3.SA;TIMS3.SA;TOTS3.SA;UGPA3.SA;VALE3.SA;VBBR3.SA;WEGE3.SA;YDUQ3.SA;Retorno_IBOV_Simples
2021-01-04;-0,033938546;-0,010862753;-0,002640024;-0,007205746;-0,024793587;-0,026160596;-0,031185243;-0,009333888;-0,00942058;0,015118963;-0,004268366;-0,021428623;0,046348987;-0,031643506;-0,03324291;-0,006403959;-0,008192862;-0,000740182;0,065030541;-0,032700812;-0,002517014;-0,02261605;-0,016968864;-0,030546471;0,010020093;-0,014472699;-0,010073054;-0,024898073;-0,00039934;-0,015714945;-0,012042999;-0,01501686;-0,033426131;0,016006812;0,045855165;-0,012652541;-0,014787251;0,032806933;-0,006269592
2021-01-05;-0,000354825;0,021317934;-0,015294159;0,001967945;-0,004780673;-0,006096549;-0,010374886;0,000428352;0;-0,006383144;-0,015309193;-0,021605745;0,003154873;-0,004758878;-0,019298243;-0,005273491;-0,008949189;-0,01629626;0,024193572;0,033202397;-0,006488805;-0,006472078;-0,005901364;-0,009713178;-0,017460347;-0,006293812;-0,019920431;-0,008790384;-0,002796587;-0,014841292;-0,008489143;-0,022869153;-0,004682896;-0,008291771;0,016837817;0,011441544;0,061377386;0,004999885;0,005609069
2021-01-06;-0,049698423;0,02024029;-0,059139788;-0,016366724;0,025138497;0,033142487;0,022849356;0,038955498;0,020509331;-0,029978568;-0,001243924;-0,005669868;-0,002390081;-0,000318865;-0,025760217;-0,014726064;-0,008103565;-0,02108454;0,047994062;-0,021326176;-0,008708211;0,029315785;-0,057583804;-0,050239256;-0,052504129;-0,030260343;-0,01422773;-0,019003342;-0,023237114;0,034238744;-0,011196568;-0,027659578;-0,047412356;-0,012123728;0,032795646;-0,01447953;0,026515237;-0,039800851;0,00526744
2021-01-07;-0,021666146;-0,004959687;-0,001269811;0,027953252;0,024521698;0,026548587;0,039684734;0,024721804;-0,011087714;0,019867696;-0,005603732;-0,015156208;0,038965865;-0,03539537;0,006243045;-0,05021928;-0,008403568;0,004064711;0,056887441;-0,002089566;-0,015007474;0,038923627;0,0474016;0,026447981;-0,012787595;0,004354097;-0,005154593;0,022815641;-0,012715397;0,013683435;-0,02531093;-0,016046565;-0,002659535;0,030469576;0,065278533;0,018365596;0,041328332;0,012496165;0,017563475
2021-01-08;0,036655295;0,029906603;0,018753947;0,014729906;-0,007707538;-0,008620943;0,005813933;-0,007237659;0,068675634;0,043289931;0,036944088;0,0341309;-0,001699331;0,038677643;0,047810254;0,019513109;0,041902372;0,058755133;-0,014894901;0,056237184;0,039762182;-0,000304393;0,067508579;0,057668954;0,029360863;0,012283332;0,008290216;0,069023345;0,02908188;-0,009579765;0,026196004;0,045218561;0,06666662;0,025872659;-0,003127503;0,027953121;0,060477471;0,034015512;0,025591197
2021-01-11;-0,043093912;-0,026013329;-0,01560072;-0,041154812;-0,015126718;-0,017753395;-0,016335568;0,016606008;-0,034753993;-0,041493673;-0,019323782;-0,038603288;-0,016656584;-0,028325787;-0,03866244;-0,02304992;-0,019430724;-0,02154052;-0,027491457;-0,034268146;-0,017512571;-0,022547;-0,019436858;-0,038283072;-0,014681197;-0,003568828;-0,012332988;-0,02578729;-0,005248189;-0,017971038;-0,011320721;-0,007092046;-0,001785772;-0,046837327;-0,000196199;-0,020175503;-0,030630562;-0,051237059;-0,01814882
2021-01-12;0,014241738;0,043478258;0,011252107;0,028946462;0,000415064;-0,000738193;0,009197219;0,000398398;-0,004076424;0,006493432;0,006157782;-0,017624349;0,025222693;0,004913194;0,049275368;-0,016010056;0,004608166;0,035820689;-0,027562127;0,022580798;0,025827732;0,003117054;0,020971269;0,010856749;0,030225644;0,017908163;0,039542228;-0,002020754;0,017857014;0,02000461;-0,000898319;-0,000714588;0,025760412;-0,00714001;-0,027357984;0,007610043;0,034930409;0,046333071;0,009698144
2021-01-13;-0,012902993;-0,037499946;-0,000156829;0,004042349;-0,018672724;-0,015134275;-0,049366952;-0,000398239;0,008867844;-0,004301167;0,033047814;-0,018564881;0,021466402;0,011408162;-0,006215452;0,01370144;0,016055057;-0,00288178;-0,033066978;0,003441501;0,002127515;-0,01646958;-0,000421844;-0,01193342;-0,007437956;-0,001407483;-0,019019058;-0,00526429;0;-0,006831081;0,002247114;-0,002144169;-0,002441612;-0,007614064;-0,029942582;-0,013328034;0,002331813;-0,00967728;-0,015790577
2021-01-14;0,042675924;0,010358414;0,037774382;-0,007085247;0,031712834;0,030734622;-0,00239682;0,005577568;0,014874958;0,030237502;-0,004739251;0,010491324;-0,003541781;0,0235255;0,034746303;0,039070905;0,020993287;0,005780411;0,041713936;-0,008288308;-0,000707769;0,029700045;0,040534499;0,047826179;-0,012073256;-0,007047116;0,002040665;0,011805327;0,032296632;0,021743377;-0,003587274;0,012893991;-0,014685385;-0,005967803;0,016420617;0,00540319;-0,004541848;0,045306474;0,011807604
2021-01-15;-0,007374843;-0,019065282;0,018124206;-0,029841096;-0,036885181;-0,027636396;-0,0309663;-0,001584663;-0,022651613;-0,002096393;-0,00535735;-0,005034036;-0,035071111;0,015113333;-0,040295446;-0,005691202;-0,014149811;0,006824752;-0,059163074;0,002881709;-0,003895127;-0,037741767;-0,043554744;-0,00691538;0,009692351;-0,008516711;-0,010183088;-0,003017156;0,00579378;-0,043430721;0,005400283;-0,007072084;-0,004613102;-0,027444356;-0,043455729;-0,0228392;-0,041281511;-0,032861229;-0,024125169
2021-01-18;0,017458948;0,01692787;0,019284871;0,016382425;0,004254847;0,003365523;-0,010192779;-0,014682577;-0,016360237;-0,014705815;-0,022740852;-0,003478235;0,009577498;-0,008995027;-0,001049741;-0,034546039;-0,002018501;-0,004281031;0,014187121;-0,003735619;-0,002132707;-0,005102018;-0,000282807;0,001160326;0,020450749;-0,006442373;0,005144107;0,008676098;0,035330275;-0,010215474;-0,012533679;-0,00854715;0,026738095;-0,016313762;0,00812386;-0,002749783;0,070218022;0,009080169;0,006140977
2021-01-19;-0,023000925;0,003082558;0,022412927;-0,003453928;-0,018643873;-0,016026644;-0,016977332;0,022150596;-0,017324898;-0,012793211;-0,023270032;-0,004600959;0,001581124;-0,008137706;-0,010157689;0,008892587;0,01101126;-0,013615365;-0,029489646;0,021344402;-0,003562798;-0,01185909;-0,026736625;0,01785319;-0,015132914;-0,015129713;-0,019447507;-0,005601215;-0,005934815;-0,022247941;-0,007479263;-0,014367712;0,025000045;-0,005378802;-0,002650999;-0,00045921;-0,028304805;0,001451379;-0,004693093
2021-01-20;0,005231689;-0,015365653;-0,003558545;-0,009737646;-0,019861826;-0,020833617;-0,02236716;-0,006698131;-0,023977174;0,002159783;-0,013792974;-0,023908135;-0,019186384;-0,008835585;0,005661777;-0,009863638;-0,021560282;-0,011260483;-0,020646533;-0,011861001;-0,015731013;-0,016542477;0,01119212;-0,017995842;0,055647861;-0,010241235;-0,008350606;0,0026151;-0,022014684;-0,020173568;0,001598686;-0,013119333;0,01185633;0,016223671;-0,018498952;-0,010115158;-0,010045084;0,005217443;-0,007996818
2021-01-21;-0,023419985;-0,025592991;0;-0,03166634;-0,01806139;-0,014312482;-0,010135975;-0,015073412;-0,000722786;-0,030172275;-0,02288632;0,020574705;-0,038999605;-0,012734873;-0,053483622;0,005298962;-0,009314055;-0,01065389;-0,004773518;-0,007430867;-0,007991058;-0,01352205;-0,023860872;-0,01739726;0,002753637;-0,014782098;-0,016842287;0,003812319;-0,028233696;-0,017955662;-0,000912009;-0,017725443;-0,004017565;-0,002660892;0,011265185;-0,032512687;-0,011837308;-0,024509807;-0,010567381
2021-01-22;-0,003426155;-0,029468371;-0,007428625;0,007745005;-0,016599277;-0,018446205;-0,014336025;-0,033024574;-0,002169022;-0,020000146;0,007156978;-0,009919822;-0,007987658;-0,017091242;-0,033456974;-0,009066135;-0,0064205;-0,009654643;0,013589217;-0,002303605;-0,007689607;-0,021398231;-0,005890133;-0,031633367;0,01961564;-0,010502686;-0,017130493;-0,013192012;-0,016882676;-0,021209036;0,007302491;-0,005263119;0,010756331;-0,025789092;-0,002034975;0,003360391;0,015059776;-0,014484278;-0,0107309
2021-01-26;-0,004201616;0,016501759;-0,006764401;0,012809713;-0,02144131;-0,023990403;-0,026714246;-0,014993801;-0,023188425;-0,01814047;-0,012920005;-0,010989322;-0,016233699;-0,003608827;-0,017692409;0,020425585;-0,013847168;0,001874723;-0,051656061;-0,01183245;-0,00664226;-0,033190947;-0,022959432;0,009751196;-0,009234474;-0,029567763;-0,013071764;-0,012355483;0,033146908;-0,020672526;0,015631882;-0,010582041;0,001330327;0,007759064;-0,015241014;0,095693796;-0,000224934;0,002999467;-0,006042399
2021-01-27;0,005753609;0;0,029271038;-0,004890584;0,008391621;0,014338323;0,029277294;-0,014799119;-0,002225471;0,004618971;0,008507886;0,000653811;0,01650158;0,013829327;0,006264654;0,040241832;0,004212388;-0,009356379;-0,016631937;-0,026869581;0,003714675;0;-0,014857692;0,010139842;0,00155347;0,025781074;0,022074982;-0,014151272;-0,030150716;-0,000762757;0,018514252;0,017570645;-0,045499887;-0,002264493;-0,027793023;0,016157002;-0,002923055;-0,00418663;-0,004997252
2021-01-28;0,080091728;0,00909092;0,021962644;0,03863757;0,030975178;0,031098425;0,023407398;0,02274677;0,052044419;0,055172429;0,033095298;0,03069874;0,001948035;0,019811605;0,036964857;0,001603679;0,022139486;0,015867071;0,027060921;0,02641084;-0,003330856;0,040354391;0,034779922;0,033221844;0,015509915;0,011424295;0,025917919;0,040982241;0,010362681;0,037668458;0,00109507;0,017267356;0,025052239;0,042668843;0,021300651;0,022776104;-0,008117652;0,030630716;0,029616334
2021-01-29;-0,025070669;-0,027670691;-0,027827763;-0,024310569;-0,02959639;-0,030943902;-0,019687132;0,016365947;-0,031802389;-0,015250656;-0,025753722;-0,015367276;-0,027089966;-0,009235569;-0,038273884;0,001600781;-0,020519966;-0,023428659;-0,042815678;-0,055847998;-0,021537159;-0,035726904;-0,04997027;-0,040712442;-0,035127972;0,000753142;-0,023157857;-0,037170168;-0,016962509;-0,031886153;-0,011157496;-0,018450259;-0,035980973;-0,051806597;-0,034577356;-0,022688694;-0,047516391;-0,022435977;-0,027716781
2021-02-01;0,016298246;0,032429022;0,01884675;0,024247412;0,021257074;0,020614496;0,01269927;0,055326182;0,032116764;0,004424811;0,018052983;0,004505122;0,024247153;0,014464695;0,030823359;-0,012986877;0,019087576;0,038842392;-0,000430001;0,023846554;0,011764902;0,026655299;0,00109583;-0,009645592;-0,013454643;0,001504799;-0,002155204;0,012038097;0,00441416;0,032683056;0,016151081;0,000751874;-0,001408481;0,020201887;0,037748529;0,021925772;0,00895083;0,008047705;0,01170619
2021-02-02;0,012473529;0,000640998;0,0083445;0,023510216;-0,001936341;-0,004004189;-0,006707388;0,063380312;0,009901477;0,024229129;0,008866234;0,018420449;0,022112375;0,02566555;0,025738081;0,023684116;0,010735458;0,052052794;-0,011618117;0,005747013;-0,012003167;-0,021320428;0,055668567;-0,001460923;0,014841547;0,018031508;0,005399519;0,010869142;0,009588782;-0,008096088;0,014804716;0,02178797;0,067701015;0,027452899;-0,039552806;-0,018090208;0,00816177;0,02986403;0,007404252
2021-02-03;0,021823169;0,004484271;0;0,004306818;0,006352334;0,004775141;0,007927322;0,062178043;0,009803585;0,019354799;0,003766529;-0,000786253;0,004708594;0,010812468;0,03837635;0,017005965;0,016949235;-0,012543646;0,024379777;-0,006917209;0,006454066;-0,004919234;0,019108015;0,020238962;0,013834052;0,038376458;0,020408206;0,011361422;0,006727082;0,013356225;0,038189578;0,035294075;-0,023117835;0,02715708;0,031599212;-0,014995742;0,040361679;-0,012632815;0,012610586
2021-02-04;-0,001033308;-0,00510198;0,027724417;-0,008259208;0,030657835;0,030098896;-0,004078193;0,029095861;-0,009014941;-0,025316346;-0,014384074;-0,003935139;0,01241297;0,012530461;-0,009950182;-0,013416076;0,002666624;-0,013761538;-0,014449805;0,005754046;-0,018106354;-0,004237391;0,011628204;-0,011949927;-0,013255383;0,014925403;-0,01368416;-0,006619569;-0,02201247;0,012936501;0;-0,016335009;0,004733136;-0,005970131;-0,012606263;-0,009569089;-0,034961236;-0,028787341;-0,003875548
2021-02-05;-0,014827551;-0,005128143;-0,006844672;0,016175778;-0,006561233;-0,005382097;-0,006727006;-0,018512263;-0,010497314;0,002164336;0,013325006;0,024968306;-0,014888224;0,009055312;-0,015075547;-0,006898005;0;0,007513441;0,043553103;-0,006323439;0,001536473;-0,004255104;-0,01048858;-0,007982941;0,021335407;0,002100657;-0,002134566;0,035742961;0,014871139;0,001445655;-0,011159419;0;-0,005383629;0,012441107;0,038078092;-0,012735942;-0,012504364;0,0011975;0,005567621
2021-02-08;0,005250143;-0,037371279;0,007567512;-0,0148151;-0,018054008;-0,021260513;-0,002650447;-0,018175575;0,001414903;-0,034557188;-0,008766587;-0,006166983;0,085725521;0,002093925;0,047740656;0,004366003;-0,002216452;-0,007102304;-0,008264351;0,000606146;-0,003835679;-0,018518929;0,00566288;0,005608631;0,01199225;0,008385887;0,007486613;-0,027880638;0,004356728;-0,030317408;-0,006687248;-0,007220267;0,030108305;0,011017085;0,014240765;-0,002224421;0,011833993;-0,002392266;-0,003410465
2021-02-09;-0,01218663;0,001338796;0,006572018;-0,004639221;0,009417445;0,005134663;0,012105374;0,012574264;-0,016949356;-0,011185764;0,015792838;-0,008687791;-0,022341922;0,008358199;-0,023304391;0,023118088;-0,00333182;-0,008941337;0,006250102;-0,006359753;-0,007701232;0,011973897;-0,010684336;-0,008486738;0,003058109;0,010394862;0,011677201;-0,008423677;0,009857877;0,022580748;-0,000210397;-0,005090872;0,012479578;0,022212765;0,002553022;-0,002228933;-0,005731014;-0,015587545;-0,000727936
2021-02-10;-0,032076223;0,003342268;-0,013990746;-0,034876235;-0,00977336;-0,011002157;-0,013710946;-0,006209058;-0,013649455;-0,04072384;-0,021144346;-0,003129817;0,00442681;-0,005328591;-0,015313429;-0,03534201;0,005126048;-0,007578419;-0,024016724;-0,001524068;-0,008925067;-0,007170596;-0,017075285;-0,027635396;-0,035823166;-0,014403216;-0,024134356;-0,00586555;-0,006247662;-0,026207472;0,002735409;0,009502959;0,018812754;-0,027880249;0,004774542;-0,00223436;0,011998716;-0,025578592;-0,008364803
2021-02-11;-0,002913205;-0,003997575;0,007162186;0,004496394;0,002691514;0,001192269;0,003844682;0,018049287;0,000728447;-0,002358574;0,021601086;0,012558907;0,029184158;0,00446428;0,013743284;0,019819692;0,015964755;0,021454454;0,022910611;0,032662158;-0,007439262;0;-0,005790683;-0,009305686;0,013834052;0,020876963;0,022580913;-0,010376466;0,020825358;0,011960994;0,027282091;0,054308591;0,077682197;-0,012652894;-0,016895436;0,014330644;0,011275302;0,034374868;0,006797264
2021-02-12;-0,005113222;-0,010702215;0,019723495;-0,007626061;0,002237261;0;-0,005597766;0,030344389;-0,01528345;-0,009456334;-0,012437823;-0,010232591;0,013773034;-0,007407399;0,011416379;0,00235599;0,001745802;0,007831889;0;-0,000295983;-0,00394485;0,002527959;-0,000896068;0,012947256;0,010136469;-0,004089942;0,007360468;-0,009662735;-0,003849502;0,000246411;-0,011235623;-0,010989323;0,023338207;-0,00042708;0,008485563;-0,017660223;-0,003793172;-0,010271866;-0,000998029
2021-02-17;-0,0216593;0,03245439;0,000131735;-0,014199863;-0,010267914;-0,000793944;-0,011555488;0,009927208;-0,021434176;0,016706635;-0,003778293;-0,01503746;-0,001712314;-0,019104371;-0,004938327;-0,007246426;-0,028758189;-0,003532052;0,01451686;0,003252763;-0,015841548;0,0126076;-0,014798219;0,016290641;-0,015824067;0,04175207;0,051148233;-0,007473642;-0,032457261;0,015888219;-0,021694486;-0,015972008;-0,01616634;-0,003846353;0,026200808;0;-0,031383339;0,002747213;0,010703852
2021-02-18;-0,017260903;-0,031434212;-0,006709839;-0,016777086;-0,013560546;-0,009865513;-0,002997487;-0,009829627;-0,025679815;-0,014084675;-0,030973503;-0,024172904;-0,008463073;-0,003347702;-0,011697978;-0,035707035;-0,004037743;-0,021623526;-0,002861842;0,001768112;0,006036042;-0,007114903;-0,019723948;-0,013563297;-0,018039177;-0,026281141;-0,043693899;-0,002091656;-0,010383286;-0,018482398;-0,023865149;-0,03669728;-0,005281656;-0,034748965;0,010897783;0,00764044;-0,006789952;0,000913429;-0,010391142
2021-02-19;-0,001527327;0,006761453;0,019867674;0,000517146;-0,003661629;-0,008430243;-0,018941618;0,014228976;-0,012402974;-0,00476174;-0,005218432;-0,001304212;0,012572148;-0,003664032;-0,010760433;0,01043333;0,000225174;0,003985319;0,020910342;0,012650698;-0,000400089;-0,010390456;0,00758414;-0,008249873;-0,003993617;-0,031039028;-0,022845419;0,008803282;0,010896111;0,009910756;0,004760268;0,003662767;0,024483753;0,01600003;0,003798741;0,019625441;-0,001678756;-0,003953825;-0,003290247
2021-02-22;-0,03594626;-0,020819443;0,003636307;-0,039792942;-0,056959023;-0,065586915;-0,116457171;-0,0208809;-0,03453699;-0,047847102;-0,019672099;-0,035410887;-0,06606688;-0,069874437;-0,059463322;-0,046973048;-0,047511721;-0,036088022;-0,0048196;-0,022079754;-0,032812831;-0,072773778;-0,061597658;-0,033526772;-0,027666411;-0,033426308;-0,037194385;-0,025140296;-0,020758796;-0,038763239;-0,021102309;-0,024817446;-0,035703782;-0,078302779;-0,024751858;-0,072178472;-0,006247133;-0,035725209;-0,051200862
2021-02-23;-0,003966842;0,007544597;-0,025232909;-0,007176136;0,045786902;0,047660168;0,071700122;0,00266572;0,009756179;-0,005024881;0,006020199;0,007950938;0,062568667;0,004283356;0,001156577;-0,007860571;0,004964439;0,013852682;0,038337321;0,002970606;0,061232933;0,06403725;0,003437557;-0,002086548;0,025154572;0,023054806;0,034216307;-0,006180579;0,015083592;0,040581581;-0,007699325;-0,010478859;0,000895917;0,014713016;0,016779981;0,003300457;0,011363895;0,003166492;0,022712749
2021-02-24;-0,001592828;-0,000680706;-0,010221701;0,005059433;-0,00652095;-0,007030626;-0,003943529;0,101362624;-0,003220759;-0,015151625;0,015957257;0,002014051;-0,010330488;-0,016076005;-0,010011665;-0,010706381;-0,006116183;-0,004062245;0,054799853;0,000888334;0,021052678;-0,014677913;-0,012398097;-0,024568762;-0,008849502;0,041549225;0,043756419;-0,008149187;-0,012449856;-0,033112316;-0,015961035;0,006051393;-0,01163502;-0,00467733;0,010108487;-0,008458951;0,036336958;-0,007260089;0,003827228
2021-02-25;-0,011567664;-0,032697659;-0,030177041;-0,013124937;-0,025784718;-0,021657781;-0,028043838;-0,042546797;-0,030694374;-0,015384512;-0,022251378;-0,017085323;-0,024704304;-0,015005077;-0,02178136;-0,031385568;-0,013017883;-0,005932484;-0,040898669;-0,011837618;-0,014127903;-0,03128556;-0,011232035;-0,001339716;-0,023944738;-0,041244147;-0,040899731;-0,035675961;-0,0300934;-0,025114501;0,002928757;-0,012781861;-0,03591913;-0,073778274;-0,022669365;-0,032701227;-0,077277602;-0,032750321;-0,029498219
2021-02-26;-0,054479336;-0,012675949;-0,013691038;-0,010748462;-0,009143914;-0,020860223;-0,047861461;-0,014812443;-0,003333708;-0,026041563;-0,034136351;-0,020108955;-0,031989566;-0,023019608;-0,013916608;-0,024134018;-0,013189409;0,000745873;-0,00614682;-0,018268847;-0,044528908;-0,012102192;-0,031072503;-0,016367209;0,005405377;-0,019746016;0,03411507;-0,022645478;-0,025995924;-0,021077041;-0,011680466;-0,025133314;-0,017532871;-0,019787024;-0,01243307;-0,024007847;-0,024374998;-0,009861934;-0,019785134
2021-03-01;-0,026888704;-0,017831785;-0,001682679;0,000920572;-0,032539721;-0,033043381;-0,006773163;0,016634675;-0,035952934;-0,034759456;-0,041580178;-0,002782543;0,012285045;-0,028066593;-0,012499888;-0,018319112;-0,024301279;-0,0339171;0,030923631;-0,040573721;-0,01589952;-0,029958587;0,019999803;0,013911881;0,015301818;0,029496226;-0,005154593;-0,011241385;-0,019371441;-0,009569628;-0,013688482;-0,006250066;0,003186584;-0,029502844;0,042847704;-0,011546186;0,003852883;-0,046148774;0,002726405
2021-03-02;0,004385935;0,015976885;0,008848583;0,030542996;0,017446617;0,026955423;0,0384061;-0,039962221;0,029488431;0,005540206;-0,026030283;0,016044574;-0,000242806;0,022460069;0,008983153;-0,002799231;-0,01270237;-0,011188435;0,013498412;0,018442259;0,008503327;0,040371151;-0,009465921;0,005380642;-0,01140517;0,025856266;-0,004145016;0,013689306;0,004389876;0,030327584;0,003924592;0,001572428;-0,01461235;-0,003200166;0,030739809;-0,015236152;-0,012051653;-0,02923769;0,010921285
2021-03-03;0,001309806;0,012866311;-0,012947192;0,010354835;0,020247566;0,008764386;0,002073852;-0,032776163;-0,008424718;0,011019131;0,030082309;-0,00497766;-0,005947966;0,012552187;-0,040873941;0,006081833;0,005045452;0,002560721;-0,003329475;-0,024976583;0,00505899;0,00232803;0,003754287;0,002943416;0,035022536;0,008855522;0;-0,002517975;0,014423093;-0,014587019;0,016329599;0,009418857;-0,002901302;-0,025147205;-0,012303273;-0,020113546;-0,000778714;-0,00752955;-0,00319168
2021-03-04;0,040122286;0,043048679;0,029619204;-0,01943755;0,033397926;0,038662389;0,036219359;0,021009828;0,032285383;0,008174447;0,071690109;0,051405966;0,086823819;0,015840202;0,00675081;0,0241804;0,011546017;0,011507957;-0,001113777;0,006724348;0,029782174;0,0313591;0,035702277;0,049359703;0,012738876;-0,009453021;0,031217629;-0,002294329;0,016802984;0,021147212;-0,004072929;0,014774612;-0,010345969;0,062019879;-0,014847925;0,067894729;-0,048960843;0;0,013545114
2021-03-05;0,048218206;0,020297749;0,075205327;0,018021072;0,054801001;0,047260089;0,018641842;0,013275815;-0,018930076;0,100000045;-0,025255964;-0,024774486;0,03067406;-0,003728809;0,042749331;-0,003178288;-0,001488765;-0,012553921;0,026384264;0,008587726;-0,001222074;0,037161838;-0,001477402;0,005847844;-0,012185521;0,021131491;-0,0111;0,002069773;0,005084668;0,046078139;0,016132286;0,025287283;-0,016007805;0,016922257;0,059320747;-0,001971329;-0,002594469;0,038656089;0,022291241
2021-03-08;-0,059199765;-0,025862106;-0,078099088;-0,06726859;-0,038633156;-0,035543395;-0,045751477;-0,010809026;-0,03691286;-0,058968072;-0,0378152;-0,023048473;-0,011228613;-0,031303128;-0,076366522;-0,040081947;-0,033051661;-0,029002823;-0,023895609;-0,037527548;-0,032626598;-0,031849757;-0,093868214;-0,039433563;-0,080779978;0,044058759;-0,019387796;-0,014229824;-0,060708166;-0,034645114;-0,016994321;-0,029147987;-0,058101021;-0,079043212;-0,005388798;-0,057283934;-0,05325871;-0,06573909;-0,039843058
2021-03-09;-0,006377708;0,031994611;-0,023355565;0,015373086;0,00138639;0,008282057;-0,007191949;0,042715197;-0,010452738;-0,020887953;-0,007278027;0,015498658;-0,014443213;0,003863712;-0,036118282;-0,0056939;-0,012078928;-0,004091619;0,013723906;0,018348591;0,025716878;0,013832327;0,008345667;-0,029473861;0,012554173;0,018542213;0,061394353;-0,008149058;0,032316168;0,005895867;-0,00455006;-0,010007737;0,040535996;0,013551679;-0,010033058;0,011524232;0,033984102;-0,016381351;0,006500199
2021-03-10;0,02267847;0,00725587;0,023914092;0,033831723;0,015221154;0,0168377;0,031390418;0,019688791;0,048415157;0,080000224;0,009530724;0,036798309;0,002684879;0,032190305;0,027539531;0,007874118;0,021852078;0,008627908;-0,013172303;0,002573912;-0,008631292;0,007374838;0,017272124;0,039045629;0,0645575;-0,048336503;-0,035294112;0,017605397;0,058695642;0,013761868;-0,004798919;-0,003887886;-0,047425599;0,020612856;-0,015404798;0,064215465;0,010908875;0,024224109;0,012979314
2021-03-11;0,069037588;-0,01178788;0,022249944;0,02513139;0,019991206;0,01736629;0,005016528;0,034257267;0,01091504;0,022222176;0,023964982;-0,005233881;-0,003793314;0,007118636;0,051845263;0,04356054;0,01680241;0,012219749;0,037819841;0,020218214;-0,001658675;0,001463603;0,053236921;0,054801773;-0,004016071;0,023087049;-0,01016257;0,022606898;-0,011909571;-0,004524897;0,008266166;0,011709405;-0,019914721;0,06386455;0,026247865;0,054501498;-0,004980088;0,034367978;0,019578634
2021-03-12;0,027788892;-0,003976055;-0,013248811;-0,023986039;-0,014254081;-0,006748796;0,003200567;0,015657933;0,004153182;0,01207718;-0,001418145;0,034199048;-0,002127854;0,005048705;0,018379386;-0,00272233;-0,00275405;-0,010865134;-0,012921787;-0,010066;0,000830657;-0,006578438;-0,000839779;0,028203769;-0,009274174;-0,009026386;-0,010266847;-0,005413754;0,006518182;-0,011616405;0,025051532;0,008487926;0,003628564;0,001539252;-0,023069073;0,000461381;-0,01070654;0,004644658;-0,007166214
2021-03-15;0,02018272;0,017964041;0,007946311;-0,027828146;0,009941172;0,013989177;-0,006999695;0,024903639;0,011579866;-0,0167063;0,003551086;0,052464292;0,029741824;0,001004782;0,017227119;0,020245912;0,020085257;0,031326269;0,036000197;0,011757169;0,02987533;0,011772968;-0,002689083;0,006255982;-0,03459513;0,032530844;-0,012448068;0,018371263;0,03141824;0,019417671;0,010220166;0,009181154;0,03832232;-0,012807411;-0,005954861;0,011992559;0,029093646;0,001066763;0,006052908
2021-03-16;-0,030235275;-0,016339895;-0,003126224;-0,025092682;-0,017896893;-0,016555232;0,002685419;0,041076161;-0,010629371;-0,036407896;0,021231442;0,006042368;-0,032697633;0,016058959;-0,036290227;-0,004905364;-0,003199503;-0,008283945;0,010178705;-0,009736078;0,015310348;-0,020363692;-0,02258158;-0,026781608;0,018128232;0,004410814;0,004201555;0;0,03567124;-0,035087731;-0,000439999;0;0,0156686;-0,004670347;-0,003201762;-0,019598901;0,002458426;-0,018117201;-0,007244169
2021-03-17;0,015396263;0,024584649;0,015271227;0,009532485;0,035535148;0,041683809;0,027786888;0,039733081;0,004958348;0,037783514;0,011087876;0,001501413;0,073690309;0,028976021;0,060669561;0,017252944;0,04518512;0,004375345;0,01181378;0,025372734;-0,004761763;0,03897572;0,030689459;0,022604562;-0,008695704;-0,003764081;0,026150699;0,045434143;-0,007739873;0,033246832;0,022662191;0,007581555;0,017826502;0,047966522;0,014402637;0,029288626;-0,002861052;0,036903139;0,022189284
2021-03-18;-0,03184186;-0,007782009;-0,020010525;0,014730938;0,018477788;0,018468647;-0,008469097;0,000801813;0,008223655;-0,036407896;-0,008224636;-0,001499162;-0,024031935;-0,022080243;-0,041420234;-0,00154192;-0,010158198;-0,011881091;-0,017513858;-0,021961285;-0,00318981;0,005716084;-0,033957725;-0,01225368;-0,069339992;-0,011335008;-0,020387474;-0,021516798;-0,001170215;0,025138318;-0,001075703;-0,00827684;-0,04782732;-0,033333138;-0,017773215;-0,001354955;-0,018855343;-0,049895464;-0,014706261
2021-03-19;0,050117091;0,019607891;-0,001918598;0,035548168;0,006479437;0,010200116;0,008541435;-0,007209636;0,019576022;0,047859085;0,048375682;-0,001501413;0,008709564;0,03664927;0,02551438;0,015883318;0,008114357;0,01482978;0,001048889;0,039532095;-0,004400094;0,002131203;0,026839752;0,034932131;0,000448874;0,01656059;0,020811774;0,061615753;0,010152387;-0,004659367;0,000430677;0,004552319;0,022638749;0,02007194;-0,014351021;0,024423376;0,00194968;0,009915633;0,012078199
2021-03-22;-0,003728269;-0,003846147;-0,006865471;-0,011142969;-0,004291381;-0,005235451;0,002931731;-0,005917152;-0,01520003;-0,026442298;-0,004614248;0,028571337;-0,015989718;-0,018307972;0,005216702;-0,018019892;-0,01444127;-0,003949727;-0,030377062;0,005476104;-0,005624808;0,005672036;-0,024620597;-0,021662078;-0,017048033;0,02443611;0,032619705;-0,014151272;0,007730982;-0,01502851;-0,01334749;-0,008307988;0,011414575;-0,001513561;-0,016564811;-0,030022285;-0,009033921;0,005818071;-0,010695049
2021-03-23;0,008607617;-0,029601031;0,015208143;-0,015449377;-0,009914317;-0,010902257;-0,036051063;-0,007846393;0;-0,022222176;0,010595899;-0,001461902;-0,001408206;-0,011254006;-0,016367199;-0,006343355;-0,00192169;0,009119955;-0,043572376;-0,011498;0,002828199;-0,025379157;-0,022302829;0,002406717;-0,018256536;0,039755161;-0,013820303;-0,027667691;-0,004219265;-0,018509303;-0,005673125;-0,007616199;-0,015047718;-0,011116756;-0,023066168;-0,0095584;0,004347943;-0,023861065;-0,014933162
2021-03-24;-0,017810799;-0,018567661;-0,05923993;-0,00701447;-0,015672906;-0,010262272;-0,018193864;0,018271161;-0,020308837;-0,020202237;-0,023591075;-0,024890275;-0,013994457;-0,024390306;-0,04707794;-0,045143778;-0,029843502;-0,023968459;0,007906705;-0,029690583;-0,026188349;-0,017359769;-0,025110404;-0,017767054;-0,052998534;0,008823679;-0,004003944;-0,016046214;-0,034668843;-0,006625764;-0,01250817;-0,033000744;-0,033333488;-0,005620768;0,022951796;-0,021599314;-0,015221711;-0,010740855;-0,010577246
2021-03-25;0,013222426;0,012837788;0,010856776;0,018345518;0,020345176;0,022273685;0,014413324;0,011515851;0,031509338;0,02835051;0,00617892;0,004504664;0,013312767;0,025666638;0,030238466;0,059694363;0,016869298;0,010869293;0,014942103;0,02302845;0,014894519;0,017666455;0,030291656;0,04791005;-0,003436476;0,00408152;-0,015075476;0,011306837;-0,001197212;0,016931876;0,004444095;0,012698319;0,013290244;0,035971273;-0,007622008;0,046030887;0,007799519;0,038187969;0,015044974
2021-03-26;-0,009321429;0,010673737;0,009594758;0,004276845;0,008236012;0,006761466;0,003382607;0,003706565;-0,000803985;-0,045112696;-0,003373457;0,002989254;-0,01400643;-0,016249576;-0,02108307;-0,001126331;0,005611177;0,001991485;0,052631354;-0,002466982;0,043212481;0,017052742;0,011091806;-0,020760684;-0,015763574;-0,022647924;0,003061148;0,011395173;-0,007191189;0,032795093;0,003097816;0,006269659;-0,001063531;0,037698275;0,033426862;-0,008531352;0,023497797;-0,023079733;0,009063736
2021-03-29;-0,007151;0,009901055;-0,019716292;-0,005483312;0,007308402;0,004103973;0,004720464;0,031390165;0,029766775;-0,010498691;-0,0054167;0,011922646;-0,011012126;-0,014866188;-0,02576016;-0,008572459;-0,000970535;-0,008744363;0,013986083;0,004857864;0,026572965;-0,00035616;0,002089369;-0,011671891;-0,016516501;0,042780632;0,065106925;-0,004676665;0,022937422;-0,029310982;0,003969967;-0,010124424;-0,011000496;0,004302287;0,025646667;-0,018115931;-0,00833754;-0,014027303;0,005558411
2021-03-30;0,057240644;0,018954324;0,024453828;-0,001865717;0,023474455;0,016722937;0,030872342;0,042966623;0,011718568;0,023872557;0,021783698;0,011782067;0,030397603;0,009054316;0,063285713;0,013652123;0,009227974;0,026864818;0,015862306;0,009006278;0,001141846;0,016393857;0,040626711;0,058568074;0,020865313;-0,008547064;-0,010506304;0,005766689;0,012588613;0,013336504;-0,000439858;0,013375307;0,040545258;0,01475467;-0,009287677;0,026291292;0,040915879;0,04979416;0,012398305
2021-03-31;-0,013266501;-0,01924315;-0,006355984;0,0209348;-0,019599517;-0,02156457;-0,008789099;-0,026728652;0,006177543;0,031088098;0,005996242;0,018922766;-0,01210291;0,010966993;0,004891818;0,015263589;0,00649655;-0,000390665;0,025797544;-0,014158282;-0,006823665;-0,019284921;-0,001170673;-0,030282458;0,008972917;0,01206908;-0,015444013;-0,002335957;-0,026418023;-0,016637524;-0,027912086;-0,016304558;-0,002413616;-0,005159519;0,009271684;-0,007640247;-0,006529436;-0,047432308;-0,001848524
2021-04-01;-0,007994236;-0,01896672;-0,006254457;-0,018491607;-0,034453712;-0,036607842;-0,016420365;0,021919855;-0,019954077;-0,035175649;0,003972984;-0,086850028;0,015641998;-0,013149138;-0,021095268;-0,022330299;-0,008367206;0,003515606;-0,027796318;-0,007180954;0;-0,030585291;0,005189895;0,007748442;0,00988144;0,014764233;0;-0,012059959;-0,022745384;-0,026515141;0,001590637;-0,01578543;-0,00691346;-0,019801821;-0,005920215;0,00769907;0,006706119;-0,002620758;-0,011840458
2021-04-05;0,010989024;0,018000053;0,016020612;0,013244136;0,01222333;0,009272832;-0,001335537;0,024408308;-0,020359999;0,059895828;-0,013852022;-0,009508574;-0,004092538;0,019320525;0,03025288;0,002487854;0,010607295;0,008563655;0,002042556;0,041509371;0,005921938;0,0129156;0,024816874;0,010251446;-0,000978475;-0,019585793;0,003921626;0,042866511;0,010616684;0,009078991;0,007249924;-0,011227093;0,040723963;0,014910805;0,061607847;0,020224743;0,024646805;0,086711862;0,019652417
2021-04-06;-0,007246242;0,007858614;0,027593868;0,013807026;-0,020035154;-0,015763272;-0,012036096;0,014681112;0,012789423;-0,00491404;0,010702572;-0,004800263;-0,015139975;0,016993444;0,00965407;0,005864967;-0,001192476;0,038981164;0,023776919;-0,014794326;-0,003139988;-0,011657698;0,013489342;0,010839505;0,008814903;0,003995412;-0,005859345;0,041319022;-0,007676904;-0,010539798;0,000224591;-0,007298986;0,005016815;-0,004739361;-0,012960537;-0,016299546;0,002470514;-0,003799776;-0,000161677
2021-04-07;-0,01240897;-0,011046301;-0,017673716;-0,002178936;-0,006666728;-0,010937267;-0,006429864;0,059534983;0,001578781;-0,012345769;-0,001323679;-0,008038578;-0,012078671;-0,015424237;-0,012749047;-0,022650923;-0,013613676;0,003343221;0,018911849;0,004597097;0,001181339;-0,008846375;0,000641484;-0,015970784;-0,020388385;0,013644257;0,042239776;-0,016652894;-0,012622017;0,000259808;0,001799002;0,028594795;0,021297892;-0,007142745;0,02459592;-0,008508684;-0,012191768;0,009708725;0,001063839
2021-04-08;-0,016259825;0,015111779;0,019944342;0,016378236;-0,001342777;-0,00315948;-0,008514845;-0,014998758;0,000788217;0,012500092;0,01524161;0;-0,003556697;-0,004895556;0,016545636;-0,000688537;0,006537714;-0,01073688;0,003256167;0,032641541;0,008257788;-0,007809568;0,019230742;-0,016229924;0,082755217;0,016825419;0,011309914;-0,014217308;0,016082543;-0,007792374;0,003143036;0,000794275;0,01335924;0,005275704;-0,000573778;0,0094852;0,003938982;0,064560438;0,005857648
2021-04-09;0,016153137;-0,005825233;0,018597018;-0,011280037;-0,007168136;-0,00158478;0,002747957;-0,014318279;-0,009448686;0,014814646;0,003263935;-0,004862164;-0,005130919;-0,016070825;0,016673271;-0,012858524;-0,001443632;-0,012350169;0,010061868;-0,012407514;-0,01677076;-0,00149906;-0,009591176;-0,021918404;-0,008238001;0,011582949;0,007455951;0,010392538;-0,019886659;-0,008376686;-0,005370899;-0,00714269;-0,017041663;-0,024331905;-0,014354323;-0,022371543;-0,012424933;0,00935494;-0,005434737
2021-04-12;-0,005175689;0,009765609;-0,001476604;0,009959905;0,02120948;0,01865036;0,012333173;0,078164595;0,003974406;-0,004866216;0,009108345;-0,009771841;0,009081425;0,021666642;0,000780855;0,011397822;0,000722904;0,022356978;0,003213038;0,022734066;0,001190242;0,024774352;-0,000158892;-0,010361503;-0,000922937;0,005728389;0,051803755;-0,003988265;0,01863361;0,023759218;0,006749264;0,00079924;0,023552479;0,010757853;0,003883758;0,02654465;0;0,000319563;0,009705108
2021-04-13;0,006317152;0,007736931;0,000134233;-0,008427087;-0,005302194;-0,006621749;0;0,003207897;0,015043508;0,058679871;-0,001934314;0,00822379;-0,001444255;-0,006525186;-0,004681869;0,001609849;0,000240589;0,008524733;0,023062552;0,026615857;0,002773317;-0,000366009;0,003493464;0,0107135;0,025404161;-0,020833316;-0,007515295;-0,011380425;0,010975421;-0,01237769;-0,006704017;-0,017572098;0,000958712;0,012094855;0,00174089;0,019616372;-0,007018686;0,043769918;0,004082079
2021-04-14;-0,02547975;0,011516296;0,004301675;-0,004882602;0,009328655;0,011764201;0,00169221;-0,001065848;0,009360244;-0,046189391;-0,005813521;0,00978778;0,003226861;0,000985128;0,003135961;-0,011940027;-0,005535376;-0,001102498;0,014088701;-0,021937048;0,010272588;0,012825021;0,007120189;-0,000481589;-0,00360361;0,055431204;0,038642783;-0,010658581;-0,003618552;0,020104414;0,006524157;-0,001625771;-0,012452036;-0,000956124;0,033017596;0,004810088;0,016670926;-0,009488803;0,008365676
2021-04-15;0,016673084;0,003795138;0,083523011;-0,008540779;0,003521338;0;0,001351519;0,035424764;-0,008500592;-0,004842718;0,021442296;0,003230969;0,009982071;0,002296585;-0,01289566;-0,000232446;0,004840136;-0,002575528;0,00710109;0,017477262;-0,003128616;0;-0,000785656;0,010122609;0,003616643;0,02387256;0,016333824;-0,003232034;0,007264001;-0,012029647;0,000223648;0,00407128;0,012285842;0,010526346;0,011308679;0,016101005;0,027154821;-0,004326221;0,003375036
2021-04-16;0,019008404;-0,004410805;-0,016924059;0,015395816;0,014034965;0,011627994;0,0043857;0,030090678;0,005455915;0,019464728;0,026081344;0,017713325;-0,002855167;0,02225866;0,014251843;0;0,010115667;0,003319791;-0,002759133;0,01345535;0,024715588;0,011216058;0,009119496;0,127988061;-0,012612474;0,003108793;-0,042857048;0,011456888;-0,008413451;0,003886094;0,007574442;-0,004865797;-0,005110169;-0,001420694;0,004250839;-0,008269506;-0,015964062;-0,001862306;0,003421678
2021-04-19;0,025969238;-0,004430502;-0,012817435;-0,018772575;-0,01228386;-0,004521216;-0,005038545;0,056222435;0,00775198;-0,021479605;-0,006819499;0,009493861;-0,009471308;-0,007364795;-0,020296674;0,019060749;-0,005006966;-0,003676538;-0,000614776;-0,005649448;-0,000765815;-0,015026885;-0,027111107;-0,035607752;-0,01231766;0,022727322;0,004664199;0,029066008;0,005656236;-0,013677525;-0,010648136;-0,022005193;0,003852213;0,009009337;-0,008649931;0,025925453;-0,01622327;-0,029850724;-0,001486203
2021-04-20;-0,014616622;-0,006992943;0,003437186;-0,011773322;-0,014932436;-0,015241267;0,016205279;-0,019700699;0,038461401;-0,026829396;0,044319442;0,001567265;0,02946405;-0,009032339;0,007569756;0,00593089;0,001677154;-0,010331844;-0,007382291;-0,01136408;-0,003831382;-0,005085523;-0,01057031;-0,040459827;-0,002309432;0,045959604;0,012070431;-0,007268854;-0,002008779;0,00209315;0,004122073;-0,005833351;-0,005756278;-0,004229563;-0,014573414;0,030685913;-0,025461875;-0,052884623;-0,007210545
2021-04-22;-0,033647069;0,01792568;0,001141648;-0,006887631;-0,008312635;-0,006878737;-0,008970323;-0,018164204;-0,003703492;-0,007518572;-0,014345359;-0,020344311;0,008100248;-0,00748688;-0,003954177;-0,012471957;-0,003110035;-0,014914414;0,031918217;0,009195379;-0,003076768;0,000364915;-0,014729768;-0,059907788;-0,020833328;0,010139979;0;-0,016108876;-0,003622922;-0,020626757;-0,006385277;-0,006705555;-0,004193675;-0,008966405;0,000659309;-0,023642614;-0,013402149;-0,001353594;-0,00575536
2021-04-23;0,002620741;-0,00314452;0,007349171;0,006935399;0,019230807;0,018614536;0,008045647;0,035622842;0,003717259;0;-0,004851441;0,011182053;-0,024855382;0,006231637;0,011909522;0,01010359;0,012959241;-0,006056009;0,006606487;0,015945736;0,003086264;0,004744871;0,013635605;0,000490506;0,027423131;-0,020554467;-0,012844051;0,028067216;0,006868444;0,021594373;0,008262599;0,032911391;0,017492855;-0,001428633;0,016567586;0,018385791;0,031970343;0,002710857;0,009709226
2021-04-26;0,009708815;-0,016403782;-0,032578703;-0,013216631;0;0,000850008;0,000997843;0,026225799;-0,003703492;0,007575529;-0,002437546;-0,00315951;-0,009668227;-0,007496732;0,006034983;-0,009092852;-0,00734428;-0,01447068;0,023269629;-0,018497821;-0,006538474;-0,000726442;0,003565793;0,016648144;-0,000920306;-0,005368521;-0,008364203;-0,003722862;-0,022070573;-0,004436337;-0,006146166;-0,015523113;-0,006367366;0,005245874;0,005371076;0,000440351;-0,007710999;-0,009124647;0,000539285
2021-04-27;-0,024408523;-0,01924315;-0,005720927;-0,001131773;-0,008224677;-0,008917343;-0,010963551;0,038888793;-0,00892194;-0,007518572;-0,00610871;-0,01267832;-0,002440582;-0,0147784;-0,008553961;0,012617322;-0,015751844;-0,018160624;0,003790304;-0,010565528;-0,000387154;-0,015267335;-0,014211842;-0,025566837;-0,035006886;-0,019136164;-0,041237245;-0,013286216;0,007386211;-0,015203258;-0,01626178;-0,00165962;-0,01730222;-0,034155625;0,014276485;-0,019806597;-0,008174371;0,011255103;-0,010008707
2021-04-28;0,021607516;-0,005232196;0,004576902;0,012275382;0,047804794;0,053555997;0,017803048;-0,015507926;0,058514576;0,010100871;0,03073146;-0,016051125;0,016459038;0,009333417;0,005341024;0,013366572;0,00775954;0,002361297;0,006970406;0,00086578;0,015104524;0,043519272;0,03407594;-0,009901206;-0,014319833;-0,047023658;-0,024437816;0,011781874;0,042769894;0,084642144;-0,000233145;0,014131474;0,009129529;0,027504852;0,016345731;0,021104927;-0,013779805;0,008431778;0,013946125
2021-04-29;-0,017722136;0,003287332;-0,008461415;-0,019589394;-0,03398474;-0,033346443;-0,021781815;0,021003029;-0,005669679;-0,017499918;0,021466709;-0,014682012;0,001312917;0,007926014;-0,015937948;0,009389586;-0,000240824;0,002355631;-0,008076021;0,011822555;0,028233591;-0,031549016;0,00396084;-0,000749758;-0,018886187;0,018372694;-0,013026018;-0,002287202;-0,012109586;-0,042208482;0,010712626;0,001639215;0,008077452;0,018164252;0,000268051;0,000439535;-0,027671193;0,016638346;-0,008153453
2021-04-30;-0,022095203;-0,020969927;-0,006488549;-0,019981067;-0,003855518;0,003366211;0;-0,068983802;-0,013542372;-0,015267287;-0,018680395;-0,07836909;-0,015952869;-0,038335472;-0,022840432;-0,022812751;-0,021179466;0,000783365;-0,034021585;-0,0122541;0,001855422;0,007686779;0,014675568;0,010758045;-0,011352482;-0,000515461;-0,01725882;0,028970203;0,039936635;-0,010248551;-0,004608353;-0,002454974;-0,003205079;-0,00892004;-0,026172387;-0,010549019;-0,013525012;-0,022058845;-0,009761298
2021-05-03;0,032723093;-0,009370746;-0,000396655;-0,00019406;0,029027004;0,029768519;0,003710852;-0,046857151;0,019867768;-0,002584071;0,066031864;0,014545364;0,009327167;-0,007834335;-0,000850022;-0,009972874;0,013277886;-0,018003911;-0,021673536;-0,009232584;-0,011111208;0,01399205;-0,002581785;0,014851288;0,007488735;-0,026817895;0,027892424;0,008304811;0,015209414;0,016826267;-0,001252095;0,023789936;0,043408314;0,021790601;-0,005136799;0,017769462;-0,015995755;-0,008885983;0,002649419
2021-05-04;-0,008298575;-0,010810848;0,005025168;-0,015925504;-0,030713526;-0,030195408;-0,012772801;-0,008793044;-0,012396522;-0,023315946;-0,026227415;-0,030465918;-0,028602767;-0,003981045;-0,008932461;-0,002518364;-0,022324796;0,025508235;0,004615461;-0,006989234;-0,041198626;-0,042652521;-0,021369435;0,0021951;-0,021308131;0,022257522;0,011055368;0,004419498;-0,011610446;-0,027240464;-0,005118593;-0,029647336;-0,002157201;-0,012517513;0,015121007;-0,016586324;-0,02177036;-0,007930907;-0,012557777
2021-05-05;0,014073578;0,015027353;0,045394664;0,016380469;0,006796598;0,001680639;-0,003745735;0,050201703;0,012552125;0,029177636;-0,016045894;-0,001848258;0,00985261;-0,007994206;0,000429363;0,006885534;-0,001985603;0,012436823;0,055129981;0,019941542;0,000781371;0,02845407;-0,018170151;0,00730143;0,007594814;0,026438518;0,043737602;0,029999832;0,008715357;0,023030529;0,005612907;0,013212361;0,005867963;0,022066026;0,005540394;0,029737675;0,029969967;0,010427464;0,015733315
2021-05-06;0,016879132;0,088829085;0,006922644;-0,0135923;0,002892921;0,005033774;-0,001708693;-0,022845097;-0,009090665;-0,007731727;-0,003494435;0,005555424;-0,022457666;0,005128343;0,01287004;-0,002507273;-0,010942591;-0,011900083;0,045573313;-0,028752182;-0,010929051;-0,006188843;0,002759837;0,010388823;-0,022110592;-0,029797989;-0,036190541;0,014951446;-0,008264507;-0,004860372;0,007441634;-0,005705046;0,015044456;-0,068442845;0,039201397;-0,013792924;-0,028233583;-0,023391813;0,002985849
2021-05-07;0,033567045;0,001854061;0,013624881;0,05;0,009134185;0,004173318;0,024991603;0,025933257;0,001668093;0,005194624;0,00759751;0,007366373;0,031569132;0,022230086;0,021177511;0,017367505;0,010309308;-0,003108203;0,009716919;0,027827325;0,008682082;0,012087984;0,02331216;0,041607046;0,022096603;0,017178629;-0,001976271;0,008226607;0,022348404;0,004627334;0,004847222;0,013114539;0,027828107;0,00295852;0,003476819;0,032779762;-0,009190912;0,007749241;0,017653288
2021-05-10;0,010349691;0,017890263;0,00727588;-0,000749783;0,022867879;0,024106583;0,013026021;-0,015894377;-0,013322328;0,025839767;-0,006960324;-0,007312506;-0,016201538;-0,014260157;-0,018249807;-0,018194054;-0,006968592;0,012470958;0,000274786;-0,021601783;-0,008216109;0,014838751;-0,004113276;0,007575765;-0,034690729;0,034800394;0,022772284;0,002846182;0,014820342;0,005170138;0,000229618;0,016990517;-0,028251888;-0,023598964;-0,006583036;-0,001269506;-0,033213519;-0,003145794;-0,001057048
2021-05-11;0,007064716;0,022424254;0,003917655;-0,008442854;-0,001862565;-0,001623528;0,007253329;0,014010466;0,013502209;-0,01259434;-0,012266244;0,009208141;-0,007319278;0,020976475;-0,015209076;0,00320294;0,006265695;0,002694287;0,034909271;-0,002354825;0,000788969;-0,002139554;-0,001747409;0,014126022;0,006250011;0,024727946;-0,003872298;0,021381181;-0,020445263;-0,006763785;0,00597172;-0,014319931;-0,03694733;-0,021147994;0,035138466;0,013559481;-0,000618905;0,001051857;0,008653996
2021-05-12;-0,055769829;0;-0,019511945;-0,02554397;-0,021465257;-0,020324953;-0,006546536;-0,018998207;-0,039966985;-0,035714403;-0,014193003;-0,043795536;-0,015668229;-0,036131798;-0,024882244;-0,030558973;-0,020883931;-0,025336028;-0,026560362;-0,021245162;-0,026409189;-0,014653451;-0,072247015;-0,029656167;-0,037784699;-0,077219921;-0,036928804;-0,015746468;-0,053298749;-0,018595999;-0,026255888;-0,032284154;-0,043081748;0,005144124;-0,036977934;0,050585127;-0,031588602;-0,043432497;-0,02646303
2021-05-13;0,01671602;0,000592597;0,009701439;0,004854421;0,030519771;0,023236298;0,026688651;0,004499208;0,021682711;0,023809552;0,034193031;0,007633473;0,010767806;0,02388828;0,025956978;0,037168004;0,027734632;0,021662052;-0,027830925;0,018992948;0,002834059;0,029017106;0,008404714;0,021532585;0,029047927;-0,037657116;-0,004036523;0,009787407;0,007874207;0,028022421;0,005627742;0,014178559;0,009858809;0,012282444;-0,016093734;0,000795678;0,01694895;0,096667909;0,008320107
2021-05-14;0,002923026;0,017772703;0,032766572;0,03478273;0,006477734;0,009326736;0;0,014995156;0,033955752;0,028423693;0,020881999;0,017045512;0,034738402;0,018305971;0,017152697;0,026309802;0,010844937;0,01079448;-0,028627559;-0,002071092;0,023415402;0,022206554;0;-0,00838581;0,00104548;0,009239253;-0,003039549;-0,0076421;0,010937204;0,021287482;0,002331505;0,004934174;0,009111503;0,0091003;-0,01715717;-0,009542459;0,009434076;0,060434034;0,009734396
2021-05-17;0,022586586;0,012805613;0,019322694;-0,015126239;0,001379821;0,004419981;0,017650991;0,031465854;0,01806273;0,012563049;-0,009091021;0,014897679;0,016562033;-0,013042059;0,028667813;0,004640812;-0,002245493;0,007627499;0,034785377;0,026089929;0,016173646;-0,00068944;0,019221175;0,030856948;-0,015143676;-0,005385086;0;-0,005823018;0,02782102;0,004829928;0,004652163;-0,006546715;-0,020638529;0,022043895;0,026230317;-0,004817626;0,002180438;0,014168679;0,008672394
2021-05-18;-0,011756362;0,001149305;-0,005382655;-0,015927242;0,01056002;0,015999251;0,013875692;-0,036458377;0,018547922;-0,002481477;0,004587171;0,003669448;-0,012329256;-0,003928534;-0,01352463;-0,014518125;-0,001500364;-0,000756976;0,012994361;-0,008957464;0,013587094;-0,002070359;0,01802384;-0,008869497;0,005832602;-0,0108284;-0,035569143;-0,026638805;0,003383291;0,003541346;-0,001620682;-0,012355818;0,026012564;-0,011764532;0,010047466;0,007664341;0,007149811;0,002794133;0,000341636
2021-05-19;0,001441891;0,008036679;-0,002352978;-0,00462418;0,005452135;0,00669366;0,017107372;-0,012162159;0,050673207;-0,00248758;0,000570883;0,0018283;-0,002229214;0,024022872;-0,040299006;0,014955389;0,006511409;0,023484836;-0,010875822;0,022740987;0,003446807;0,007261238;-0,020327629;-0,007382372;-0,015287462;0,03995627;-0,003161142;0,004464538;0,001124015;0,03428299;0,019248539;-0,001668045;-0,018613609;0,008432338;-0,020506011;0,012009517;-0,024691519;0,000619374;-0,002797203
2021-05-20;0,041756419;-0,001138763;-0,001061348;0,00174219;0,011297;0,009385572;0,00305788;-0,023255749;-0,015825169;-0,004987638;-0,001711336;0,005474513;-0,00089364;0,007002896;0,004328908;0,009896277;-0,000746538;0,022946149;-0,032985423;0,008836725;0,006870039;0,005492833;0,045348144;-0,007662772;0,003212188;0,002105253;0,014799287;-0,00328502;0,012350286;-0,005362069;-0,003868045;0;0,038587279;-0,028037348;-0,010155998;0,00276909;0,008227825;-0,030631252;0,000530024
2021-05-21;-0,021769004;0,003990918;0,001534639;0,005797508;0,002680998;0,00464921;0,008536959;0,016806627;0,004594164;-0,017543709;0,000571283;-0,005444706;-0,020125261;0,001390672;-0,053879272;0,001742301;0,004731072;-0,015195414;-0,012536684;0,011867927;0,007960513;0,00477991;0,006562877;0,002952602;-0,011206042;-0,051995784;0,00624984;-0,016091656;-0,009242108;0,005390976;0,001141996;-0,005847971;-0,027707859;-0,021254953;-0,01538996;0,009073103;-0,004708054;-0,040217086;-0,000888338
2021-05-24;0,014129099;0,0011356;0,010843982;0,005763498;0,003565402;-0,002698896;0,006564476;-0,004328999;0,023627864;-0,002551111;0,024557538;0,029197277;0,027841277;0,004166779;0,010022734;0,017173864;0,014869962;-0,004041297;-0,028933827;-0,003630246;0,013915259;-0,002718671;0,021787513;-0,003170222;0,079330804;-0,003324083;0,017598395;0,003546806;0,048507625;-0,008530413;0,010495557;0,012604951;0,054080416;-0,008273103;0,003473255;0,001954411;0,029643786;0,00931164;0,01174628
2021-05-25;0,025775187;-0,001134311;0,000699573;-0,025788263;-0,009769324;-0,005027653;-0,013381772;0,001185834;0,001489236;0,066496368;-0,002229743;-0,003546322;-0,028863212;0,005878119;0,021199746;-0,000854722;-0,003662978;-0,011066034;-0,020979304;-0,001681768;0,005192668;-0,01028162;-0,01634222;0,023398249;0,000999913;0,002223446;-0,002034461;0,009425041;-0,018505366;-0,010078759;0,002257349;-0,002489609;0,017511445;-0,01459851;-0,024867927;-0,02223945;0,009800865;0,036902721;-0,008417183
2021-05-26;-0,005432834;-0,007950177;0,003262716;0,005882699;0,023766648;0,022930579;0,016645768;0,018160244;0,000743625;-0,03117515;-0,021787758;0,012455715;0,003657917;0,00550032;0,028268594;-0,004919923;-0,00637265;-0,004102608;0,010869526;-0,013194966;-0,005165843;0,013793516;0,003164526;0,021087557;-0,017482415;0,027731421;0;-0,000389432;-0,011965335;0,013657992;-0,008785712;0,006655884;-0,0054346;0,022751365;0,029425432;0,015562799;-0,005156063;-0,014299246;0,008139005
2021-05-27;0,012632269;0,012593113;0,016376233;-0,007017727;0,003066224;0,006079365;0,013645;0,004071344;0,021545677;0,061881292;-0,013706329;-0,007030075;-0,001822389;0,005128206;-0,000859046;0,007308753;0,000246698;-0,023221152;0,016589954;0,024466833;-0,014095006;-0,008503665;-0,026183104;0,021739273;-0,004067205;-0,014570896;0,023445354;0,01770787;0,002568937;0;0,001590847;-0,004958878;0,02003623;-0,004656109;0,007169006;0,004714882;0,000304602;0,066731106;0,003048658
2021-05-28;0,012474685;0,009044689;0,017369592;0,029446318;-0,001746389;0,002265729;0,003290423;-0,000965416;-0,003636553;-0,006993057;-0,007527634;0,033628385;0,000456405;-0,013265344;0,018916615;0,007682388;-0,014056621;0,013420184;-0,013296956;0,00527644;-0,008653175;0,01646682;0,003239505;0,009149036;0,033690718;-0,000547727;-0,016932319;0,012428438;0,000366005;-0,00048985;0,001134596;0,004152794;-0,001487981;-0,009355388;0,00540583;0;0,048460853;0,003626412;0,009600618
2021-05-31;-0,00099909;0,005602277;-0,004492938;0,003432421;0;-0,002260607;-0,001490742;-0,032276762;-0,008759202;-0,009389805;0,023920666;-0,008561501;0,066149676;-0,010341355;0,008438734;-0,014824226;-0,004752462;0,001513479;0,008269299;0,005524661;0,014800922;-0,003037405;0,011462601;-0,013282656;-0,004444496;0,00657548;0,004052882;0,003776991;0,031101211;0,010049045;0,001813411;0,006617228;0,027421981;0,01259176;0,028586762;0,008995041;-0,007267436;-0,009334278;0,005216588
2021-06-01;-0,002333279;0,045682276;-0,003723372;0,009122139;0,017934958;0,022658435;0,014631162;0,065508212;0,008099985;0,054502439;-0,005128327;-0,005181403;0,028669292;0,029258049;0,065690412;0,021711252;0,012314685;0,013222556;0,036452197;0,011538433;0,02356012;0,03640931;0,024102143;0,022863018;0,009424576;0,00598791;0,015136062;0,017497439;0,002839147;0,039553389;0,028959201;0,024650598;-0,01247477;0,072538773;-0,013765449;0,042248381;0,001171367;-0,001216025;0,016249921
2021-06-02;0,014032971;0,031965981;-0,010758581;-0,038982995;0,0299852;0,03913297;0,035903342;0,048172498;0,015340001;0;0,02061871;0,00173607;0,008735381;-0,000676566;0,016882654;-0,00273525;0,003972285;-0,006338727;-0,021395182;-0,016023695;-0,017902736;0,033333716;0,008884073;-0,000835679;0,007371064;0,025974067;0,01292243;-0,023853273;-0,002831109;0,018907273;-0,003957692;-0,005613317;0,012632356;0,007729557;0,014134336;0,017106265;-0,02164369;0,014303196;0,010400181
2021-06-04;0,042503858;0,000516304;-0,017744823;0,013521371;0,005428538;-0,001067175;0,015625075;0,053469207;-0,00719418;0,040449356;-0,000561272;-0,001733061;0,014433094;0,011513751;0,011582849;-0,007805884;0,007170949;0,007504926;-0,02785274;-0,010488926;0,010788579;0,02087268;0,029661743;0,005645347;0,01707307;-0,012658247;-0,005887976;0,018374338;-0,005322841;0,025658825;0,005960238;0;0,012184472;0,013422911;-0,016550607;0,005484664;0,023019572;0,01710163;0,004050895
2021-06-07;0,009797903;0,011351868;-0,003380017;0,002900502;0,013704182;0,012460022;0,021538704;0,02189787;0,011593897;-0,008639191;-0,000561505;-0,00173625;0,012601498;0,003682499;-0,008015073;0,039336817;0,011539559;0,016759783;-0,017560142;0,03152049;0,003312537;0,023544093;0,005251295;0,00623698;-0,002397958;-0,022435788;-0,007897608;0,017671314;0,011059696;0,019656218;0,011630398;0,010483793;0,036113157;0,008987787;-0,00974308;0,007636354;-0,002630278;0,014159307;0,004995159
2021-06-08;-0,007511815;-0,000510308;0,02444155;-0,055523615;-0,004096811;-0,007032009;-0,006024185;-0,063621299;-0,002865282;-0,006535934;-0,011797647;-0,005217389;0,0012044;-0,007671764;0,007310454;0,004500575;-0,006068033;0,001831438;-0,017246615;-0,031638696;-0,017974977;-0,006961121;-0,004179117;0,007851262;0,012019209;-0,007650319;-0,015920179;-0,000365585;-0,013408695;-0,001095421;-0,013231993;-0,009576945;-0,008575209;-0,007970158;-0,016815752;0,008661067;-0,003222928;0;-0,00756255
2021-06-09;-0,019236812;-0,014292962;0,008675873;0,004286428;-0,013985876;-0,004957705;-0,019284079;0,011708341;-0,011494283;-0,013157929;-0,009664383;0,017482771;-0,004811636;-0,02218502;-0,023300159;-0,016700478;-0,003907031;-0,002193708;0,023292809;-0,014241999;0,008591759;0,01371522;-0,017685867;-0,018040237;-0,037054696;0,014867853;0,022244648;-0,011336639;-0,001788137;-0,010526438;0,008133812;0,024979786;-0,017578133;-0,026465032;0,020742326;-0,011091167;0,006760565;-0,001745203;0,000924592
2021-06-10;0,014790924;0,000517908;-0,002829535;-0,024390145;0,007509597;0,001779461;-0,002808725;0,042609175;-0,002906817;-0,008888891;-0,008610882;0,020618304;0,027800203;0,026469694;-0,024247253;0,011391766;0,022064072;0,006595593;0,00218274;0,028895396;0,003703365;-0,003607607;-0,002136107;-0,005845738;0,000493385;0,011937084;-0,012858631;0,004253805;0,002866067;0,007313865;0,028346749;0,026729589;0,016756443;-0,005825431;-0,003297864;-0,031114316;-0,00934283;0,016317013;0,001300931
2021-06-11;-0,026932961;-0,019668724;0,001021686;0,00812497;-0,012836631;-0,003908054;-0,002816793;-0,03632691;-0,020408606;-0,026905963;0,0017371;0,005050503;0,007448017;-0,025452077;-0,016833646;-0,011263456;-0,016310893;-0,015653379;0,026758015;-0,030011102;-0,007010996;-0,011768622;-0,020795151;-0,024779484;0,004930975;-0,002144927;-0,001002053;-0,000921042;-0,043229578;-0,009021173;-0,031594439;-0,008422712;-0,016759863;-0,011718701;0,022444851;-0,019417295;0,008252168;-0,033830208;-0,004881761
2021-06-14;0,044285415;0,028510973;0,045237979;0,011779397;0,000419393;-0,004279481;0,011027691;-0,016579439;0,017857196;0,094470102;0,006358295;0,025125732;-0,011673119;0,007560065;0,008560836;0,017605518;0,003657706;-0,012573724;-0,027272842;0,005109156;0,017837253;-0,003358614;0,00811993;0,032084234;0,010304194;0,02418068;-0,008023906;0,012166048;0,013069548;0,003552874;0,011604822;0,008494257;0,02357982;-0,002964306;-0,005422109;0,014851318;0,019585146;0,040652614;0,00592548
2021-06-15;-0,010913815;-0,017967011;-0,009111721;0,021445901;-0,001676932;0,000716114;-0,003369164;0,018456076;-0,012426614;-0,01894739;-0,009190065;0,013071813;-0,00354333;-0,003751669;-0,002829325;-0,004884955;0,009232256;-0,002996447;-0,010591687;0,001129662;-0,002190421;0;-0,002478194;-0,007927902;0,014570206;0,022035649;0,004044461;-0,004552984;0,00258014;-0,006416215;-0,002380922;-0,009954095;-0,005550957;0,024281447;-0,019521815;-0,005628525;0,016627877;-0,007413609;-0,000898562
2021-06-16;-0,017969406;-0,002090996;0,000328685;0,014397227;0,002099863;0,005010724;0,007042235;-0,008538044;-0,002220512;-0,004291877;-0,005797248;-0,008064438;-0,01738439;-0,01061286;-0,012971189;-0,013908794;-0,010832769;-0,008264573;-0,051007833;0,015232676;-0,011708854;0,019914206;-0,00434777;-0,019558376;-0,027764444;-0,015913759;-0,012084508;0,010611472;-0,004044139;0,016255153;-0,011499183;-0,013920901;-0,008652022;-0,025641029;-0,030044866;-0,003018778;-0,01776618;-0,001149117;-0,006395523
2021-06-17;-0,003852519;-0,004190819;0,013679003;0,015375663;-0,005448562;-0,004273062;-0,023776163;-0,053778575;-0,014095034;0,004310377;-0,015743213;-0,01300816;0,004020841;0,009342673;-0,00821367;0,000207359;0,000486443;0,000378875;-0,037823466;0,002222914;-0,007034457;-0,011715064;-0,024017538;-0,006864024;0,049236826;-0,026604099;-0,020387556;0,00199098;-0,022148368;-0,016214208;-0,001536264;0,018038967;0,018017924;-0,018371251;-0,020804404;0,029523164;-0,011771339;-0,003738787;-0,009299159
2021-06-18;0,029648889;-0,013150671;0,017704688;0,012230506;-0,014327712;-0,01287582;-0,001432661;0,004086259;-0,001504924;-0,019313267;-0,002369938;-0,062602856;-0,018822524;-0,007884795;0,000828199;-0,011405831;0,010216595;-0,001514525;0,002758769;0,006376333;-0,000372761;-0,018237201;0,00367521;0,004319657;-0,011262421;-0,001071724;0,003121785;-0,012827303;-0,038127658;-0,017817395;0,002637585;-0,010785746;0,00138292;-0,008599127;0,030122727;0,004411632;0,022370416;-0,004907637;0,00271754
2021-06-21;-0,002816783;-0,001599407;0,017609119;-0,017836543;-0,000427461;0,002536663;-0,007747596;0,019422773;-0,015071573;0,050328353;-0,00534437;0,033391853;0,021224476;-0,00518323;-0,003309655;0,000209482;-0,012761998;0,000379206;0,027166145;0,006060714;-0,002237909;0,004643742;0,006527638;-0,004731168;0,009492271;0,006437736;0,008298929;0,006588593;0,01059679;-0,00476202;-0,010304214;-0,013239889;0,01518908;0,006122583;0,009350052;0,009516699;0,001705427;0,014795521;0,006697559
2021-06-22;-0,012869082;-0,023491577;-0,009694597;-0,004686618;-0,011976527;-0,018431782;-0,021110287;-0,003992011;-0,019892732;-0,022916774;-0,008954967;-0,003401398;0,00919266;-0,008336173;-0,014944211;0,009438145;-0,010243831;0,003790719;-0,002343268;0,003285854;-0,020187072;-0,01294276;-0,003479963;-0,010587956;-0,014104313;-0,011727021;-0,002057828;-0,005090929;0,009708696;-0,003189298;-0,027470655;-0,03795093;0,024211099;-0,009634791;0,011715555;0,006163824;-0,027234436;-0,011721005;-0,003852551
2021-06-23;-0,020985688;-0,016402511;-0,013578784;0,001765774;-0,001731246;-0,004418471;0;0,028238255;-0,008587467;0,010660999;0,002157551;-0,005119569;-0,024158426;-0,018213681;-0,017277716;-0,010804271;-0,007146298;0,004154234;-0,000335522;-0,006277139;-0,003815094;-0,007181085;0,015873147;-0,018781232;-0,01859807;0,003236064;-0,009278344;-0,006944479;-0,025000328;-0,012800369;-0,009794854;-0,00912835;0,006108852;-0,019457367;0,014990903;-0,022702485;-0,009915037;0,024009229;-0,002632662
2021-06-24;0,000324861;-0,002223294;0,006295931;-0,001762662;0;0,007396429;0,00206799;0,00815031;0,003937155;0,002109661;-0,016373485;-0,001714988;0,02232148;0,007848753;0,009005239;0,00189054;0,010176209;0,001128105;0,032896684;0,004119709;0;0,00031494;0,007812353;0,016470321;0,051992186;0,019354911;0,023933412;-0,009937362;0,01107069;-0,002083755;0,005291181;0,000837452;-0,008975586;0,009921767;0,001350085;0,018805215;0,01119266;0,002824882;0,0084561
2021-06-25;-0,032143042;-0,055710388;-0,016012772;-0,01765754;-0,025585456;-0,031203581;-0,030070803;-0,026010612;-0,017254739;-0,033684105;-0,010480719;-0,025773356;-0,018261325;-0,025486558;-0,028049277;-0,020964469;-0,014004815;-0,021036778;0,002274958;-0,034463998;-0,008426145;-0,031751267;-0,013953493;-0,012480998;-0,012009177;0,006856507;-0,013211348;-0,033271342;-0,034374947;-0,023201723;-0,017619793;-0,015062704;-0,018114189;-0,018097266;0,012338993;-0,001809694;-0,022429253;-0,041971884;-0,017434409
2021-06-28;-0,021469377;0,032448369;0,02327838;0,017974933;-0,00756567;-0,004926436;-0,007598764;0,015878806;0;-0,004357391;-0,004361562;-0,01410938;-0,019409554;-0,006538496;-0,007433324;0;-0,001993655;0,018802515;-0,008754514;-0,000283411;-0,011587378;-0,011363801;0,010220133;0,006628988;0,006545126;0,009952968;-0,010298704;0,020572997;0,021439782;-0,009501331;0,003959711;0,012744176;0,02034742;1,193349541;-0,016014376;-0,011602459;0,0137311;0,000588042;0,001359464
2021-06-29;-0,016455278;-0,011999909;0,001369037;0,002942979;-0,008520399;-0,006093244;-0,006738249;0,05364124;-0,020750346;-0,017505293;-0,013767267;0;-0,015257735;-0,007312615;0,011894288;-0,000214294;-0,011735397;-0,00941607;-0,010140808;-0,013885009;-0,008597156;-0,009852042;0,00435799;-0,024282726;0,006502483;-0,009854883;-0,01664944;-0,000188682;-0,008316765;-0,008872801;-0,015777194;-0,018456696;-0,005583442;-0,03439304;0,017269449;-0,035216556;0,02058788;-0,01880685;-0,000800446
2021-06-30;0,012199504;-0,012724285;-0,006100049;-0,000318219;-0,011307009;-0,014176207;-0,009250413;0,003877192;-0,011409756;-0,035634875;-0,017131809;-0,00715559;0,003350027;-0,008839819;0,016107779;-0,007067688;-0,010864117;-0,01444857;-0,021480251;-0,009482728;-0,011036641;-0,011608694;-0,006735664;0,000679129;-0,023996268;0,002619321;-0,008465316;0,007537457;-0,013178658;-0,020082131;-0,009901314;-0,014529689;0,00668425;-0,007555371;0,00657734;0,014448696;-0,029106574;-0,016472068;-0,004123242
2021-07-01;-0,034090866;0,007615736;-0,010476171;-0,029726273;-0,010064039;-0,012436811;-0,010581997;-0,020151075;-0,019785517;-0,016166206;-0,037443649;0,003603519;0,003339018;-0,013006319;-0,024849955;-0,018119251;-0,001021643;-0,017361119;-0,022289992;-0,011604078;-0,022319724;-0,00318916;-0,02343743;-0,031653036;-0,021749362;0,016196527;-0,004268973;0,013839401;-0,004451786;-0,000987786;-0,000146724;-0,013876683;-0,031606946;-0,011419177;-0,017395176;0,071964074;0,016622203;-0,013398221;-0,008958849
2021-07-02;0,014973168;0,013372094;0,023694951;0,006127593;0,016521917;0,023983634;0,011009632;0,028277637;0,018502634;0,01877915;0,006036189;0,008976636;0,01622295;0,009789118;0,028998328;0,003075642;0,008182146;0,00863752;0,027979308;0,010860068;0,035466747;0,010777524;0,031359972;0,013075172;0,045915849;-0,009768746;0,003215292;-0,006456377;0,008130174;0,011369291;0,008169555;0,009674469;0,039221073;0,042354259;0,020668432;0,027622369;0,029488868;0,011419687;0,015565069
2021-07-05;-0,002458589;0,029259776;0,006602636;-0,018879568;-0,012098383;-0,017712269;-0,006222931;0,017666657;-0,001651247;-0,009216529;-0,009999857;0,014235033;0,01473599;0,00484721;-0,006831803;-0,001313872;-0,006340245;0,002724907;-0,00268802;-0,001742319;0,014173377;-0,013661767;-0,005429888;0,002765223;-0,012014808;-0,003634458;0,004273594;0,001856861;-0,001209717;-0,009775318;0,003336756;-0,008710762;-0,017418998;-0,008443272;-0,00360979;0,002381669;-0,009925974;-0,005798047;-0,005500619
2021-07-06;-0,025000015;-0,021738959;-0,002498937;-0,011793917;-0,015544021;-0,01239543;-0,015028173;-0,033409771;-0,010752857;-0,03023239;-0,023569076;-0,014035241;-0,016538987;-0,009276439;-0,013757387;0,000877028;-0,000765965;-0,035326192;-0,004043373;-0,014543185;-0,010869442;-0,00168919;-0,018249755;-0,004826327;-0,013784815;-0,007816613;-0,01063846;-0,016493993;-0,00484473;-0,017028617;-0,003325659;-0,014938439;-0,003760142;-0,015433823;0,005301806;-0,029192026;-0,010312236;-0,033149076;-0,014379136
2021-07-07;0,010111975;0,012535637;0,006888909;0,021984832;0,007655898;0,007287562;0,013350304;-0,003219254;0,010033471;0;0,008275823;0,017793607;0,013945795;0,00599257;0,012641626;0,006573417;0,004342487;0,013279643;0,014884736;0,013577408;-0,00870629;0,004399045;0,054178644;0,025866172;0,044613147;0,001050415;0,0150539;0,013001602;0,05070995;0,00728106;0,013107474;0,038358476;0,032623301;0,032432547;0,002900626;0,002447363;0,043704625;-0,000634967;0,015380311
2021-07-08;-0,00607792;-0,023072646;-0,00445742;-0,007375418;-0,014245629;-0,011655946;-0,002822836;-0,007479168;-0,02897376;-0,007194364;-0,017099917;-0,029720185;-0,002831668;-0,01340289;-0,02324583;-0,018285018;-0,003560473;-0,018268359;-0,029999725;-0,01135721;0,007673491;-0,013140229;-0,012660288;0,003376806;-0,004089048;-0,007869927;-0,009533891;-0,023065419;-0,01042447;-0,007976304;-0,020230174;-0,034364046;-0,024281925;-0,002094317;-0,00385617;0,002093044;-0,03688295;-0,012071078;-0,012525685
2021-07-12;0,022662024;0,017281076;0,00603928;0,034674845;0,021195038;0,025213576;0,025479445;0,034423725;0,034953359;0,021739086;0,03270715;0,021621609;0,060040583;0,016981134;0,033935501;0,006208569;0,011995708;0,006472374;0,045017397;0,009425736;0;0,013657051;0,009158921;0,007179939;0,008211674;-0,008989908;0,001069452;0,011805229;0,007022997;0,037688687;0,017286774;0,026690329;0,009901006;0,017313904;0,012405278;0,022972419;0,02447469;0,020578752;0,017268871
2021-07-13;0,020049286;0,00792753;0,005278248;0,014362829;0,003301576;-0,000793316;-0,004294399;-0,009933856;-0,020592898;0,004728167;-0,014150975;-0,010582066;0,009950242;-0,01372905;-0,003410026;-0,004407227;-0,00252199;0,004421493;0,00394573;0,06361214;-0,006011791;0,00606237;0,000907681;0,010692664;0,017647075;-0,004269005;0,025641205;0,000940872;0,024021564;0,000726371;-0,013453034;0,019930688;0,009273971;0,000515584;0,005909456;-0,006124395;-0,011242249;0,019848621;0,004498644
2021-07-14;0,01724115;0,006179788;0,023988458;0,01002955;0,012694412;0,004366641;0,00677752;0,046153974;0,021025882;0,007058941;0,015037657;0,00713008;0,021978051;0,01655374;0,008554443;0,006640105;0,003539858;0,007202736;-0,013101822;-0,029355077;0,00322571;0,001338405;0,036421172;-0,00286564;0,019564283;0,001071806;-0,005208354;-0,003571934;0,002648675;0,000242038;-0,001913794;0,007646349;-0,005513404;0,013917538;-0,005442824;0,004792781;-0,0048323;0,01204824;0,00186474
2021-07-15;-0,010847572;-0,016191929;0,013573206;-0,007009626;-0,00464305;-0,01502008;-0,015300007;-0,00751284;-0,009884578;-0,021028254;-0,020201925;-0,010619403;-0,002595511;-0,003330906;-0,016539506;-0,02088824;0,007810596;-0,007151227;-0,006637645;-0,01074053;-0,004823114;-0,012035273;0,001895779;-0,005967745;0,034452669;-0,007494528;-0,016754042;-0,00717003;0,007546927;-0,017658692;-0,011265714;0,000843161;0,015839682;-0,019826911;0,003127437;-0,011925027;-0,002570939;-0,013125701;-0,007312685
2021-07-16;-0,013707923;-0,010783367;-0,012300388;-0,024117539;-0,017257141;0;-0,012118971;-0,026735383;-0,007487875;-0,011933062;-0,01030943;0,008944704;-0,018587361;-0,014110639;-0,016817662;-0,00471603;-0,00800036;0,001200227;-0,015703331;0,003714327;0,008481438;-0,01624378;-0,014699271;0,001333816;0,007588528;0,015641777;0;-0,013492894;0,01460682;-0,017483194;-0,000969656;-0,001684781;-0,015592699;-0,014004579;-0,018011891;-0,016551781;-0,018041372;-0,010516581;-0,01183042
2021-07-19;-0,00938145;-0,024096345;-0,014160769;-0,010849903;-0,013764216;-0,036516643;-0,007549714;-0,01737547;-0,005028934;-0,01932361;-0,012500043;-0,007092398;-0,009848479;-0,012052853;-0,007017581;-0,000451239;-0,007308208;-0,004396542;0,00169715;-0,006547082;-0,014817713;-0,005847631;-0,006647096;-0,0239838;-0,032635938;0,002124341;-0,003194925;0,008861332;-0,018456885;-0,00576457;0,000970597;0,003375428;-0,01214363;-0,013150737;-0,01093471;-0,005960762;-0,003207921;0;-0,012424579
2021-07-20;0,021045303;0,001175874;-0,009474296;0,000609529;0,010587573;0,015410284;0,017749626;0,012293662;0,022746266;0,002463072;-0,002812755;0,003571406;-0,006120865;-0,001143505;-0,008833942;0,004063168;0,002284828;0,005620357;0,004066188;-0,011461302;-0,000406437;0,0131483;0,003717194;-0,010238816;0,010813073;0,042395207;0,016025709;0,012602881;-0,010906634;0,012351991;-0,002182014;-0,005887053;0,001336136;-0,005330468;0,008380826;0,00705484;0,010825358;0,004689004;0,008087142
2021-07-21;-0,006870726;0,009982245;-0,004319689;-0,004263144;0,004762302;0,000410283;0,009965595;0,045915872;0,002471224;-0,024570202;-0,011283478;0;0,014626632;0,006488468;-0,005347541;0;-0,00481256;-0,028742467;0,022612044;0,000289713;0,014639766;0,004098645;-0,010221891;-0,007126658;-0,000427856;-0,009659333;-0,008412256;-0,025080173;0,012927856;0,010955973;0,000486162;-0,005922516;-0,006137871;-0,001071943;0,011494355;0,001401009;-0,00289466;-0,016179188;0,004210493
2021-07-22;0,00518849;-0,009883585;0,013531781;0,009174213;-0,009952518;-0,007790121;-0,01480102;-0,007475795;0,009038627;-0,005037609;0,008558951;0,017793607;0,031866486;0,007205097;0,003136197;0,016187085;0,009925938;0,005754122;0,00858125;0,02289196;0,005611377;-0,010204085;0,022301728;0,015281201;-0,004708893;0,033367551;-0,007423125;-0,007543662;0,007507593;-0,010590782;0,000485926;0,005957801;0,023093295;-0,002145752;0,002622292;0,011542549;0,018868174;-0,009171431;0,001731134
2021-07-23;-0,014452686;-0,016441664;-0,003974823;-0,009090812;-0,009574466;-0,010330497;-0,005320938;-0,055608921;-0,009772012;-0,020253311;-0,002121218;-0,006993084;-0,007352894;-0,015436709;-0,021884852;-0,019247583;-0,01713686;0,000817299;0,005890008;0,036434778;-0,013949843;-0,002749466;0,000293121;-0,012314537;-0,027957039;-0,002483919;0,008547068;0,007016191;-0,010804641;-0,007966444;-0,005582725;-0,000846014;-0,014698192;-0,012903381;-0,005056779;-0,011065137;-0,008547115;-0,016916654;-0,008672422
2021-07-26;-0,004189988;0,020298448;-0,014939102;0,00366963;0,007249725;0,008349899;0,015418655;0,022399428;-0,005756452;-0,020671842;-0,004252489;0;-0,01518524;-0,006118404;-0,015525017;-0,007444312;-0,002564207;-0,014699908;0,034482818;-0,000551717;-0,001616875;0,017574037;-0,004391139;-0,01777894;-0,024778659;0,014940244;0;-0,001354828;-0,01581924;0,024592398;-0,001464638;-0,022015521;0,009056876;-0,007625203;0,021731662;0,013986063;-0,004309939;-0,011688323;0,007604776
2021-07-27;-0,011219984;-0,009947273;-0,025033699;-0,018891007;0,002399899;0,007868401;0,004648353;-0,037344408;0,003308401;-0,015830956;-0,00427065;0,007042332;-0,010530335;0,018853343;-0,007421189;0,005681756;-0,002827621;-0,009117076;-0,035849192;-0,023448101;0,004048787;0,009820488;-0,017788827;-0,012928901;-0,02676959;-0,016682942;-0,018008526;-0,007170474;-0,00229637;0,009061929;-0,002933205;-0,007792302;-0,026662969;-0,007134846;-0,020754836;-0,00517242;-0,007504171;-0,020368005;-0,011047268
2021-07-28;0,017730262;0,024231587;-0,005540335;-0,016148912;0,019147572;0,023418185;0,014805583;0,018965493;0,01978577;0,024128635;0,008577934;0,010489627;0,019384339;0;0,015887864;0,003615867;0,005413728;0,017565813;0,00228312;0,022599225;-0,000403376;0,032528508;-0,010028469;0,001666967;0,003729648;0,001496999;0,006472627;0,009955094;0,011507528;0,011893559;0,015934952;0,008725965;-0,012747632;0,017136246;0,027325238;0;0,081710225;0,010395707;0,013433698
2021-07-29;0,024738609;-0,011540757;-0,008463735;-0,001894033;-0,00516669;-0,009634853;-0,015805479;0,004399304;-0,021827287;-0,028795801;-0,004961134;0,010380557;-0,013795678;-0,023791723;-0,019319092;-0,011934392;-0,018717939;-0,011097459;0,021802859;0,007734652;-0,003227119;-0,00519663;0,014363372;0,001664326;0,008824844;0,000996431;-0,00321565;0,005604887;-0,014031066;-0,015831406;-0,009410633;-0,006055294;-0,0249998;0,002717506;-0,01474844;0,01802428;-0,028763287;-0,019581702;-0,004838224
2021-07-30;-0,039102362;-0,028604718;-0,02193397;-0,035420614;-0,025023945;-0,017024292;-0,023162469;-0,027122584;-0,01322305;-0,018868137;-0,012820762;-0,01712318;-0,034026608;-0,020502781;-0,022045063;-0,030993483;-0,008884305;-0,02909402;-0,019108099;-0,022752282;-0,023472228;-0,010773394;-0,073632505;-0,019700766;-0,051565328;-0,023892445;-0,035483808;0,006262869;-0,029230901;-0,013892278;0,003897458;-0,014795736;-0,003663056;-0,04173444;-0,058925391;-0,035410314;-0,011624948;-0,043331094;-0,030825542
2021-08-02;0,007785022;0,013221181;0,017233782;0,024262362;0,008232894;0,006184797;0,013594775;0,008311664;-0,005862453;0;0,005050517;0,015679252;0,007827905;0,003949447;0,002398145;0,019755608;-0,005272708;0,023116656;-0,002272971;0,03786818;0,027766379;0,006108332;-0,015768362;0,009200901;0,001456252;0,009688966;0,002229577;0,046070363;0,007923935;0,003459946;0,006066276;0,015901445;0,045531446;-0,012443465;0,001563077;0,01517825;0,030889507;0,007784735;0,005870231
2021-08-03;-0,009831315;0,012455495;-0,000543025;0,024967997;0,006597367;0,005700353;-0,005614578;-0,003606387;0,006739567;-0,010988862;0,007178752;-0,015437208;-0,006213569;0,004327365;-0,017703375;0,003228545;0,001855211;-0,006694659;0,026684181;-0,006216209;-0,003225926;0,009846211;-0,000980619;0,006238008;-0,009694604;-0,015151597;-0,015572567;-0,002960872;0,012971787;0,006158031;0,011577416;-0,006086824;-0,012712932;-0,001145484;0,034058614;-0,014951315;-0,006275653;-0,016853876;0,008660093
2021-08-04;-0,010283963;-0,025776197;-0,002607795;-0,00437239;-0,03533881;-0,039559588;-0,014742973;-0,003447013;-0,012552318;-0,011111192;0,019244699;0,005226417;-0,040640848;0,00430851;-0,015100028;-0,012643677;0,00052916;-0,017628648;0,00190158;0,002991492;-0,004449759;-0,027950092;-0,031909804;-0,010967959;-0,023005448;-0,022563994;-0,016949284;-0,008166309;-0,013193736;-0,011261019;-0,008106565;-0,001750133;0,012054788;-0,007454217;-0,001065284;-0,008824516;-0,009610101;-0,012500026;-0,014371606
2021-08-05;-0,017556365;-0,000601297;0,002287749;-0,014428999;-0,016832336;-0,014862107;-0,017828567;-0,041681105;-0,016101591;-0,02247184;-0,027972232;0,001733121;-0,008961324;-0,024570966;-0,029178894;-0,017229284;-0,019037505;-0,003018402;-0,027522861;-0,011659545;-0,013409271;0,003009672;-0,01115624;-0,006268084;0,025050196;-0,012067178;-0,014942552;-0,008233456;0,017695455;-0,003057075;-0,006490123;-0,014898793;0,018453107;-0,01790869;-0,030572372;-0,010327635;-0,005822081;-0,010849921;-0,001379299
2021-08-06;0,009117271;0,028880891;0,017391301;0,012094064;0,021148631;0,021982812;0,030470314;0,019130111;0,009474268;0,008620753;-0,005755334;0,025951363;-0,005343194;0,000399797;0,022924083;0,002132209;0,015363771;-0,009515419;0,020169111;-0,001920149;0,004942302;0,027999985;-0,004273568;-0,000485348;0,010752575;0;-0,007001183;-0,000377463;0,004637108;0,039674346;0,012823291;0,01868318;-0,007194035;0,005882533;0,005683657;0,009355843;0,010596891;-0,005484427;0,00967665
2021-08-09;0,010481034;0,003508766;-0,007478594;-0,008175844;-0,000986284;-0,00042186;-0,009122793;0,011156363;0,004266436;-0,008547071;0,002894272;0,005059137;0,003718945;0,005995312;0,013446293;0,003782492;0,010883979;0,013973636;-0,012754944;0,007971345;-0,000819428;0,011673446;0,006008535;-0,002184379;-0,009187568;0,036643719;0,039953177;0,008871352;0,026922965;-0,004158456;0,00645047;0,000873105;0,001610295;0,038011599;-0,006289634;0,017825397;-0,002207531;-0,016544175;0,001701816
2021-08-10;-0,022174681;-0,026223875;-0,008611408;-0,016487122;-0,017275491;-0,014345321;-0,025396587;-0,001926482;-0,017842034;-0,011494418;-0,016594404;-0,026845585;0,000411685;-0,014700168;-0,014742045;-0,020018964;-0,013918125;0,007751948;0,025193796;-0,008181217;-0,014356202;-0,01891051;-0,019965731;-0,013621746;-0,004392384;0,00204917;-0,020339153;-0,009354499;-0,020224577;-0,022353348;-0,026822297;-0,01396126;-0,014469468;-0,020281643;0,009632059;0,001050546;-0,001935981;-0,005607362;-0,006641251
2021-08-11;0;-0,008378154;-0,001302956;-0,029658346;0,006529193;0,003852237;-0,00977196;-0,004562184;0,00432542;-0,026162661;-0,006603157;0,018965427;-0,000411516;-0,012096669;-0,017456336;-0,001682262;-0,010386174;-0,029914592;0,01071204;0,007423781;-0,007074446;0,011107156;-0,000696501;0,006165087;0,025000044;0,006646263;0,146482005;0,042115243;-0,03975542;0,006532816;0,01463438;0,016813836;-0,021207483;-0,002300123;-0,007177664;-0,033590045;0,001662412;-0,048872338;-0,001194743
2021-08-12;-0,028529496;0,0006034;0,008697441;-0,077076431;-0,009979988;-0,014072471;-0,021710449;-0,010400153;-0,012058633;-0,023880438;-0,014770944;-0,003384132;-0,013997468;-0,004081524;-0,018781938;-0,009388489;-0,000268848;0,040088434;-0,013715924;-0,012554382;0,005448118;-0,018739719;0,011848694;-0,011519931;0,00286941;-0,014220502;-0,112676071;0,006886441;0,027468284;-0,005491843;-0,000961317;0,004351869;-0,012499865;-0,123343032;-0,000640836;-0,024619498;-0,017703753;-0,021738971;-0,011101462
2021-08-13;0,002258971;0,004221997;-0,014442531;0,053995919;0,006552532;0,004757863;-0,008070029;0,006234439;0,008718184;0,015290201;0,021739099;-0,001697636;-0,015031325;0,082786688;-0,015002471;0,053462737;0,021803438;-0,007624007;-0,010113544;0,010779012;-0,000416772;0,013500331;-0,010676747;0,012646095;-0,033381095;0,002060942;-0,024943204;0,005219546;0,002711712;0,023343359;0,012993398;0,014731319;0,011251993;0,024983595;-0,008241605;0,011507079;0,007321967;0,002020219;0,004084473
2021-08-16;-0,019909873;-0,015014966;-0,019029078;-0,045082033;-0,010015193;-0,008178997;-0,001695099;-0,034165392;-0,016421743;-0,060240825;0,007336651;-0,013605473;-0,022043134;0,020439106;0,001575583;0,006689934;0,005531911;-0,011096909;-0,031290335;-0,029531971;-0,015846291;-0,010958554;-0,023498593;-0,026444831;-0,041933851;-0,011825291;-0,047674412;0,017905377;-0,004636437;-0,002943281;0,009501017;-0,005123705;-0,034214244;0,010904469;0,004616617;-0,01798192;-0,038020833;-0,041935583;-0,016617984
2021-08-17;-0,037945519;-0,004878066;-0,023634308;-0,011445056;-0,000505448;-0,003905806;-0,004074561;-0,037756522;0,028119652;-0,006410394;-0,011653189;-0,010344762;-0,012137134;0,00148362;-0,039328686;-0,006415909;-0,004633025;-0,009495224;-0,028523266;-0,026768134;0,006355912;-0,003625461;-0,026738045;-0,007042268;-0,005664159;0;-0,024419991;-0,029903602;-0,013975364;-0,006150008;0,015999844;-0,003433862;-0,002880244;0,021573614;-0,016544153;-0,013452714;0,00813708;0,06228957;-0,010706494
2021-08-18;-0,008366621;0,009191086;0,002511845;-0,020260407;-0,013664425;-0,006536424;0,004773087;0,042095179;0,019657826;0,045161358;-0,019896844;0;-0,021500666;-0,020370374;-0,000546078;-0,008897563;-0,001620334;-0,009585904;-0,008635526;-0,015055194;-0,025263191;0,001984543;0,011172321;-0,01215804;-0,024339786;0,009365198;0,011264002;0,04333659;-0,003937139;-0,007920675;0,000694519;0,003445694;-0,000577854;-0,049689442;-0,033551276;-0,009469641;-0,031997645;0,007131545;-0,010695142
2021-08-19;0,035355462;0,043716078;0,015945461;0,047267499;0,00667028;-0,002192906;0,006786828;0,050265094;0,020955715;-0,006172712;0,034586448;0,031358685;0,006278205;0,041588011;0,004915332;0,030711184;0,027860257;0,040035172;-0,033449551;0,0311583;-0,006479577;-0,012875534;0,053069984;0,011538358;0,005838722;0,028350535;0,037128802;0,015815085;0,03636382;0,003243452;-0,000925498;0,026609128;0,057803732;0,004575083;-0,057054412;-0,003059284;0,047945077;-0,020456384;0,004475194
2021-08-20;0,00116434;0,020360662;0,013452861;0,001410374;-0,004077542;-0,005714112;0,001347991;0,019491866;0,025451488;0,031055692;0,031976557;0,013513547;0,004010627;0,018148725;0,007608951;0,014210353;0,013157922;0,023688556;-0,00324423;0,010832449;0,050000081;-0,003678616;0,010147799;-0,006337063;-0,004749337;0,010526341;-0,007159987;0,001539707;0,017162462;0;0,023627816;0,010869618;0,02185804;0,013183969;0,00041032;0,00115079;0,022449466;0,044176641;0,007579055
2021-08-23;-0,022868364;-0,01026231;-0,001659044;-0,038732611;0,001535339;0,007073255;0,009087975;0,025605988;0,000800781;-0,006023804;-0,016197075;-0,028333359;-0,018198024;-0,012477721;-0,019956879;-0,008587491;-0,004935008;-0,000826206;0,007233103;-0,004230321;-0,008281548;0,010741677;-0,03916229;-0,029336741;-0,038706367;0,03422602;0,021634667;-0,004783055;-0,006373927;0,013429389;-0,007468155;-0,000827062;-0,012032278;-0,018217439;-0,013839178;-0,018008017;-0,006392281;0,022692432;-0,004921518
2021-08-24;0,028560304;0,013248849;0,016509709;0,018315238;0,029637327;0,026339008;0,032677403;0,006824235;0,043199962;0,027272669;0,004294898;0,017152612;0,016274876;0,03826731;0,123280237;0,026897524;0,015400697;0,004962422;0,037343019;-0,014726629;0,023382017;0,027897948;0,010987358;0,022339081;0,061224586;0,001918604;-0,003529453;-0,002059803;-0,026415145;0,01595089;-0,007295974;0,01076164;0,015426317;0,025182329;0,03648645;0,025361221;-0,002517572;0,049266627;0,023316194
2021-08-25;-0,004242235;-0,000568621;0,00970122;0,006474815;-0,002978015;0,00171069;-0,003268056;0,039179994;0,007668879;0;0,01781912;-0,005058903;0,00489325;0,009040204;0,038706275;0,002885739;-0,006683911;-0,004115112;0,00553801;0,006898416;0,006935901;0,001292124;0,008413526;0,010796938;0,016112235;0,000957391;0,005903213;-0,011523933;0,007364163;0,003864743;-0,00367451;0,003275965;0,041577552;-0,00193923;-0,002105965;0,011795867;0,020191111;0,00250895;0,005049455
2021-08-26;-0,031371358;-0,026734836;-0,014142314;-0,023588555;-0,019910006;-0,019214368;-0,014098257;-0,019090127;-0,0083711;0,002949874;-0,010504049;0;-0,019035023;-0,007236353;-0,059433892;-0,022797726;-0,017339417;-0,007438135;-0,020998429;-0,0139878;-0,001215577;-0,024201276;-0,027290129;-0,035859622;-0,038363178;0,002391189;-0,028169015;-0,00208795;-0,010388621;-0,011068295;-0,005532613;-0,002449009;-0,003326402;-0,052461174;-0,012763856;-0,005641226;0,010719832;-0,00107254;-0,017331855
2021-08-27;0,021591502;-0,004091144;0,011717118;0,020497886;0,012696713;0,013060572;0,015297639;0,015244926;0,016116528;-0,002941198;0,00141518;-0,010169486;0,014891827;0,006247813;0,068706137;0,008607122;0,008954397;-0,004995589;0,017932789;-0,001447644;0,00365117;0,017195988;0,041815603;0,007913432;0,012233961;0,001908314;0,008454115;0,011159427;0,005054516;0,013138782;0,001622395;0;0,013607294;0,002050574;0,025043197;0,025718751;0,003535764;-0,019685047;0,01645834
2021-08-30;-0,019569402;0,008215972;-0,009308327;-0,017216444;-0,008525722;-0,010743896;-0,009498885;-0,001757079;-0,004531936;-0,038348196;-0,007067036;-0,001712407;-0,012894682;0,001034821;-0,040356638;0;-0,00965798;-0,005857576;-0,008981043;-0,003479477;0,00525487;-0,007152299;-0,026586601;-0,006019427;-0,007882256;-0,001428565;0,010778368;-0,002759109;0,001160244;-0,008405398;0,003703037;0;0,01038492;-0,003410577;-0,006356174;-0,004424745;-0,005962359;-0,037604913;-0,007772751
2021-08-31;0,001996123;-0,004656593;-0,023052675;0,027007206;0,008599035;0,005647607;0,006283109;0,05600882;0,025037899;-0,015337537;-0,006405871;0,020583181;-0,006756833;0,000689291;-0,01124704;-0,003593062;-0,010279506;-0,004208967;-0,012896354;0,034914448;-0,010856504;0,0130975;-0,022731211;0,002106345;-0,033898327;-0,022889805;-0,00947874;-0,01141274;-0,012364418;0,015742411;0,008300834;0,019640171;-0,007270031;-0,011635928;-0,013693201;0,0070369;-0,030534426;-0,029210969;-0,00800902
2021-09-01;-0,008366621;0,009356757;-0,010959604;0,025586337;0,001003026;-0,001728006;0,000985705;0,024094651;0,0340488;-0,01869138;0,026504419;0,018487193;0,023582848;-0,004654155;-0,013352894;0,01915693;0,03009318;0,01056645;-0,006002984;-0,015181556;0,01260152;0,004365513;-0,008835269;-0,014713643;0,024122848;0,048804207;-0,016746298;-0,011019768;0,027386512;-0,006676413;-0,011662562;-0,019261864;0,025252742;0,004155347;0,001722931;-0,015814731;0,020528751;0,006643241;0,005177596
2021-09-02;-0,038971695;-0,042873645;-0,029963703;-0,024948009;-0,03774584;-0,035123266;-0,041365581;-0,007546647;-0,020043058;-0,028571459;-0,009769735;-0,013201127;-0,012405732;-0,006931928;-0,033584017;-0,018575803;0,010341427;-0,022584828;-0,026998161;-0,027119452;-0,006824633;-0,036059417;-0,013643927;-0,025866495;-0,035867195;-0,021405274;-0,036496301;-0,01697895;-0,031226323;-0,052328362;-0,018278677;-0,03109655;-0,032019963;-0,008275989;-0,003136368;-0,042974583;-0,015155637;-0,048913094;-0,022772957
2021-09-03;0,00376278;0,002421204;0,001165677;-0,001421481;0;-0,004936902;-0,002397236;-0,004323814;-0,005843586;-0,006535904;-0,016913136;0,011705758;-0,007178363;0,004041215;-0,020228234;-0,012843683;0,005629389;0,018827705;-0,000365006;0,011737;-0,009700924;-0,005677857;0,010513051;0,016151082;0,049416915;0,014740922;-0,016414168;-0,019791279;0,025550224;-0,023302853;-0,008013063;0,005067509;-0,00330778;0,026425522;0,000710617;0,00078087;0,014269777;0,014285656;0,002194091
2021-09-06;0,016659704;0,038043562;0,008266178;0,019217069;0,009901321;0,010374318;0,017851046;0,004342591;-0,008817126;0,006578903;0,017920779;0,004958675;0,009941375;0,008415576;0,027527774;0,009815039;0,005088874;0,014279644;0,011321911;0,008410602;-0,000816302;0,012765025;0,011680569;0;0,030687887;0,025773286;0,066752355;0,004588599;0,002683276;0,015819466;0,008077791;0,020168072;-0,004340011;0,014227669;-0,015718626;0,003511536;0,003586484;-0,006840982;0,008004584
2021-09-08;-0,042605358;-0,057010026;-0,046997481;-0,083798934;-0,06346766;-0,057589052;-0,042158784;-0,026688558;-0,017790778;-0,062091684;-0,031689996;-0,050986779;-0,029082755;-0,018142202;-0,062854135;-0,027350853;-0,031138993;-0,024844677;-0,0231128;-0,033649705;-0,033905365;-0,04742995;0,080281544;-0,05226303;-0,035420892;-0,001370552;-0,012033811;-0,038735544;-0,029816503;-0,049527671;-0,031816831;-0,032948899;-0,041025444;-0,0561121;-0,020811788;-0,042379381;0,003023557;-0,064019489;-0,037804681
2021-09-09;0,013264805;0,006169148;0,009450897;0,0388719;0,007713629;0,004263523;0,017605886;0,02757362;0,009056454;0,038327521;0,014545669;0,019064154;0,022580652;0,029563934;0,018691468;0,028585024;0,024039553;0,028450033;0,013308516;0,03571409;0,023256085;0,013231405;0,002004011;0,017908061;0,003193059;0,026075176;0,038976927;0,007413158;0,018124336;0,00537195;0,027994008;0,021294653;0,013903614;0,030431565;-0,003577447;0,020706354;0,064400908;0,021212223;0,017176161
2021-09-10;-0,000422302;-0,012875589;-0,001800456;0,013206404;-0,010388126;-0,01226464;0,003114047;0,001788803;0,006731521;0,01006719;0,010035967;0,001700522;-0,015322243;0,0014357;0,021046971;-0,024853082;-0,013523675;-0,02518558;-0,004012958;-0,008907692;0,006198327;-0,009965893;-0,045499975;0,010052888;-0,088594137;0,024520675;0,060961279;0,0056603;-0,011222863;-0,016029959;-0,00023707;0,003336193;0,00738399;-0,019230674;0,001161599;0,011933298;-0,004634124;-0,013989038;-0,009318574
2021-09-13;0,02872835;0,015527898;0,011303634;0,028240411;0,016574569;0,020534734;0,022076397;0,002976193;0,015601897;0,066445119;0,029808224;0,022071259;0,035240355;0,000716957;0,049154326;0,006719098;0,011381093;0,022024279;0,007692108;0,009278115;0,016016332;0,012495541;0,030207734;0,027647294;0,015133925;-0,008790222;0,013259515;-0,006379026;0,020352245;0,008688885;0,005447972;0,020781551;-0,002791601;0,042716983;-0,00052731;0,009826987;0,006208039;0,079965693;0,018532454
2021-09-14;-0,01437377;0,005504653;0,006896373;-0,004929874;-0,0070654;-0,006550969;-0,007310297;0,029970277;0,006583679;-0,012460803;-0,00758121;0,001661091;0,038903618;-0,001432796;-0,003526505;0;0,004603743;0,006630891;0,001454159;-0,000287693;0,006063145;-0,006170715;-0,016949027;0,005649692;-0,023509182;0,005610079;0,026172548;-0,010385055;-0,002685001;-0,006191203;0,008009522;-0,007329193;0,01447386;-0,025520494;-0,007070674;-0,001432525;0,012339037;-0,0103503;-0,001915742
2021-09-15;-0,016249777;-0,025547476;-0,003542437;-0,005661541;-0,007662965;-0,008949256;-0,007868662;0,010803893;-0,000726426;-0,044164181;0,002083527;-0,023217163;0,002127623;-0,004304102;-0,0065722;-0,009206051;-0,010692545;-0,002470083;-0,007985571;-0,015804261;-0,010847997;-0,016212335;-0,010344842;-0,015783892;-0,02407517;-0,004648929;0,020191321;-0,018698814;-0,006923055;-0,020585313;-0,032017311;-0,011484923;0,011673071;-0,015851028;-0,024975982;-0,000789863;0,011681195;0,004826862;-0,009622916
2021-09-16;-0,00677696;0,006866431;-0,005451649;0,004982346;-0,018753297;-0,012832561;0,016206918;-0,009690797;0,002181754;0,003300447;0;-0,008488882;0,004246302;-0,003241939;0,002035541;0,00394895;0,001029353;0,005365153;-0,034028513;-0,021021873;0,018684203;-0,000701593;-0,002961579;0,012503447;-0,015042014;0,010275548;0,024999823;0,011471878;0,010844329;0,009679226;0,002173179;0,014108016;-0,005128077;0,00840325;-0,041530605;0,011857617;0,001506042;-0,002802058;-0,011028741
2021-09-17;-0,014499086;-0,024178584;-0,007507318;0,004249342;-0,028667683;-0,036109916;-0,017984316;-0,050079098;-0,001451633;-0,023026207;0,009701929;0,061643804;-0,010993828;0,004698225;-0,001015672;0,006941037;-0,002056678;-0,013957563;-0,068181735;-0,001789652;-0,007974457;-0,023859368;-0,005067572;-0,018791987;0,01221745;-0,018955128;-0,012194925;0,003267948;0,008045827;-0,022185754;0,014454575;-0,004909927;-0,024227015;-0,03541662;-0,020243221;-0,019921921;-0,017794695;-0,018867871;-0,020695291
2021-09-20;0,011683276;-0,008259172;-0,003721777;-0,035261184;-0,034143544;-0,03746269;-0,032481034;-0,115437067;-0,00145352;-0,03367037;-0,019217612;0,037096905;-0,015818551;-0,007553944;-0,014235042;-0,021139707;-0,005151797;-0,018317778;-0,009349804;-0,00985946;-0,010852034;-0,022645703;-0,026343366;-0,022982267;-0,031382113;-0,017436519;-0,004115312;-0,028549363;-0,013682969;-0,029131493;-0,006412232;-0,018092011;-0,025356398;-0,015838813;-0,03946604;-0,019928109;-0,007654888;-0,013093449;-0,023286282
2021-09-21;0,021385622;0,003203017;0,045553285;-0,009502873;0,013181563;0,014530516;0,025356955;0,001198809;0,015284177;0,041811868;0,025892246;0,01088632;0,012163313;0,015585203;0,028881147;0,021831001;0,008285813;0,006785332;-0,009027311;-0,011164733;0,008939405;-0,002574286;0,029762009;0,023522876;0,0211838;0,018705095;-0,003099324;0,008875808;-0,011560658;-0,002596738;0,009321501;0,010887347;0,005419918;0,036576427;0,016555874;0,023993428;0,022113478;0,034825819;0,01291757
2021-09-22;-0,002931157;0,00383149;-0,002997023;0,051660466;0,022471506;0,01483346;0,023337114;-0,020697849;0,007168503;0,016722627;0,013642666;0,027692189;0,002575154;-0,012490937;0,018044992;0,004594689;-0,005136099;-0,012215715;0,058384923;0,003051461;-0,003624701;0,023229998;0,011035007;0,005156275;-0,003050663;0,010357792;-0,005181139;0,010752539;-0,013645506;0,015620831;0,030073026;0,017398958;0,053369216;0,031051596;0,035544527;0,002382763;0,020629499;-0,001602508;0,018430839
2021-09-23;-0,010079906;0,010177995;0,016762944;-0,023859459;0,034124414;0,044355007;0,002382615;-0,011353779;0,002134731;0,013157991;0,004037567;0,004491223;0,020975852;0,0010841;-0,043328457;0,002972785;-0,003613803;-0,002132193;0,056338263;-0,000912618;0,005658899;0,034595144;0,006583633;0,016115467;-0,028763632;0,044268397;0,013541513;-0,003481652;0,005929052;0,030190266;0,008046111;0,007329077;0,001279499;0,095140259;-3,50524E-05;0,00594306;0,014788793;-0,003210247;0,015870754
2021-09-24;-0,014000698;-0,002518784;0,023308977;-0,00215699;-0,013423054;-0,022200779;-0,007810064;0,024028224;0,004971809;-0,022727527;0,004021527;-0,004471143;0;-0,006859173;0;-0,009347885;-0,011140028;-0,00854677;-0,01407436;-0,00456761;0,003215338;-0,01393265;-0,021514718;-0,00591364;-0,01512305;0,011155885;0,045220996;-0,001164637;-0,002750327;-0,027923612;-0,016419485;-0,010509459;-0,02887817;-0,01437483;-0,015460572;-0,009846477;0,004129579;-0,00161025;-0,006847033
2021-09-27;-0,001721087;-0,000631364;-0,027333489;-0,014409151;0,020974896;0,030108743;0,022245142;-0,008454001;0,023321521;-0,023255615;-0,009004021;0,013473256;-0,014674894;-0,012359218;-0,013381361;-0,012197994;-0,006811467;-0,028017414;0,003756747;-0,011012425;-0,009214737;0,026139358;-0,004221642;-0,030557061;-0,039667235;0,071491523;0,01278277;-0,000971615;-0,020882504;0,037827322;0,000231891;0,003268051;-0,02973681;-0,023462448;0,014287424;-0,012728603;-0,011116052;0,004435503;0,002648235
2021-09-28;-0,020258731;-0,024636803;-0,056202894;-0,054093307;-0,022764754;-0,021083251;-0,020422021;-0,030276712;-0,019337015;-0,071428612;-0,023578398;-0,002954447;-0,028510693;-0,003312432;-0,058946161;-0,012115555;-0,004220681;-0,011086455;-0,028094203;-0,002655964;-0,005256562;-0,02271954;-0,018901224;-0,044909364;-0,055296482;0,002471251;0,017475605;-0,016727997;-0,024949821;-0,01260652;-0,022948387;-0,037459246;-0,034445308;-0,026623456;-0,050126964;-0,039484326;-0,004650351;-0,058209683;-0,030453501
2021-09-29;0,005279422;0,003238363;0,004599439;-0,01468315;0,015340806;0,018110703;0,005468301;0,090615518;0,002112938;0,00366303;-0,000710187;-0,01185178;0,008322427;0,004431441;-0,013303838;0,033962377;-0,001589153;0,002242149;0,018359327;0,007200869;-0,002845715;0,017963745;-0,014223863;0,007009314;-0,016925258;0,04026279;0,033396982;-0,007319689;-0,007428784;0,011102039;0,006168152;-0,000846014;-0,003370863;-0,002668335;0,012692209;-0,003775261;-0,019670519;0,034953089;0,008926301
2021-09-30;-0,005689338;-0,012265931;-0,001566451;-0,000784677;-0,000559708;0,001442237;-0,017675023;-0,023692006;-0,014054793;-0,010948985;-0,01918968;-0,001499112;-0,001737773;-0,009926613;0,01123598;0,004333719;-0,006102649;-0,010290833;0,039509283;-0,000932609;-0,008561072;0,001038145;-0,003130256;-0,001740253;0,028694359;0,013428141;-0,035087887;-0,014348553;-0,02827473;-0,029096666;0,010846657;-0,00027196;0,017474704;-0,014046696;0,00580472;-0,01094722;-0,00601918;-0,021416769;-0,001152043
2021-10-01;0,01232397;-0,001960781;0,034029242;0,038461736;0,021276631;0,024964219;0,022491549;-0,001011176;0,010691169;0,081180787;-0,009420472;-0,026831477;0,029590911;0,002599359;0,036666638;0,008857772;0,004538293;-0,021247797;0,022139923;0,000311207;0,002467472;0,026110964;0,024417302;0,05229535;0,014644385;0,005455878;0,01435413;0,00323505;0,00128374;0,04014687;0,007933507;0,007659747;0,018559478;0,023066375;-0,00052479;0,023839907;0,013626025;0,050925966;0,017309581
2021-10-04;-0,029565325;-0,015062215;-0,065234989;-0,062736182;-0,036369525;-0,028176207;-0,011844449;-0,006241582;-0,007052448;-0,047781731;-0,009509646;-0,008333319;-0,012256857;-0,018518578;-0,038049347;-0,006978961;-0,001062906;-0,02355653;-0,020216348;-0,055987657;-0,003281828;-0,179642726;-0,048386996;-0,05245726;-0,057731967;0,001938067;0,000943547;-0,018742459;-0,050427175;-0,029899422;-0,007700914;-0,015202924;-0,051672604;-0,024535772;-0,009317542;-0,007900268;-0,034603152;-0,053664511;-0,022205492
2021-10-05;-0,025985623;0,00930844;-0,013982403;-0,020161347;0,02334814;0,016883543;0,047602706;0,013070884;0;-0,007168513;0,007385417;-0,013445398;-0,011125367;-0,02226407;-0,024512495;-0,005214192;-0,014365657;0;-0,005158591;-0,003953614;-0,00534947;0,024240071;0,006591112;-0,002622305;-0,002188096;0,01470019;0,020735116;0,004929215;0,003150419;0,028579497;0,014816212;0,002573259;-0,030685448;-0,000679781;-0,007153085;-0,008801374;-0,032232585;-0,009310058;0,000588805
2021-10-06;-0,001839837;-0,005269948;-0,000380228;0,005761293;0,003895625;0,007590598;0,00163483;-0,044906243;-0,01988593;0,003610237;-0,000733304;-0,01873919;-0,00735609;-0,02199922;-0,001142262;-0,022105629;0,008906884;0;-0,019999937;-0,013893667;0,003723457;0,003208717;0,003928923;-0,01256211;0,057017528;-0,007243613;0,004616825;-0,034947663;0,012112774;0,00354098;-0,007647258;-0,009409941;-0,013313641;-0,025850505;0,028152083;-0,016913303;-0,000533099;-0,003417408;0,000923428
2021-10-07;-0,001382503;-0,001324528;0,005953433;0,003273361;-0,021063938;-0,024952827;-0,010444199;-0,006315732;-0,004348142;0,046762636;-0,00220111;-0,013889019;0,010897902;0,003157054;-0,018296058;0,009321534;-0,004280432;0;0,016250603;-0,019456625;-0,00948051;-0,021191654;-0,016213004;-0,000887549;-0,029737262;-0,012672838;-0,000919162;-0,025836682;0,022606654;-0,01465772;0,008873931;0,001727195;0,000599673;-0,014664674;0,029846798;0,034408683;0,001332892;0,098156972;0,000226122
2021-10-08;0,057221917;0,01856758;0,058927176;0,018760142;0,01528859;0,006759709;0,021108145;0,022069126;0,028384231;0,034364227;0,016911848;0,015845178;0,007762018;0,023996889;0,04309835;0,027938222;0,009672187;0,006149494;0,010784953;0,004789716;0,01581365;0,00735326;0,042811029;0,027539212;0,066999347;0,017114037;0,016559326;0,025434664;0,006501789;0,020660902;0,041667088;0,044827574;0,038657596;0,041814354;0,006174331;0,027442662;0,029020296;0,046057674;0,020328254
2021-10-11;-0,020514967;-0,007812406;-0,012960614;-0,028823041;-0,018963015;-0,018225427;-0,007751926;-0,023838264;0,031847506;-0,01661114;0,00072323;-0,029462862;-0,024390284;-0,002689233;-0,010608663;0,015947901;0,010644038;0;-0,00036769;0,002723923;0,009831851;-0,017437224;-0,007084511;-0,023054864;-0,039412219;0,008030579;-0,006334949;-0,034979895;-0,047373031;-0,031038991;0,006444306;-0,00082512;-0,016733819;0,012244776;0,022166784;0,003642447;-0,000776367;-0,028731308;-0,005787314
2021-10-13;0,037878871;0,017716423;0,034814896;0,059357115;0,00511713;-0,002931253;0,00130217;0,038931192;0,028806259;0,064189184;0,028901522;0,019643029;0,031578971;0,026579378;0,026523886;0,017024074;0,014218053;0,01128349;0,016930364;0,005433124;0,008519287;0,001238441;0,016099524;0,02595886;0,00834496;0,026555415;0,005464748;0,016256624;0,020343668;0,00027878;0,015676982;0,028075977;0,048708862;0,019489358;-0,029649684;0,010887045;0,050750957;0,045716461;0,011374577
2021-10-14;-0,019750868;-0,001289515;-0,0058206;-0,009338719;-0,009615703;-0,009308914;-0,004876588;-0,016351586;0,006000131;-0,022222117;0,002809029;0,003502576;-0,000850236;-0,01388374;-0,022539931;0,003260952;-0,000259745;-0,005113879;0,019182021;-0,012158335;0,000804589;-0,00494703;0,000359988;-0,005175404;-0,022758566;0,023651207;-0,019927698;-0,022913924;0,011519906;0,005569263;-0,004347952;0,002409636;0,013430406;-0,015820641;0;-0,003590037;0,000493031;-0,01285814;-0,002388591
2021-10-15;0,004817961;0,00258236;0,044028034;0,03299297;0,043974715;0,05242301;0,031689253;0,020432924;-0,005964344;0,009739966;-0,000700041;0,026178074;-0,010638387;-0,007610374;0,0224971;-0,005416986;0,001038617;-0,001402075;0,000355076;0,024957057;-0,004019388;0,02568348;0,019258672;0,033236847;0,027522897;-0,019855704;-0,011090497;0,014601634;0,008322182;0,039878089;0,008078583;0,007211643;-0,025676409;0,010046772;0,018686652;-0,017214032;-0,011822842;0,004093803;0,012925741
2021-10-18;0,013077629;0,005795225;-0,012786192;-0,01749036;0,010941311;0,017387716;0,01994917;0,003902927;0,007333289;0;0,004905315;0,011904587;0,000430191;0,020322229;0,001650115;0,00326794;0,002334713;0,009358961;0,000355011;0,01667803;0,006053358;0,006866426;-0,006710399;0,006713491;-0,019230812;-0,024309443;-0,030841167;0,007195905;-0,013466432;0,012482985;0,006064032;-0,007160008;0,014451694;0,022546313;-0,009419854;0,007332159;0,005982094;0,001111816;-0,001918917
2021-10-19;-0,054216932;-0,030729782;-0,053056047;-0,030959681;-0,033008839;-0,030947311;-0,049053177;-0,028228527;-0,022501539;-0,06752408;-0,028591207;-0,018487342;-0,030524714;-0,020293319;-0,071938488;-0,042128245;-0,010351863;-0,048215048;-0,01242007;-0,041010604;-0,018050592;-0,023666396;-0,047644384;-0,043345326;-0,038515314;-0,01774249;-0,026036625;0,0123405;-0,019815141;-0,043013889;-0,011625138;-0,017627884;-0,039385764;-0,052529074;-0,011511442;-0,06025059;-0,025024857;-0,068122861;-0,032815395
2021-10-20;-0,010463847;0,017833441;-0,008638216;0,049520716;0,036933346;0,034318426;0,018609311;0,031309738;0,00473944;0,003448302;0;0,003424608;-0,017294798;0,001534375;-0,01479279;0,003173895;0,019874429;-0,007793319;-0,015091584;0,002736969;0,002859446;0,026705275;-0,032294205;0,020621568;-0,033503377;-0,010760787;-0,035643647;0,01454202;-0,024707938;0,033209343;0,001960745;0,008156173;-0,027042562;0,013689231;-0,029493678;0,000860556;0,019568022;-0,009137801;0,001021026
2021-10-21;-0,055172446;-0,017520982;-0,034975342;-0,009893657;-0,02860206;-0,020736986;-0,044230696;-0,039298346;-0,071428468;-0,065292002;-0,027279426;-0,018771277;-0,039259837;-0,022213667;-0,063663613;-0,027796553;-0,011538601;-0,017182357;-0,031010825;-0,025929734;-0,015478481;-0,020408676;-0,046874898;-0,049800805;-0,06480783;-0,017482694;-0,041067823;0,008431895;-0,015661304;-0,017733499;-0,015652562;-0,030744039;-0,026897666;-0,057393731;-0,0196948;-0,052880333;-0,019192464;-0,037690524;-0,027539581
2021-10-22;-0,032603633;-0,00924712;-0,020692155;-0,029977039;-0,03277805;-0,037647198;-0,030516607;-0,036692409;-0,029753574;-0,036764563;-0,002952071;-0,033043442;-0,017379153;-0,014884477;-0,026298997;-0,034170122;-0,017639172;-0,02597363;0,006400706;-0,020665487;-0,007033468;-0,038398652;-0,031572743;-0,040132269;0,000805865;-0,006722035;-0,004282626;-0,004598418;0,009359329;-0,020592181;-0,015900803;-0,009182154;-0,020884636;-0,032951147;0,012240703;-0,02360427;-0,011689969;-0,056250016;-0,013356848
2021-10-25;0,005533734;0,018000053;0,030221681;0,021394959;0,0160832;0,015158943;0,02075422;0,021140829;0,007479595;0,030534035;0,021465725;0;0,035850862;0,017892601;0,013833975;0,017328481;0,021124776;0,030256228;0,04601557;0,028254659;0,01083312;0,019540986;0,013375217;0,024961387;-0,006441299;-0,011942606;-0,004300926;0,011339555;0,038479231;0,029665807;0,007181359;0,008424511;0,047051356;0,016296293;0,012092385;0,051603869;0,016971059;-0,013244952;0,022757206
2021-10-26;-0,035518061;-0,007203601;-0,037539075;-0,057408992;-0,023177142;-0,022639682;-0,010504942;0,017847596;-0,007424066;-0,070370273;-0,001449501;0;-0,04383945;0,007812625;-0,050682312;-0,043766336;-0,004137641;-0,017919317;0,003219098;-0,025391252;0;-0,010833077;-0,061662232;-0,041400057;-0,029173475;-0,008460904;-0,034557415;-0,023255816;-0,01517859;-0,019021073;-0,002005301;-0,032581419;0,000599195;-0,035714378;-0,010649354;-0,059681597;0,002781326;-0,055928388;-0,021110242
2021-10-27;0,02437791;0,003957614;0,0056827;-0,002469258;0,016782463;0,013307146;-0,001027442;-0,001227398;0,005235373;0,055776633;0,009434044;-0,00539572;-0,008204495;0,020155024;0,040383441;0,014844313;0,024928809;-0,035985927;-0,024955507;0,017844247;0,011129486;0,007582283;0,018901042;0,027945095;-0,031719425;0,026818303;0,014541475;0,011054599;0,041704546;-0,000285024;-0,004465634;-0,017271037;-0,005988241;0,038548703;-0,022709546;0,015984721;-0,011598701;0,037914593;-0,000535614
2021-10-28;-0,020759765;0,097240615;-0,024528062;-0,006600553;-0,009675905;-0,003404729;-0,008913346;-0,009304731;-0,035713821;-0,041509539;-0,016534946;-0,003616584;-0,019951514;-0,018237024;-0,052631772;-0,04241837;-0,013681494;-0,035751874;0,0018279;-0,016829996;-0,010599168;-0,002090204;-0,008843747;-0,00061804;-0,038793079;-0,00435292;0,002205179;-0,004625794;-0,011749358;0;0,009195207;-0,014059592;-0,008734761;-0,026928471;-0,01007374;-0,018047139;-0,034948909;-0,013698546;-0,006186362
2021-10-29;-0,008273218;0,017365264;-0,027119486;-0,01079719;-0,022988042;-0,028794574;-0,014181875;-0,034910546;-0,006172737;-0,023621678;-0,005116876;-0,02359347;-0,017378165;0,018188734;-0,021527525;0,005346217;-0,000513751;0,026717525;-0,018247894;0,000713098;0,002059929;-0,023460484;-0,014145831;-0,003709153;-0,030493351;0,053259005;0,071507019;-0,013941873;0,023778093;-0,018825059;0,011555273;0;-0,004557834;-0,023934292;-0,028358089;-0,011310075;-0,021940537;-0,03425916;-0,02085048
2021-11-01;0,034932409;0,021777527;0,028552129;0,005877388;0,032352437;0,034673392;0,022807315;-0,014873309;0,011646095;0,129032189;0,031594285;0,018587327;0,020212099;-0,009882264;0,03122768;0,020764728;0,005140149;0,014869961;-0,011152521;0,028154045;0,022615505;0,039826161;0,006181043;0,030096267;0,04532842;-0,03999993;0,005133492;0,014625451;0,01075267;0,04534902;0,022847093;0,021390093;0,010378662;-0,002298755;0,009914768;0,037178325;-0,001080667;0,01581961;0,019806572
2021-11-03;0,03979831;0,027073639;0,053282228;0,001669563;-0,002438161;-0,00831407;0,006517671;0,008760546;0,022255984;0,032142795;0,024928976;0,020072933;0,018325909;0,024952195;0,039917518;0,023567329;0,020710746;0,05075851;-0,039473929;0,030155724;0,00120586;0,009496109;0,059675334;0,05;0,022123977;0,01611633;0,026557643;0,015812102;0,014893648;0,009454815;0,066151072;0,083770279;0,036857809;0,03456226;-0,075912682;0,050551452;0,019480302;0,068428558;0,00062529
2021-11-04;-0,017926089;0,002804419;-0,005745705;-0,005000152;-0,054316703;-0,06617637;-0,023517485;-0,016444994;-0,021021133;-0,079584788;-0,119527638;-0,019677939;-0,016050519;-0,004869005;-0,021839904;-0,030295652;-0,003256522;-0,004481882;-0,000782496;-0,020524654;-0,01651972;-0,05276038;-0,000828359;-0,021801815;-0,040692673;0,035976905;0,036816057;-0,007151892;0,018029218;-0,041322246;0,000805705;-0,005636667;0,003787737;-0,080920488;-0,011372044;-0,037182745;0,001061503;-0,028710292;-0,020877321
2021-11-05;0,027626622;0,001118382;-0,00527631;0,036013353;0,040507713;0,049343747;0,022338916;0,027428138;0,013036977;0,007518748;-0,011838877;0,007299397;0,027187408;0,011667198;0,056157027;0,015246115;-0,007288337;0,035017711;-0,039952905;0,005839946;-0,007327605;-0,012090108;0,037919894;0,019354958;0,122743676;-0,015310019;-0,001919479;0,02161023;-0,002883127;0,01130325;0,012681269;0,041295501;0,0159656;0,006461765;-0,02966562;0,027260128;-0,001060378;0,022282764;0,013654121
2021-11-08;-0,026403942;-0,00893851;-0,033846782;-0,010509512;-0,019755645;-0,023011598;0,006486518;0,020113423;0,000756786;0,044776247;0,015974552;-0,012681205;-0,006737336;-0,007812394;-0,043561851;-0,007385514;0,000759638;-0,010633237;0,039755289;-0,013319481;-0,003907839;-0,005244648;-0,031942614;-0,018987456;-0,040996854;0,019340189;0,002884756;-0,000829888;-0,000412887;-0,003781194;0,009739708;-0,003887765;-0,014285821;0;0,054437759;-0,015037669;-0,015392698;0,016014253;-0,000410211
2021-11-09;0,033037472;0,008455454;-0,003268145;0,032679949;-0,007706438;-0,011265167;-0,001356665;0,009141386;0,018910924;0;0,012578345;0,012844083;0,018410849;0,01124863;0,045545915;0,014136839;0,003794603;0,019540756;0,00798318;0,021806585;-0,003487263;-0,010105391;0,0228913;0,04258094;0,10058675;-0,00148818;-0,002876458;0,019925651;0,007437994;-0,015182629;-0,019881441;0;0,017681095;0,044943966;-0,024556171;0,027391014;-0,008356061;-0,002626879;0,007195961
2021-11-10;0,01766117;-0,007825542;0,019672204;0,002373357;0,04719282;0,055930216;0,045856133;-0,118827683;0,021529223;-0,017856975;0,018633805;0,01449254;0,012369265;0,027067085;0,036514962;0,021765862;0,009828742;0,010062323;-0,012505203;-0,012872829;0,008748777;0,025299469;0,018145305;0,013613847;-0,008377673;-0,031296521;-0,010576904;0,013837955;-0,038145771;0,033204786;-0,008636956;0,021077145;-0,000284951;-0,003840436;-0,003791359;0,004370828;-0,01386227;0,022827001;0,004102904
2021-11-11;0,050656523;-0,007887195;0,037942005;0,037884774;0,009697548;0,004904164;-0,019162075;-0,029429545;0,013808441;0,007272372;0,016006267;-0,001785688;0,027255574;0,012274353;0,024103856;0,023695455;0,00474156;0,015180213;0,059940887;0,008922527;0,001734668;-0,002164542;0,051881396;0,0357141;0,048387066;0,005769253;-0,023156809;-0,010437858;-0,023880641;-0,005164846;-0,003038862;0,00611638;0,035897845;0,03546666;0,035317434;0,008703385;0,00606391;0,039484989;0,016580477
2021-11-12;-0,002678177;-0,005678698;-0,032961285;-0,007604482;0,003389356;0,009760462;-0,001655491;0,00726898;-0,002150804;0,007220271;0,005250906;0,023255819;-0,03430924;-0,028530672;-0,039830991;0,021977925;-0,013909637;-0,033177437;0,011549084;0,000680422;-0,000432998;-0,002168792;-0,027861667;-0,050103008;-0,183150151;0,013766738;-0,041025516;0,002839964;-0,000436981;0,009518241;0,001422532;-0,003799458;-0,022002542;0,003722853;0,004264011;-0,017687856;-0,023287461;-0,01692828;-0,013116732
2021-11-16;-0,011190909;0;-0,055868911;-0,022988346;-0,002251546;-0,001449561;-0,013930682;-0,006185618;-0,015804502;-0,064516012;-0,027611644;-0,022727278;-0,015158636;-0,040014664;-0,058453869;-0,008693461;-0,008564282;-0,033349774;0,001575171;-0,012576682;-0,013858544;-0,010435075;-0,014523638;-0,031647673;-0,126457424;-0,03017737;-0,040641841;-0,006876946;0,008563264;-0,02114293;0,004464206;-0,012204444;-0,022216085;-0,016320304;-0,028843261;-0,019323597;-0,00757398;-0,055858842;-0,016968922
2021-11-17;-0,015391633;0,001713374;-0,042209552;-0,007059083;0,003385782;0,004356067;-0,01412703;-0,041286342;-0,020438064;-0,015325677;-0,019186596;-0,003577765;0,001442875;-0,037858475;-0,026034658;-0,030463945;-0,006351507;-0,042999919;-0,004717329;-0,009982785;-0,007905477;0,003954418;0,012183167;-0,007369404;-0,048254661;-0,010890761;-0,033444684;-0,015071314;0,013495943;0,004086324;-0,004848407;-0,010038851;-0,007477549;0,008295624;-0,020051387;-0,01567404;0,011023433;0;-0,014955793
2021-11-18;0,010574497;0,003420606;0,034433927;-0,015007811;-0,012373592;-0,009638234;-0,007505865;0,008223344;0,002980577;-0,007782159;0,00391214;-0,00897653;0,007204591;0,002384705;-0,004112448;0,007855431;0,003324056;0,003134914;-0,0410742;0,009040656;-0,000885323;-0,016630452;0,021549108;0,028082631;-0,03020503;0,022021352;0,029988339;-0,014474744;-0,006443435;-0,001162717;0,007308295;0;0,024630518;0,01121902;-0,041076905;0,01000924;0,004193427;0,021352337;-0,004089562
2021-11-19;0,016833772;-0,011931799;0,041232889;0;0,001708189;-0,000973411;-0,001375134;0,012234313;0,011144147;-0,015686172;0,018706313;0,010869405;0,004291874;0,021015014;0,040605701;0,015351773;0,012996838;0,004687437;0,021004918;-0,00310144;-0,000442942;-0,008455655;0,022805141;0,014756833;0,03114579;-0,003847574;-0,00447927;-0,036508964;0,009511342;-0,006111684;0,068117601;0,051482447;-0,00113117;0,005177468;0,027274302;-0,001351543;-0,00361904;-0,024390239;0,004984199
2021-11-22;-0,02326646;-0,004025343;-0,036048044;-0,029671291;-0,013075027;-0,017048246;-0,005508017;-0,003816712;-0,013225746;-0,039840596;-0,022953217;-0,012544735;-0,018993333;-0,011262113;-0,047619216;-0,003024018;-0,013081883;-0,030067436;0,02581684;-0,007604656;-0,004875865;0,002477668;-0,019323896;-0,035272468;-0,046386187;-0,032445014;-0,021372217;-0,037020609;-0,000428256;-0,004392387;-0,020377171;0,017062047;-0,062853826;-0,026490057;0,055598994;-0,016237909;-0,031294022;-0,027231964;-0,008861067
2021-11-23;-0,005955063;-0,006928324;-0,030025771;-0,009917194;0,024769143;0,019326521;0,041810699;0,066836935;0,016381483;-0,016597516;0,023492444;0,007259538;0,029525769;0,004320477;0,001389128;0,019598579;0,000509822;-0,004275599;0,005898605;-0,007314543;0,007572401;0,016765369;0,013452403;-0,000962088;-0,027149339;0,02674644;0,036781616;0,012211482;0,010711269;0,006176471;-0,017719551;0,010941318;-0,049849048;0,049886704;0,026335157;0,028427145;-0,014709736;-0,022028572;0,015089795
2021-11-24;0,001382394;-0,00581392;0,003236188;0,017529233;0,017987686;0,025765478;0,018524945;0,018755029;-0,012454147;0,037974607;-0,016067284;-0,005405326;-0,002821025;0,001955522;0,005547795;0,015332008;-0,003566759;-0,002147226;0,016419231;-0,000350794;0,008399416;0,026738254;-0,011591059;-0,017335398;0,025581438;-0,021384032;-0,012195337;0,006255724;-0,005934405;0,020169466;-0,004509872;0,006493293;0,021303566;-0,003599726;0,02320888;-0,01471247;-0,018442869;0,018770482;0,008209294
2021-11-25;0,025310574;0,00760223;0,007152914;0,014766098;0,003865413;0,008056542;0,051917622;0,014296859;0,012611209;0,016260283;0,019440011;0,023550494;0,014615899;0,015222471;0,048965574;0,01532552;0,005880987;0,019365274;0,009230775;0,012285069;0,005261041;0,009114779;0,023453553;0,005226849;-0,0136054;-0,028605384;0,00336713;0,045292994;0,002132057;0,016618839;0,010439038;0,018637732;0,008406137;0,021676305;-0,006762578;0,007692226;0,008052735;0,022570252;0,012409821
2021-11-26;-0,06193888;-0,031340562;-0,037181481;-0,047695966;-0,035203698;-0,039962429;-0,033008324;-0,02761143;-0,019047585;-0,060000157;-0,014492471;-0,026548627;-0,010223267;-0,009996245;-0,041420222;-0,0186459;-0,00864274;-0,049076391;-0,026296091;-0,034674008;0;-0,018925075;-0,032341341;-0,045823697;-0,073563262;-0,030675018;-0,026845554;-0,027612467;-0,035744444;-0,040304331;-0,008966613;-0,023926721;-0,032726174;-0,03536074;-0,026382934;-0,026942053;-0,032840516;-0,059008991;-0,033900067
2021-11-29;-0,003349431;-0,020970777;-0,013595683;-0,02376938;-0,00570108;-0,007345297;0,001625417;0,036536942;0,00448071;0,025532046;0,010061564;0,01272732;0,00845086;0,023301145;-0,037037003;0,028274056;-0,003589712;-0,007769364;0,009784899;-0,017600916;0,009594376;-0,006576069;-0,002100606;-0,014305297;-0,002481364;0,007595125;-0,005747155;-0,001747511;-0,002206959;-0,002936858;-0,010228309;0,001442231;0,025853714;0,040322577;0,012529043;-0,000461148;-0,008565283;0,001436044;0,005771639
2021-11-30;-0,012961873;-0,01713581;-0,015249264;-0,033912962;-0,024082528;-0,017760308;0,0334307;-0,041187789;-0,023048036;0,029045623;-0,017624173;-0,001795306;-0,010707749;0,001897443;-0,031338979;-0,001539675;-0,008492024;-0,02293067;0;-0,008409271;0,006479523;-0,012356886;-0,021818575;-0,016931536;-0,029850764;-0,012981675;-0,008092538;-0,025820472;-0,010172554;-0,029749709;-0,000596236;-0,006479574;-0,014001213;0,01691342;0,006474846;0,004616648;-0,005553683;0,043499178;-0,008743945
2021-12-01;-0,045719926;-0,012453305;0,023228279;-0,009000805;-0,005287856;-0,004018361;-0,016959805;0,054545347;-0,013698577;-0,048387226;-0,010920588;0,012589859;-0,001411741;0,010227228;-0,031617643;-0,002423471;-0,004152855;-0,030910021;0,014341095;-0,011799563;0,002575037;-0,006365874;-0,013695661;-0,005624132;-0,117948735;-0,072125691;-0,02097905;-0,025157247;-0,025469096;-0,011839633;-0,006163831;-0,000724773;-0,059324721;-0,035343065;0,004003059;-0,027113899;0,00806716;0,002748316;-0,011185792
2021-12-02;0,042304042;0,009457817;0,052095392;0,040872011;0,05009479;0,050930191;0,027475978;0,095111856;0,033950761;0,042372961;0,055205036;0,012433439;0,03393038;0,0337457;0,055428866;0,015459361;0,023195535;0,059066875;0,056935548;0,02835823;0,035530936;0,037804292;0,065661366;0,011311614;-0,017441872;0,012345687;0,011904822;0,038709645;0,019257295;0,029492933;0,005201904;-0,00507617;0,01543098;0,023706811;0,04641873;0,015115527;0,007079039;0,058017411;0,036626147
2021-12-03;0,022004656;-0,00062466;0,026002601;0,014834184;0,002815379;-0,002882222;0,001244045;0,0467128;0,029850702;0,008130142;-0,001494789;0,005263193;0,019598863;0,011606876;0,074100818;0,003262254;0,005348996;0,035136533;0,006869113;0,026124933;0,005373974;-0,003468888;0,02122112;0,02236983;0,04289942;-0,05736214;0,014117603;-0,003549505;0,026540517;-0,001790511;0,012141525;0,003644482;0,007598309;0,034386138;-0,022043719;0,019078732;0,001833428;0,025906765;0,005781785
2021-12-06;0,02153099;0,005000094;0,020691998;0,012897734;0,011791513;0,021195167;0,027018489;0,0975207;-0,009420493;0,032257849;-0,014970164;0;-0,021457324;-0,012907767;0,031480212;0,002167803;0,006840526;-0,005388134;0,023339265;0,002828831;-0,000822555;0,011749235;-0,001640349;0,018461719;0,035461063;-0,000958437;0;-0,004006887;-0,001314513;0,012855393;-0,014749281;-0,012345833;0,003934516;0,01560369;0,054264514;0,009132351;0,007016738;0,002946116;0,017026744
2021-12-07;-0,035128629;0,001243728;-0,013182371;0,022919995;-0,013318634;-0,011792838;-0,014212422;0,002710852;0,005852471;-0,027343518;0,007598676;0,00349035;0,003654575;-0,01162383;-0,013636268;-0,014060066;-0,010820461;0,018418472;0,015789689;0,012341303;-0,007818822;-0,012472976;-0,01606735;-0,011077787;0,043835459;0,019184704;0,005800556;-0,009834785;0,021500851;-0,022432261;-0,002794226;-0,013235279;0,024820385;-0,005344028;0,007390934;0,004525032;0,04695548;-0,005874924;0,00654133
2021-12-08;0,049514742;-0,001242183;0,034408438;0,005809105;-0,002811877;-0,006205034;0,004601275;-0,015620304;0,016727075;0,052208992;0,019608337;0,034782547;0,010923996;0,00588036;0,052666099;0,00394899;-0,00127174;0,023936127;-0,000691118;0,009056161;0,010783929;-0,009582202;0,038597096;0,004752218;-0,106299159;0,06305887;0,011533833;-0,009029253;0,020188836;-0,002415305;-0,017614168;-0,0067064;0,024856574;0,032236438;-0,007467623;0,033783824;0,042823785;0,030392603;0,005001952
2021-12-09;-0,022664763;-0,016791169;-0,012914232;-0,033828417;-0,029893264;-0,025456279;-0,022289897;-0,068980853;-0,010729737;-0,011450571;-0,022189759;-0,003361403;-0,008554656;-0,006211125;-0,030018768;0,003059626;-0,006877027;-0,010389592;0,000691596;0,004142103;-0,002872514;-0,026825118;-0,013042667;-0,045608;-0,077826696;-0,026117859;-0,034207392;-0,015034073;-0,008438055;-0,031477302;-0,019559686;-0,019504712;-0,019278621;-0,022121059;-0,007655855;-0,028758341;0,012763724;-0,036870085;-0,01669812
2021-12-10;0,051112388;0,008855245;0,030130601;0,057216069;0;-0,003942958;0,014990531;0,003703684;0,010122921;0,119691026;-0,015884979;0,008431689;0,01089919;-0,000839335;0,058671909;0,011110973;0,006411688;0;0,022106836;0,015125504;-0,003291883;0,001355475;0,026430134;0,005309631;0,014331202;0,000909274;0,015348351;0,005087922;0,022137069;-0,005624921;0,020365529;0,013006832;0,025047555;0,016633315;0,006251716;0,02512347;-0,019178135;0,022543636;0,013801733
2021-12-13;-0,004952458;0,003761749;-0,003463517;-0,018578211;-0,016278849;-0,018307643;-0,008307612;-0,008118068;0,001431561;-0,093103271;0,003074492;0,00836119;-0,004043153;0,019637528;-0,035931838;-0,002370208;0,007390313;0;-0,004393323;-0,007111353;0,00743188;-0,026624146;0,009347494;-0,020774443;-0,050235441;0,002270562;0,016278924;-0,012885584;-0,002082623;0,002514142;-0,002036669;-0,013595255;-0,009588593;0,01767032;0,029213615;0,004814072;-0,005586532;-0,016639161;-0,00348002
2021-12-14;-0,037556741;0,009993788;-0,023686966;-0,004115275;0,013593174;0,015120573;0,000155678;-0,022879515;0,006433088;-0,049429696;0,003831635;0,001658457;0,001353252;0,014444423;-0,029690511;-0,007343398;-0,011383633;-0,035695708;-0,004752341;-0,009549793;-0,004508281;0,009735534;0,004543125;-0,048903304;-0,051239719;0,067965627;0,012585975;-0,020046641;0,007512498;-0,00909091;-0,00204042;-0,005359907;-0,034978208;-0,018006488;-0,00012863;-0,018728275;-0,008708024;-0,024534564;-0,005801663
2021-12-15;0,010813468;-0,005565853;0,043116987;-0,003305638;-0,000582965;0;-0,017155273;0,061869429;0,002841189;0,019999809;0,013740542;-0,006622526;0,020829773;0,002920784;0,013020942;0,002828833;0,007676326;0,046271305;-0,005456994;0,012741018;0,008233825;-0,003214066;0,031309648;0,020415788;0,074912883;-0,013152354;0,111864367;0,027592859;-0,0062136;0,011705158;-0,004294851;0,009237973;0,029126215;-0,003929259;-0,005651651;0,004530818;0,009067868;0,014744099;0,00571375
2021-12-16;-0,007441939;0,001243728;-0,02553386;0,00082901;0,010501308;0,012413374;-0,003173777;-0,00591609;-0,012039487;0,011764684;-0,009789346;-0,001666642;0,002693041;-0,005096441;-0,003856003;-0,017574563;-0,009649458;-0,022372652;0,022976684;-0,003400253;0,00122506;0,010133789;0,007421226;-0,029270304;0,03727719;-0,014187475;0,007113538;-0,009259384;0,002918068;0,006566525;0,009241828;-0,00305103;-0,045911987;0,008546953;0,039141994;0,000444398;-0,000280802;0,010683849;0,007842042
2021-12-17;0,024367534;-0,001863427;-0,012453213;0,019884248;-0,027712902;-0,027954789;-0,034383883;-0,004688928;0,012186203;-0,003875889;0;0,008347231;-0,008952601;0,016099487;0,000645037;0,007067213;0,003333521;-0,016498165;-0,027488892;0,005117742;-0,003670476;-0,021888034;-0,04972381;0,001526902;0,040624921;0,037069273;-0,002018021;-0,019626156;0,007896823;-0,020192451;0,002238867;-0,001530292;-0,021423667;-0,009778323;-0,015788122;-0,018214221;-0,02106738;-0,082875288;-0,009342772
2021-12-20;-0,043915964;-0,002999856;-0,018126792;-0,034931177;-0,01900269;-0,020686483;-0,030003296;0,004711017;-0,014872518;-0,01945507;-0,006083628;-0,016556263;-0,021228462;-0,014763983;-0,011605457;-0,023464933;-0,00690023;-0,027056232;-0,059289873;-0,019687548;-0,007777317;-0,01538507;-0,011144173;-0,037347747;-0,049549434;-0,018923417;0,012133595;-0,007626187;-0,004123757;-0,032974082;-0,004061234;-0,009961601;-0,01751448;-0,057274618;-0,011241556;-0,025791856;-0,023206469;-0,016136402;-0,020344959
2021-12-21;-0,003349431;-0,001297144;-0,008026628;-0,030735854;-0,004522975;-0,004283577;0,002719303;0,010820574;-0,007189229;0,007936009;-0,00306027;-0,018518465;-0,015228428;-0,006944489;-0,010437028;-0,009431937;-0,00488938;-0,010914409;0,01648931;-0,006233028;0,00247497;0,001420778;-0,001785792;-0,022565049;0,01421793;0,002571818;0,030969;-0,005283309;0,001656101;0;0,004077795;0,011141084;-0,001714117;-0,007681564;0,026315597;-0,008360415;-0,002646053;-0,014058121;0,004570558
2021-12-22;-0,001920101;-0,000649299;0,006068743;0,011433659;0,002464015;0,004715006;-0,005762724;0,009812652;-0,00646607;-0,031495754;-0,012279526;0,018867869;0,002811471;-0,001840339;-0,001977528;0,00634779;0;-0,014132306;-0,00937275;-0,009756018;0,013168889;0,003782703;-0,004650936;0,001583859;-0,040498365;-0,014443838;0,004844933;-0,005311601;-0,004547216;-0,006229341;0,012791884;0,003896947;0,005151251;0,004222444;-0,005227659;-0,004215328;-0,007370678;-0,017110386;-0,00242654
2021-12-23;-0,016353848;0,010396304;-0,005763974;-0,010434638;-0,001228979;0,003128384;-0,003750504;0,01130746;-0,006079232;-0,020325126;-0,00932392;-0,010100863;-0,011682284;-0,010693228;-0,001981446;-0,005631941;-0,001810083;-0,002866754;-0,019286845;-0,001407287;-0,007203801;0,005181045;-0,015995893;-0,017479859;0,006493438;0,041704814;0,015429074;0,014563362;0,000830771;0,00527887;-0,000200532;-0,000776299;-0,018107326;0;-0,009634465;-0,010348294;-0,005939847;-0,016924497;-0,00335411
2021-12-27;0,007824042;-0,001286148;0,009976976;-0,006151325;0,010461527;0,011434186;0,002053506;0,002271079;0,006116415;-0,004149292;0,009411674;0,015305897;0,012293243;0,000745483;0,017207056;0,006343596;0,001295222;0,011500657;0,009276355;0,010570655;0,001236149;0,010309699;0,005479529;0,008274858;0,093548412;-0,020237482;-0,009496519;0,004784353;-0,001245122;0,009517473;-0,006015568;0,001553913;0,002435555;0,020322389;-0,002526983;0,012832868;-0,0089632;-0,01278896;0,006101572
2021-12-28;0,028627061;-0,000643864;0,002536231;-0,013262686;-0,000608965;-0,003597092;-0,005806206;-0,001394367;0,003799254;0,00416658;-0,026417957;0;0,001868316;-0,005959051;0,000650651;0,005628137;0,00388109;0,009664512;-0,004043772;0,012900949;-0,002057532;-0,003711104;-0,027248173;0,003693022;0,007374619;0,022900757;0,011505184;-0,005714023;-0,014956242;0,001300224;-0,00447095;-0,010085245;-0,017007886;0,00343408;-0,024065878;0,007508173;0,003617822;0,039362362;-0,006320418
2021-12-29;0,02264107;-0,004510409;-0,009586931;-0,00716836;-0,007312754;-0,004641679;-0,005152751;0;-0,012868818;-0,0082987;-0,003192496;0,006700285;0,00046616;-0,009741462;0,001950605;-0,021043288;-0,005412592;-0,006193662;0,001476551;-0,027286466;-0,004948569;-0,008379906;-0,027077311;-0,022894487;-0,010248925;0,006145837;0,00663491;-0,000478962;0,002952528;-0,012986931;0,006044231;0,010187993;-0,010642117;-0,014373743;0,002595784;-0,017233336;-0,016521446;-0,025887095;-0,007218874
2021-12-30;-0,00092241;-0,001941593;0,032132014;0,005415238;-0,006138613;-0,004662722;-0,003798421;0,005934715;0,005368038;0,029288564;0,017614113;0,018302775;0,01071764;0,015134273;0,024010341;0,009146803;-0,002764086;0,019263539;0,004791685;0,011087241;0,007459821;-0,016431536;0,01727437;0,022593986;0,068047349;-0,037085581;-0,001883107;0,002395616;0,021867011;-0,008552632;-0,001657212;0,020170597;0,026891366;0,009722293;0,009190894;0,014217905;0,007330544;0,011811037;0,006867934
2022-01-03;-0,048014731;-0,005836726;-0,059137647;-0,033382827;0,022235919;0,024986466;-0,001039782;-0,013708197;-0,017544098;-0,028455153;-0,04327301;-0,008719771;-0,023974181;-0,035408173;-0,079847886;-0,036727738;-0,009632948;-0,059477587;0;-0,0290059;-0,003291007;0,027596025;-0,03981122;-0,055646167;-0,06925203;-0,036248284;-0,015094293;-0,040153052;-0,043209868;0,014930325;-0,007885373;-0,039543367;-0,039804585;-0,028885884;0,000513284;-0,049065309;-0,029108792;-0,027237245;-0,008585984
2022-01-04;-0,016488903;-0,001304605;-0,029489304;0,021454888;0,0046724;0,006557012;0,001040864;-0,006333577;-0,000776324;-0,041840957;-0,000822205;-0,01172536;0,006140716;-0,00309101;-0,017906325;-0,012131778;0,002629146;-0,034278813;0,013939815;-0,0054647;0,00123819;0,028359202;0,005698543;-0,012132023;-0,016369074;0,01128346;-0,023946427;-0,011453835;0,004300845;0,014383618;0;0,015043396;-0,040363543;-0,037535465;-0,011794942;-0,005896904;-0,004996743;-0,016500071;-0,003926021
2022-01-05;-0,055226996;-0,019594949;-0,04807397;-0,021004244;-0,006622251;-0,007070949;-0,016637438;-0,047981555;-0,031856978;-0,065502412;-0,018107015;-0,025423647;-0,049765274;-0,015891499;-0,025946744;-0,002255514;-0,014158593;-0,027539911;-0,016642738;-0,017948413;-0,01483907;-0,018987435;-0,028917484;-0,048684133;-0,028744362;-0,007903277;-0,011776374;-0,028211782;-0,046252627;-0,007734287;-0,001255019;-0,009360595;-0,044334945;-0,026490057;0,00947059;-0,043994054;-0,052730673;-0,038637597;-0,024228607
2022-01-06;-0,015135614;-0,01598941;0,018282621;0,024253442;0,010908781;0,014242164;0,008106817;-0,016366051;-0,021669585;-0,023364267;-0,029337798;-0,001739015;-0,023221254;-0,023631426;-0,008639223;-0,009545246;-0,007978628;0,033354394;0,000368239;0,01044384;-0,004602854;0,020276517;0,003822916;0,051175572;-0,026479751;0;-0,000992764;-0,009849765;-0,02110464;0,008119436;-0,016125602;-0,007086592;0,03092792;-0,01436122;0,020177299;-0,006721599;-0,000331512;-0,001057605;0,005494723
2022-01-07;-0,012188851;-0,016249226;-0,007947067;0,023679444;0,004196867;0,014543554;0,001048871;-0,002836023;0,005742652;-0,009569447;0,00086357;-0,019163917;0,002023195;0,022186263;0,013798018;0,001521642;0,00134042;0,009744344;0,008826604;0,007382733;-0,005464266;0,022132108;-0,008418548;0,008333472;-0,00479995;-0,007966301;-0,01391659;0,010994758;-0,014678689;0,003221567;-0,00681148;-0,01427412;-0,034615453;-0,006901903;0,058200948;-0,002082374;-0,025190755;-0,004235012;0,011402015
2022-01-10;-0,030042735;0,008258853;-0,039015004;-0,005337872;0,013134414;0,003460147;0,00523942;0,015927212;-0,008972315;-0,03381674;-0,007765178;0,007104885;-0,004038324;0,008287394;-0,020057282;-0,008356443;0,010441726;0,037394266;0,005468695;-0,019421075;-0,006762307;0,00927925;-0,019607861;-0,010874143;-0,077170465;0,01369862;-0,01209679;-0,01139303;-0,019553208;0,019848505;0,003000447;-0,009654066;-0,023904486;-0,013127396;-0,011904668;-0,006781821;-0,028901505;-0,039872394;-0,00753512
2022-01-11;0,016592769;0,002047781;0,027940703;0,00268311;0,010017691;0,00147797;0,004169615;-0,011944797;0,028806572;0,020000223;0,003478062;-0,008818424;0,042067904;-0,001174196;0,0080409;0,015066406;0,001589769;0,038372123;0,022479748;-0,001868507;-0,004255579;0,022329074;0,014432976;0,022867012;0,022648079;-0,008387655;-0,010204132;-0,001047496;0,020418011;-0,012306668;-0,004914523;0,006498634;0,033061313;0,016431956;0,019036208;0,019958403;0,016806716;0,031561556;0,017990093
2022-01-12;0,05331914;0,013623863;0,031085924;0,035682597;-0,008751752;-0,007378518;0,009688765;0,003966817;0,014399809;0,004902066;0,028596342;0,016014407;0,032587614;0,028604989;0,029731791;0,035974649;0,004762014;0,008398746;0,023049597;0,001872005;0,008546994;-0,004282667;0,008536342;0,059759144;0,07495746;0,015977525;0,01030933;0,017304618;0,028385218;-0,022364206;0,002576767;0,008071011;0;0,039261004;0,01087721;0,051493306;0,040633466;0,004830865;0,018375587
2022-01-13;0,012913297;0,007392523;-0,00407819;-0,001722809;0,011183214;0,017839745;0,016106604;-0,020696183;0,001577254;0,014634185;-0,000842472;0;-0,008478605;-0,015238052;-0,000704261;-0,007285073;0,008162102;-0,028317683;-0,020103926;0,012331947;0,00127135;0,01849481;-0,003425623;0,004462754;-0,034865279;0,051803794;0,030612397;0,004123828;-0,049773919;0,036274292;0,007496039;0,017614193;-0,003555898;-0,008888941;-0,015204708;-0,014202026;-0,037061119;-0,006944548;-0,001476071
2022-01-14;0,022947111;0,007338354;-0,004679665;0,054357351;0,015133913;0,016066436;0,025632494;0,002113349;0,002362328;0,038461481;0,010961067;0,017513075;0,00807599;0,003868532;0;0,007338535;0,002611708;0,024571491;0,000353589;0,033591674;0,001692803;-0,007601505;0,036804579;-0,031906515;0,039408891;0,033861019;0,016831561;-0,006160308;0;-0,000315326;-0,003401192;-0,006294114;-0,000793046;-0,016442535;0,00581955;-0,014902958;0,054982635;0,016675748;0,013247418
2022-01-17;-0,030408628;-0,019867538;-0,005289459;0,011456759;0,005733997;0,005749231;0,001973148;-0,067292906;0,000785703;0,004629534;0,010008362;0,013769208;-0,006597459;0,001926669;-0,003523616;-0,006070884;0,000781471;-0,007808201;-0,021923328;-0,00642862;0,004224802;0;-0,015408417;-0,020025152;-0,033175427;-0,011059112;-0,019474398;0,001549823;-0,021904968;0,001261861;0,013438289;0,024544587;0,00357142;-0,022796273;-0,005195327;-0,015128482;-0,011400862;0,008994737;-0,002207093
2022-01-18;-0,005141321;-0,014864883;-0,011964519;-0,004045135;0,00570139;0,018104262;0,008860935;0,009866324;0,000784739;0,03686631;-0,0008256;0,003395682;0,010910743;0,007692333;-0,030410182;0,012460263;0,007548234;0,0028105;0,033984295;0,007548408;0,011358722;0,005957746;-0,015253585;0,000425828;-0,037581669;-0,027096722;-0,00695128;-0,026302535;0,001947694;-0,005671059;0,002104906;-0,017774342;-0,044286226;-0,00311029;0,024450791;0,003584261;0,006260303;0,029365487;-0,001593372
2022-01-19;0,031007589;-0,002743591;0,052474281;-0,004062015;-0,001134013;-0,012634761;0,008783369;0,001424841;0,016470872;-0,022221952;0,004958394;0,008460209;0,030971284;0,01793892;0,07585708;-0,007480631;0,016016448;0,016255682;0,015384298;0,013913598;0,002079785;-0,006768169;0,002816224;0,057446684;0,071307307;0,003094594;-0,012999947;0,022245496;-0,001943908;0,007604592;0,022684527;0,022029726;0,046752085;0,031981101;0,022013882;0,046938795;-0,001309514;-0,01324501;0,013997109
2022-01-20;0,051128009;-0,003438761;0,057812353;0,080750393;-0,004540204;-0,000947841;0,006127191;-0,00020334;0,003857885;0,068181544;0,017269922;0,005033541;0,019572315;0,007124249;0,032542294;-0,012886024;0,001779764;0,019856442;-0,014118457;0,02111219;-0,003320853;-0,008092357;0,085857639;0,051911623;0,053882724;-0,014984651;-0,011144863;0,005699777;-0,004381419;-0,019496944;-0,005956191;-0,009237774;0,042292657;0,031746092;-0,017005024;0,037524184;0,007868709;0,032524499;0,01008212
2022-01-21;0,010491288;0,013802588;0,013159667;0,029434117;-0,005131234;-0,010436144;0;-0,020126011;-0,001537133;0,017021463;-0,015359669;-0,010016767;-0,018750112;0,007818227;0,032173381;0,009606081;-0,005583619;0,034613489;-0,040866181;0,015161856;0,008330058;0,000429581;0,014225115;0,01147666;0,037593925;0,004026856;0,010245953;-0,00412152;0,026894799;0,007055737;-0,00082628;0,003884943;0,009859536;0,014652074;-0,020758674;0,005166703;-0,004228938;0,021000021;-0,001466518
2022-01-24;-0,004719479;0,000680762;-0,017627399;-0,042522017;0,010315063;0,021092899;0,004807496;0,036307071;-0,013087331;-0,004184248;0,008210061;-0,003372564;-0,015013652;0,010343587;-0,014631013;0,005610949;0,001020775;-0,037114646;0,012381864;-0,013577768;-0,00289146;-0,001287756;-0,023315061;-0,021179903;-0,073913045;0,046791497;-0,013184748;-0,032591679;0;-0,009554057;-0,005790144;-0,007739817;-0,029290204;-0,028158742;-0,012248351;-0,017756888;-0,023195136;-0,040156678;-0,010923244
2022-01-25;0,048838496;0,025170083;0,048299941;0,019908049;0,034600295;0,03990605;0,02583748;-0,00140137;0,011700851;0,037815053;0,024429615;0,015228376;0,014318791;0,030712989;0,054228541;0,015526526;0,004334622;0,033659122;-0,014748542;0,013764661;-0,005799482;0,036097928;0,039723823;0,0436628;0,05164328;0,005959958;0,001027788;0,009625414;0,028571648;0,057878041;0,007695621;0,011700608;0,020502799;0,040861546;0,002265425;0,024738527;0,010033601;0,060204066;0,019424233
2022-01-26;-0,010398046;-0,004644935;0,054182884;0,034534413;0,000548114;0,000902975;-0,009639398;-0,041700085;-0,00539701;0,03238868;0,004769882;0,001666661;0,021402559;-0,000354803;0,041641107;0,013616803;-0,002031019;0,00525218;0,017889959;0,015614495;0,001249636;0,010784261;0,038206369;0,027397436;0,004464305;-0,023275534;-0,015400212;0,021186539;0,01712949;0,005471029;-0,013828755;-0,022359556;0,023881826;0,020699536;0,002854883;-0,003714365;0,017880662;0,000962222;0,015731258
2022-01-27;0,014161977;0,026666599;-0,027347365;0,049347086;0,006575774;0,004961555;0,013814876;-0,026987464;0,015503882;-0,007842756;0,013449274;0,006655552;0,041462291;0,004258353;0,019988329;0,003299738;0,010175495;0,022988455;0,002869194;0,001670939;0,004577955;0,004924027;-0,001900497;0,006486593;0,069629554;-0,029895909;-0,007299317;0,036825759;0,018661736;0,024485898;0,019254997;0,009463837;0,033691268;0,057342667;0,002254003;0,0484625;0,054001366;0,03461553;0,006650354
2022-01-28;-0,002702624;-0,03051944;-0,007405255;0,019363596;0,012520197;0,014362781;0,006193808;0,075037653;-0,005343789;-0,003952708;0,007025693;0,016528976;-0,006421291;0,003533624;-0,010951004;0,01057059;0,010828667;0,010725278;0,003934198;0,002001992;-0,000414442;0,012250046;-0,005712348;0,007876692;-0,070637119;0,008039322;0;-0,010004899;0,014298758;-0,026261307;0,003490605;0,014843604;-0,005014266;0,002645619;-0,009823499;0,009777464;-0,02407421;0,002788107;-0,007452255
2022-01-31;0,023938394;0,002679195;0,034268947;-0,008140872;0,010752786;0,008849633;0,005232473;-0,016600096;0,007674433;0,023809251;0,019379843;0,032520321;0,024127648;0,018661923;0,018647902;0,012319961;0,013951054;0,021728069;-0,008193441;0,035964164;0,001243425;0,02178277;0,020194904;-0,001065468;0,043219087;-0,003987725;0,002100692;0,00202131;0,020264218;0,003030379;0,016574671;0,021555304;0,046436239;-0,003298241;-0,033349342;0,00792264;0,01707781;0,02455992;0,008163046
2022-02-01;-0,011027906;-0,008016107;-0,008191772;-0,024623752;0;0,00350861;-0,001530808;0,044539439;0,00990106;-0,003875889;-0,003041868;0,009448788;-0,002944979;0,003456588;-0,014302091;0,007347712;0,002702593;-0,028189697;0,031968282;0,000964243;-0,00786424;0,007018345;0,001194721;-0,040540751;0,001428556;-0,007562195;-0,050314313;0,005547074;-0,014680591;-0,009063286;-0,001408784;-0,006029021;-0,00447193;-0,017868897;0,054902923;-0,01441025;-0,003109369;0,004070414;0,00675339
2022-02-02;-0,01382656;-0,022222212;0,010847945;-0,009116688;-0,016651154;-0,017979115;-0,01655979;-0,006230513;-0,017345308;-0,023346258;-0,005339349;0,021840901;-0,00295359;-0,022735049;-0,023795787;-0,010029625;-0,010046447;-0,005089134;0,007657622;-0,007065003;0;-0,015692434;-0,003579429;-0,014455016;-0,071326627;-0,025100932;0,001103556;-0,005516474;0,006134981;-0,027744165;-0,001814321;-0,003790482;-0,011057495;-0,030323417;0,005626564;-0,008418311;-0,009045594;-0,009008889;-0,008714327
2022-02-03;0,006331721;-0,004132229;0,012073291;0,000707778;0,014076783;0,014699242;0,006860304;0,006661438;0,006907046;0,011951832;0,014570376;0,003053521;0,000423154;0,016214233;0;0,008519474;0,01856435;-0,007161179;-0,007599428;0,008732317;0,00250282;0,011558475;-0,01642156;0,003008414;0,003072164;-0,074023002;-0,029768215;-0,002521556;-0,013065785;0,004703827;0,012520119;0,022831008;-0,014674946;0,031966658;-0,000466371;0,003574601;-0,025810554;0,021818006;-0,004145826
2022-02-04;-0,020225038;-0,003457786;-0,00831432;-0,000707278;0,002136193;0,006584655;-0,001858184;0,052744222;-0,023627714;-0,019684639;0,013605636;-0,01065455;-0,013959307;-0,018383582;-0,049940418;-0,009360569;-0,008991615;-0,001030385;0,001740081;-0,009618421;-0,005409482;0,003151565;-0,004869685;-0,01762271;-0,030627822;0,008937596;0,027272516;-0,030333594;-0,030009226;0,006242114;-0,008575856;-0,00967253;0,009574372;-0,022222294;0,02623917;0,008014118;-0,003230794;-0,038256047;0,004915127
2022-02-07;0,002294145;-0,008327546;-0,011542915;-0,030431558;0,001598007;-0,003488801;-0,011480105;0,011647289;-0,020296893;-0,032128524;0,004474336;-0,021538391;-0,033032979;0,003533624;-0,006257836;0,001613134;-0,012505991;-0,013924784;0,014593662;0,005827173;-0,002092072;-0,005498735;-0,026563759;-0,019465584;-0,003159595;0,027066902;0,019911712;0,033889515;0,001364922;0,007754418;-0,012271381;-0,010518533;-0,001053667;-0,032369134;0,024204493;-0,018551287;0,004862208;0,042552998;-0,002218362
2022-02-08;-0,01006897;-0,009097294;-0,001598;-0,010948924;0,003722993;-0,005689642;0,010672048;-0,012426894;0,006374366;0;0,002969498;-0,015723118;-0,016415384;0,003521095;-0,000629602;-0,008053373;-0,004718346;-0,009414122;-0,010274076;-0,000643826;-0,005031564;0,01105862;0,007360629;-0,004281892;0,036450049;0,049832302;0,020607323;0,03580406;-0,004997696;-0,002154759;0,003258592;0,021260592;-0,01722933;0,007829099;0,013979848;-0,004950337;-0,025161568;-0,02883767;0,002125076
2022-02-09;0,024040721;0,026836117;0,009972775;0,045018348;-0,087970312;-0,085826856;-0,008695981;-0,002775744;0,01187664;0,008298467;0,006661563;0,012779508;0,00857023;0,00771928;-0,001260303;-0,009510741;0,010479283;0,003695875;0,004844318;0,004186872;0,001264172;-0,039843388;0,011227744;0,012900719;0,009174352;0,019625642;0,058448344;0,037974675;0,02739727;-0,022825285;0,027202439;0,050557607;0,019678142;0,0127119;0,000218928;0,029398265;0,002316531;-0,010507011;0,00202256
2022-02-10;-0,002708619;0,014442991;0,029379418;-0,00423728;0,008135104;0,014443475;0,01096508;0,013546064;0,007042275;-0,004114796;0,001471027;0,003154464;-0,001788937;-0,004526456;-0,005047345;0,008665242;-0,003456783;-0,020515598;-0,008264415;-0,004810536;0,005892447;0,019121017;0,002643793;-0,01273641;0,051515149;0,024619556;0,016064316;-0,009849956;-0,004444494;0,018939467;-0,020157405;-0,012031283;-0,028070341;0,011854935;0,026911723;0,003515151;-0,018157774;0,001385093;0,00798499
2022-02-11;-0,010864543;0,007457596;-0,010421428;-0,012765776;0,010374462;0,003322546;0,035017097;-0,025997756;-0,008546883;-0,037190466;-0,009544971;-0,00943403;-0,002240133;0,009094162;0,005707097;-0,007894104;0,003716549;-0,020408007;-0,024652882;-0,006767828;-0,005021143;0,059082138;0,008085866;-0,008991449;-0,085014413;0,002621119;-0,01185783;0,008053306;-0,004464143;0,011254104;0,00524358;-0,004298046;-0,002527192;0,001378302;-0,020240947;0,000437783;-0,007061185;-0,021669111;0,001878986
2022-02-14;0,02196754;0,013458997;0,00382942;0,01436768;0,007415975;0,001419096;0,004191376;-0,011278211;-0,010188387;0,02145939;-0,012602261;-0,004761989;0;0,009705318;0,003783064;0,015913833;0,000246944;-0,002741305;-0,011036034;0,043478315;-0,00126162;-0,002261896;0,022144656;0,022090796;0,020472436;-0,025272196;0,010000267;0,000469847;0,03139019;0,006597514;-0,000200456;-0,001438667;0,037640405;0,006194138;-0,004349234;0,00962793;0,030816042;0,026861738;0,002069172
2022-02-15;0,018360934;0,021248381;0,038388402;0,03399419;0,011325038;0,000944472;0,047406129;-0,018821263;0,019794244;0,021008206;0,017267567;0,020733887;0,001347079;0,019910682;0,042713522;-0,008753658;0;0,044530075;-0,00395946;-0,010261283;0,006737107;0,009444713;0,033606124;0,046314245;0,05555559;-0,003576247;-0,011881416;-0,006575889;0,019565291;0,001872638;-0,016656923;-0,002881979;0,054063515;0,034883753;-0,029703946;0,023840634;0,080157831;0,052317426;0,007495145
2022-02-16;0,004837447;-0,019505995;-0,019517864;-0,00068469;0,00839854;0,011797942;0,00569339;-0,001550141;0,020186361;0,004115142;0,006642107;-0,004687681;0,027802761;0;0,002409688;0,010690234;0,00074022;-0,01052661;-0,007950745;-0,003455748;-0,006692022;-0,010479306;-0,008912193;0,014754572;-0,002924011;-0,021982923;-0,012023957;0,024586506;0,002132082;0,013083964;0,00591861;-0,001445004;0,00761079;0,044282924;0,007315714;0,035139736;-0,048053778;-0,025294338;0,004543869
2022-02-17;-0,003063283;-0,015251956;-0,01908687;-0,026730849;-0,009994522;-0,011660373;0;-0,01474866;-0,012937374;-0,00819621;0;-0,009419023;-0,002617843;0,001009702;-0,025240424;-0,012186586;0,000493144;-0,018616852;-0,053187643;0,012925511;-0,002105074;-0,01399364;-0,010491217;-0,01017801;-0,027859271;0,042201767;0,004056728;-0,002307505;0,002553366;-0,019987515;0,009332608;-0,002894491;0,058128206;-0,018354388;-0,043016749;-0,012679017;-0,020766725;-0,015212672;-0,014351325
2022-02-18;0,003072695;-0,005387176;-0,006804281;0,00492979;0,004487137;0,005662648;0,020379006;-0,01457557;0,003855024;-0,004132377;0,003665584;0,001584681;-0,048118933;0,001008933;0,001233108;0,016061301;-0,003204326;-0,016802228;-0,017314647;0,014939236;0,004219242;0,003835717;-0,016492867;0,013587806;-0,040723958;-0,017165414;-0,00202006;-0,004163006;0,005941919;0,006275345;-0,004824317;-0,016690657;-0,012414786;-0,030303091;0,002101479;-0,008284798;-0,027406156;0,007723885;-0,006694384
2022-02-21;-0,045952138;-0,0216655;-0,04194701;-0,014015596;-0,016750349;-0,011730966;-0,021359223;-0,040575627;-0,01920121;-0,058091305;-0,006574286;-0,011075813;-0,026654452;0,0050385;-0,031404112;-0,003207281;0,006181967;-0,022602058;-0,011745963;-0,021465865;0,007142998;-0,024455295;-0,00667349;-0,04456504;-0,053459118;-0,045678567;-0,030364411;-0,01672075;-0,016455689;-0,015590643;0,001212023;-0,001476135;-0,020741623;0,003989423;0,000815688;-0,018797124;-0,00286433;-0,043282379;-0,009249078
2022-02-22;0,014679275;0,01799296;0,033622019;0,022743515;0;-0,003798791;0,009353558;-0,016875003;-0,002349378;0,070484297;0,008088507;0,001600095;-0,031161478;0,00868991;0,00063576;0,012410829;0,000491618;0,082346356;0,006338916;0,026324193;0,016687495;0,009156962;0,060809714;-0,016685997;0,008305635;0,038479725;0,06158657;-0,00330647;0,018876082;0,004751252;-0,010288608;-0,006651863;0,046534013;0,014569458;0,017345531;0,015751315;0,000338948;0,047125342;0,01044529
2022-02-23;-0,003164697;0,006798282;0,000485392;0,013898642;-0,011925225;-0,004766441;0,0050549;-0,006569163;0,022762867;-0,020575942;0,021881729;0,007987092;-0,00341131;0,018223987;-0,019059687;0,001135138;0,008106216;-0,023449624;-0,033464468;-0,006412182;0,025441143;-0,013980502;-0,052289682;-0,008869599;-0,026359087;0,00316299;-0,007866249;-0,003317439;-0,060210678;-0,00599004;0,001630625;-0,00967253;-0,000306633;-0,026109691;-0,01052733;-0,014249854;-0,031493545;0,014851552;-0,007830493
2022-02-24;0,01814046;0,002025577;-0,006915002;0,007539332;-0,022413804;-0,030172864;-0,031852506;-0,001706543;-0,019186477;-0,004201594;0;-0,036450155;0,002934032;-0,007159191;-0,002590648;-0,014966145;-0,000487679;-0,024012713;-0,010997996;0,00153647;-0,023609416;-0,01693608;-0,000342731;-0,007393215;0,035532921;0,035135222;0,070366545;-0,008559258;0,038978519;-0,040278923;0,014041695;0,003756307;0,006748553;0,036193053;0,012374262;0;0,025174824;-0,024390064;-0,00371402
2022-02-25;-0,009799449;0,024258827;-0,007818116;-0,0081634;0,002939579;0,004938844;0,016161772;0,019871802;0,001565142;-0,046413547;0,01213431;0,001644835;0,02925398;-0,008194042;-0,01428573;-0,021869091;-0,009126835;-0,018042765;0,048599386;0,027922563;0,001229563;0,020432705;-0,014055706;-0,007448183;-0,017973886;-0,035248126;0,000926061;0,006234781;0,007330986;0,012888195;0,006822992;0,018712804;0,007007925;-0,042044006;0,054146592;0,002976106;0,002728425;-0,034091089;0,013889885
2022-03-02;-0,021142399;-0,044736946;-0,01268173;-0,017832514;-0,008206371;-0,01031973;0,011076463;-0,012570645;0,028905798;-0,013274496;-0,014809747;0,018062232;0,033159675;0,009583702;-0,02108032;0,004236293;0,00476551;-0,005567939;0,064415161;-0,004477591;0,008595957;-0,016593696;-0,016689772;-0,003159511;0,049916877;0,026161462;0,026827115;-0,002382942;-0,011986415;0,00554647;-0,01822916;-0,011755999;0,009077071;-0,033760877;0,079865732;0,006358636;0,028911666;-0,031058757;0,017959732
2022-03-03;0,010569746;-0,023415912;-0,01109863;0,031424558;0,012844386;0,019321729;0,00011091;0,027795406;0,006833848;-0,00896874;0,030780321;0,001613;0,024759296;-0,010474665;0,002691682;0,004452792;-0,017723452;0,002239617;0,044280297;-0,000899681;0,00771104;0,000799054;-0,017680403;-0,019017148;0;-0,031208769;-0,020720812;0,013377649;0,033362282;0,010382912;-0,007324527;-0,014126254;0,004197972;-0,008385873;0,000501558;-0,016427818;0,033057795;-0,013113228;-6,94601E-05
2022-03-04;-0,023647254;-0,017630484;-0,020680796;-0,022342806;-0,019275934;-0,028766163;-0,025021427;-0,021469781;-0,020361724;-0,013574321;-0,011111267;0,014492705;-0,00178983;-0,019186342;-0,032885786;-0,02916484;0,003049592;-0,002793302;0,038869314;-0,028510979;0,020942288;-0,015169213;-0,042296502;-0,025444374;-0,003169609;-0,049001811;0,00827968;-0,020273253;-0,002515805;-0,026332632;-0,003074463;-0,024887172;-0,030158321;-0,005677703;0,022768359;-0,028693739;0,00832012;-0,038385764;-0,006008718
2022-03-07;-0,057289082;-0,035893792;-0,052407972;-0,037395827;-0,030970963;-0,025602368;-0,042772944;-0,045358704;-0,053887972;-0,059633015;-0,051263923;-0,030158731;-0,017480904;-0,014165184;-0,060374769;-0,008411249;-0,008867422;-0,04201689;-0,018027187;-0,011430511;-0,022485013;-0,021483862;-0,041533357;-0,089100599;-0,06995228;0,016221327;-0,00821169;-0,061116443;-0,036569915;-0,024076694;0;-0,033255968;-0,045566495;-0,065279763;0,030401192;-0,046296241;-0,01364633;-0,078300839;-0,025167287
2022-03-08;0,028162001;0,000744542;0,011550399;-0,020143951;0,008605144;0,012879968;0,007704184;-0,02320443;0,018714724;0,039024197;-0,005181367;0,008183279;0,005018186;0,012316154;0,018463762;0,004120018;-0,002556341;-0,015204588;-0,026159705;0,012187511;-0,008071111;-0,009527488;0,015293891;0,063694043;0,034188056;0,026291167;0,006439685;0,006150591;-0,019633584;0,004393453;0,003289402;0,010400237;0,014516093;-0,009209571;-0,043875708;0,0069347;0,015765449;0,003886594;-0,003494843
2022-03-09;0,027871056;0,036458435;0,039091895;0,013215915;0,057282251;0,064089357;0,056574635;0,040045283;0,038338539;0,032864162;0,042410729;0,0340909;0,026781759;0,022304863;0,058013095;0,048515515;0,022296376;0,033847877;0,033667333;0,029021392;-0,003254754;0,049769907;0,077250005;0,046193335;0,029751974;0,029277331;0,037477168;0,042791674;0,025367314;0,080417198;0,01741819;0,027711467;0,050556509;0,045701089;-0,026366675;0,020661065;0,034843237;0,069690343;0,024252943
2022-03-10;-0,012622414;-0,039483137;0,001809863;-0,035507242;-0,009222177;-0,006213952;-0,013024449;0,015879864;-0,010769114;0,013636016;-0,024268416;0,004709759;-0,025199018;0,011900783;0,002056141;-0,011970284;0,001253412;-0,008041117;0,046084898;-0,021002153;-0,006530559;0,00079648;-0,012907871;-0,029435887;-0,04333866;-0,033777836;-0,011453887;-0,050317777;-0,029514101;-0,00311426;-0,009063433;-0,024653079;-0,013922524;-0,037777873;0,033018546;-0,005398024;-0,029078641;-0,020165314;-0,002080773
2022-03-11;-0,025094846;-0,014947646;-0,003871406;-0,003756664;-0,00872584;-0,004329456;-0,019941456;-0,024411042;-0,016329525;-0,049327412;-0,000731487;0,001562298;-0,023129197;-0,000980095;-0,042407574;-0,013746575;-0,003254929;-0,034742391;0,000993356;-0,015323361;0,010681892;-0,011145986;-0,024518602;-0,03748924;-0,045301988;-0,06853719;0,005347794;-0,001543078;-0,016100128;0,010934076;0,011585325;0,009478458;-0,001841678;-0,050808269;-0,005241846;-0,024875656;-0,01040352;-0,049076618;-0,017155979
2022-03-14;-0,016513045;0,010622029;0,001425134;0;0,00997648;0,007246483;0,006283786;-0,012291558;0,005533419;-0,018867605;-0,013177137;-0,018720688;-0,0227484;0,010137398;0,002857114;0,008740625;0,006028623;-0,002999484;-0,044672296;0,002178592;-0,001219362;0,014089931;-0,003910148;-0,024070305;-0,063268855;0;-0,009751754;-0,008758337;-0,002272704;0,042645297;0,007434173;-0,005477158;-0,015067656;-0,010543468;-0,053621323;-0,004638347;-0,011787108;-0,01109881;-0,015978445
2022-03-15;-0,015802405;0,011261345;0,029883466;0,003016613;-0,005229419;-0,002397861;-0,011351987;0,001333379;0,001572293;0,014422643;-0,010385797;0,00476946;-0,007125955;-0,004856056;0,03418804;0,003747285;-0,001498103;-0,016245504;-0,045375865;0,029192638;0,000814071;-0,003572788;-0,0067289;0,003587617;-0,08630395;-0,000494009;0,037600669;0,008316059;0,019589832;-0,013337244;0,014559317;0,000786573;0,003434356;0,015573879;-0,028711547;-0,001863862;-0,026434503;0,028058289;-0,008814861
2022-03-16;-0,002006927;0,023014034;-0,002889069;0,022556264;0,016938817;0,014422795;0,013317354;0,015090981;-0,000785086;-0,014217587;0,038230943;0,00474682;0,002392432;0;0,030991803;0,012832379;0,009752321;0,056269289;0,021770834;0,016294632;0,005693145;0,019521644;0,015807438;0,018766614;0,053388078;0,012351854;0,023295883;0,009278414;0,000893781;0,025833663;0,012187816;0,036949592;0,023646719;-0,006456888;0,024277639;0,020074701;0,058940427;-0,104803432;0,019759726
2022-03-17;-0,001508074;0,010885422;0,019652358;0,022059028;0,007467283;0,00379163;0,009259181;0,010712659;0,063629195;0,043269074;0,021660645;0,023622069;0,047732762;0,032856303;-0,018036094;0,019580804;0,016592371;-0,02374074;0,048650306;0,024049893;0,012939951;0,02188356;0,011485674;0,004386149;0,079922056;0,01464119;-0,010118058;0,003574851;0,003571642;0,017569417;0,014760409;0,015921138;0,005167118;0,038992737;0,034785725;0,023340947;0,035021743;-0,035975603;0,017675859
2022-03-18;0,048338155;0,022971877;-0,00630111;0,015107843;-0,00228057;-0,002360843;-0,002071421;0,016223276;0,033234967;0;-0,003533568;0,036923149;0,036901925;0,015118082;0,093877521;0,021915936;-0,003654063;-0,021352309;0,032509778;0,003768884;0,012774346;0,007266112;0,031501833;0,054584947;0,050541466;0,025493045;-0,0110733;0,017811856;0,011565445;0,006618594;0,015310942;-0,003731079;0,018445652;0,046911662;0,018981865;0,050089542;0,005740291;0,11132188;0,019765467
2022-03-21;-0,008165426;-0,00491214;-0,008454566;-0,016300556;0,01885704;0,0236632;0,020462585;-0,037888417;0,020014288;-0,018433252;0,017730594;0,001483488;-0,004833072;0,008997838;0;0,011496664;0,008557388;-0,006666632;-0,003607924;0,025418864;0,013795673;0,024677574;-0,018998513;-0,004554837;-0,01718218;-0,002345115;0,012920009;0,00450009;-0,012752709;0,026872694;0,00603164;0,011985059;-0,022268472;0,00821512;0,02830676;-0,017887611;-0,022228923;0,001707581;0,007319336
2022-03-22;0,037772689;0,014104253;0,04075254;0,05403468;0,01233888;0,012482896;0,020051962;0,039159235;0,002803127;0,023474355;-0,002090572;0,028148245;0,033554162;0,013530179;0,029228753;0,018797997;0,013575814;0,03233671;-0,016787286;0,020000074;0,001166361;0,013707814;0,038732975;0,035773884;0,015734335;-0,015044721;-0,010204004;0,017421569;0,014699429;0,00640301;0,005621341;0,008142215;0,037048521;0,033333236;-0,022366239;0,043365196;0,013824656;0,043181717;0,009616461
2022-03-23;0,007932557;-0,013212652;0,019277164;0,008885745;-0,005540333;-0,006392449;-0,005128201;-0,004896742;0,007686819;0,027522687;0,017520259;-0,037464036;0,012814974;-0,006068056;0,029003248;0,00772356;0,010045607;-0,041960361;0,0036826;0,004694854;0,015534151;-0,004385403;0,002265014;0,056305396;0,032702277;-0,010501132;-0,03264606;-0,01027414;0,007462741;0,000553244;-0,006520928;0;0,013176708;0,005018126;-0,00155255;0,000415585;-0,007575379;0,02396501;0,001577529
2022-03-24;0,044444593;0,000704665;0,025059135;0,008807709;0,011699599;0,014705496;0,011454976;-0,002995311;0,027739374;0,031250362;0,011740582;0,020958205;0,034162865;0,017704539;0,034644787;0,014903114;0,020838221;0,012878145;0,030020004;0,021165662;0,021032635;0,006607609;0,028511861;0,057361534;0,099999985;0,010612576;0,043516867;0,00444881;0,01481464;-0,008570507;0,001499935;0,013949934;0,007225398;0,052068223;0,004769198;0,014541051;0,011602886;0,022872578;0,013587951
2022-03-25;0,020833554;0,008450616;0,027675039;0,029334726;0,013215446;0,009057991;-0,000566218;-0,023175913;-0,003373896;0,194804842;0,004777742;-0,014662893;0,001223553;-0,002099531;0,068104082;-0,005034581;0,008582568;0,028607813;-0,009715091;0,037684607;0,004868909;0,00182341;0,02822869;-0,002531595;-0,009090948;-0,037231529;-0,000851187;0,026574754;0,01674547;0,029001411;-0,000749025;0,015206254;-0,013486127;0,008813548;-0,017335742;0,004914033;-0,007546097;0,090483481;0,000235189
2022-03-28;-0,006947635;0,029329679;0,000897679;-0,003302189;-0,004347639;-0,004937477;-0,009631751;-0,000878765;-0,004739285;-0,003622911;-0,014266031;-0,029761716;0,001221973;-0,005710739;-0,014877579;-0,000632334;0,001380158;0,006798606;0,004251201;-0,004928427;-0,000745686;-0,000727868;0,006575623;-0,023930401;-0,010703388;0,040158683;0,036627;-0,0009585;-0,00042222;-0,015446948;-0,002061475;-0,007845832;0,010180332;-0,021505303;0,001155264;-0,004482868;0,023041956;0,006676177;-0,002880392
2022-03-29;0,036291951;0,034599711;0,021300653;0,029820928;0,012555042;0,01804251;0,004290663;0,010554017;0,048872464;0,032727306;0,020675453;0,024539698;-0,015459715;0,00060441;-0,029126249;0,034177227;-0,010105902;0,025168758;-0,020188766;-0,006157825;-0,011562769;0,011657641;0,015025402;0,021174;0,081916576;0,02001918;-0,009038602;0,020153535;0,007604537;0,002201943;-0,004694931;-0,016590352;0,041174694;0,012362711;-0,008600699;-0,000818152;0,010416503;0,003789746;0,010746349
2022-03-30;-0,016877518;-0,005245873;-0,018002251;0,008365484;-0,004312796;-0,006202624;-0,005981294;-0,008267999;0,00888025;0,017605366;-0,086428123;0,011976104;0,001652833;-0,015709873;-0,018333252;-0,010812009;0,002320359;-0,02754497;0,02093718;0,0108411;-0,002264156;0,002160639;-0,006509504;-0,005456525;-0,018571424;0,001869142;0,028192439;-0,001411204;0,008385656;0,010162099;0,004717077;0,01470587;0,010508787;-0,012890107;0,014282489;-0,029086859;0,005891093;0,034450231;0,002049761
2022-03-31;-0,006866822;0,015161469;0,008048201;0,002552722;-0,01082893;-0,009362943;-0,005730621;-0,028082503;0,029789846;-0,02076111;0,013303764;0,005917234;-0,024339851;-0,009515014;-0,010186929;0,006599152;0,000925884;-0,014162516;0,002929583;0,012554851;0;-0,012576764;-0,00811702;0,005852232;-0,007278009;-0,001865655;0,020967566;-0,005652455;-0,004573685;-0,014409943;0,008263024;-0,000724442;-0,004378679;-0,027491467;-0,00281641;-0,013502042;0,021083002;-0,04470814;-0,002170298
2022-04-01;0,033275753;-0,000649299;0,039254882;0,021005791;-0,006568183;-0,010800886;-0,000576335;0,002257414;0,003944818;0,07773859;0,051787057;0,011764759;0,006342376;0,032847836;0,025729115;0,030936382;0,025670691;0,037476597;-0,005517905;0,013175221;0;0,002827617;0,020131113;0,056726982;0,077712577;-0,005140284;0,01105861;0,011978321;0,008353951;0,017655039;0,018477199;0,047135284;0,011270031;0,033922223;0,014225924;0,028657261;0,014626001;0,048710657;0,013091776
2022-04-04;-0,00460093;-0,012995496;0,002987568;0,006234217;-0,003460541;-0,004144608;-0,009227128;0,003153083;-0,005893839;0,006557425;-0,040221754;-0,02034886;-0,009243671;-0,006900805;-0,017837124;-0,0121222;-0,014430712;0,005418418;-0,015665761;-0,005609005;0,008698883;-0,009077372;-0,004813158;0,011356085;-0,021768722;0,027712565;0,030468621;-0,003347705;-0,003728107;-0,018433309;-0,010819597;-0,014543122;0,019298803;-0,017771756;0,010107321;-0,002910737;-0,010175291;-0,003187699;-0,002385457
2022-04-05;-0,024369711;-0,00789993;-0,004148947;-0,019206933;-0,026563301;-0,027891997;-0,026484314;-0,033004021;-0,005928874;-0,029316264;0,002167442;-0,008902234;-0,007633533;-0,000302097;-0,033484716;-0,014282934;-0,00320298;-0,023952108;-0,000662896;0,001281563;-0,008623865;-0,020154299;-0,018217025;-0,048656006;-0,038942878;-0,010054973;0,012888543;-0,010556523;-0,016241022;-0,022645494;0,011308697;-0,011243632;-0,013066723;-0,014613749;-0,028895038;-0,033361069;-0,011136319;-0,04294177;-0,019747691
2022-04-06;-0,024547862;-0,007962915;-0,008652803;0,002526921;-0,007959398;-0,00517419;0,005081914;-0,012537793;0,007289415;-0,050335385;0,018745497;0,002994002;-0,004700885;0,004835388;-0,035819245;-0,006122485;0,00527892;-0,01533747;-0,003981489;-0,006145554;-0,009455283;-0,000373197;-0,030049213;-0,03254665;-0,04196817;-0,015697093;0,017215567;-0,007274478;0,000423225;0,002825695;0,014665659;0,009239378;-0,024858266;-0,016949094;0,015140195;-0,028904287;-0,008662849;-0,026730507;-0,005526349
2022-04-07;-0,004856251;0,007357989;0,018210926;-0,001260241;0,003438671;0,004255241;0,018441561;0,069598001;-0,005263096;0,021201272;0,007784679;-0,002985065;-0,008587335;0,006014983;-0,015834338;-0,013552505;0,002511362;0,000623061;-0,024317104;-0,004895718;0,004963722;-0,000748619;-0,014897505;-0,00850263;-0,009063483;0,013133348;0,002943371;0,0083047;-0,013542024;0,018596716;-0,021680268;-0,016196994;-0,010529057;-0,018678136;0,006007256;-0,003998275;-0,006117322;0,016674895;0,00536252
2022-04-08;-0,029724721;-0,00863216;-0,018731979;-0,015772857;0,005140122;0,011299434;0,017815135;-0,029676915;0,004629574;-0,02076111;0,043539523;-0,001497001;0,008661716;0,011659176;-0,021039619;-0,001040648;0,001366409;-0,015566595;0,003413905;0,007767935;0,013297728;-0,001872192;-0,007217789;-0,003355945;-0,06554877;0,038425847;0,033015374;0,032461331;-0,01758881;-0,010511775;-0,008864447;-0,010021339;0,000559914;0,00512433;-0,020385077;-0,015165099;0,000586341;-0,018330907;-0,004543084
2022-04-11;-0,020576343;0,018084464;-0,039473661;-0,046153908;0,00170439;-0,001396285;0,006313071;0,018803916;-0,005924972;-0,05653722;-0,044414578;-0,008995379;-0,01202234;0,001182037;-0,020859655;-0,008126731;0,001137263;-0,035420687;-0,003742638;0,009763534;-0,002249536;-0,003750756;-0,001211724;0,000748141;-0,008156666;-0,028979075;-0,035511312;0,014077983;-0,009170264;-0,005870879;-0,001676619;-0,003615649;-0,007836571;-0,002184968;-0,012086124;-0,01086945;-0,046573085;-0,038820663;-0,011570122
2022-04-12;-0,007936591;-0,009868493;0,013923193;-0,035618293;-0,006806625;-0,008857937;-0,001996039;-0,017567342;-0,014569271;0,044943735;-0,00915513;-0,013615688;0,014341593;-0,001180641;-0,00581026;-0,002100853;0,002953168;-0,015081919;0,001024662;-0,000254265;-0,005261161;-0,017695795;0,005026;-0,020560422;-0,018092062;-0,047291062;-0,029454989;-0,008792304;-0,000440951;-0,013217124;-0,01007876;-0,015965068;0,009873056;0,032116843;-0,006702126;-0,004120753;-0,005529852;-0,036298627;-0,006891657
2022-04-13;0,007529491;-0,014617959;0,025359922;0,004181191;0,009708998;0,010347835;0,004857081;-0,003168784;0,034273872;-0,01792088;0,023454337;0,007668686;-0,009425762;0,019208156;0,00324676;0,004842166;-0,003850511;0,003328855;0,011600049;0,002545005;0;0,002683112;-0,005863044;0,017938736;0,01005022;-0,020722788;0,032625095;-0,02567664;-0,01234553;-0,000569957;0,007164813;0,01327452;0,018994443;0,040311214;0,000321275;0,014712324;0,005869491;-0,012731996;0,00546721
2022-04-14;-0,012143985;-0,008766037;-0,000648027;0,005551784;0,0028281;-0,002327817;0,000853245;-0,009309769;0,004548627;-0,007299323;0,010416744;0,016742618;0,002162529;0,017976175;-0,009708681;-0,010684967;0,002046545;0,027869891;-0,007756999;-0,016501617;0,003022074;0,006498376;-0,008152661;0,002624714;-0,003316789;0,001019129;0,002938967;-0,002396263;-0,006250356;-0,004847145;0,005802935;-0,005822752;-0,040570113;0,021074083;-0,014025569;0,028092737;-0,008292457;-0,070929567;-0,005137778
2022-04-18;0,002364539;0,000680218;0,003998711;0,002070509;0,01917622;0,017731942;0,036931492;0,005042394;0,007761963;0;-0,00206158;0,004491192;-0,000863199;0,013956095;0,002614274;0,011223622;0,000907374;0,025177623;0,002379141;-0,002064794;-0,008286305;0,005697086;0,002273419;-0,011593116;-0,019966662;-0,024291483;0,00439569;0,014889671;-0,008085806;0,01117462;-0,005210968;0,002196409;-0,025142949;-0,008655115;-0,016505676;-0,000881585;-0,011768264;0,001156573;-0,004260557
2022-04-19;0,008489983;-0,004078775;0,008288552;0,001377186;-0,018096309;-0,012974924;-0,035342249;-0,00114029;-0,058408231;0,055146844;-0,042700189;-0,008941941;-0,020302385;-0,012078639;0,000651924;-0,005863679;-0,012242079;-0,001889193;0,026449784;-0,020176378;-0,013292776;-0,01774969;0,018147107;-0,006810361;0,008488951;0,004149386;-0,021152446;-0,002366116;0,019021554;-0,004533952;-0,01029026;-0,005843818;0,055392657;-0,024177367;-0,031908978;-0,007940112;-0,016922547;0,013864897;-0,005445729
2022-04-20;0,027128338;0,005460721;0,008327127;0,010316421;-0,003099519;-0,00357705;-0,001420042;-0,016949831;0,00408993;-0,073170696;0,016546956;0,013533884;0,002204575;0,00341201;-0,001954418;0,006319713;0,012164358;0;-0,040303967;-0,00211179;-0,000384702;0,006536077;-0,003256293;-0,010285782;-0,055555572;-0,005681856;0,004470864;0;-0,002222226;-0,002561707;-0,002268455;-0,004408348;-0,018883449;-0,005505831;-0,02600369;-0,00044448;0,001593816;-0,023361931;-0,006196928
2022-04-22;-0,029143775;0,001357826;-0,032186318;-0,022464181;-0,014925586;-0,014359563;-0,02076234;-0,026334868;-0,00678869;-0,05263134;-0,002123158;-0,020771537;-0,024637071;-0,010767993;-0,025456865;-0,007536009;-0,007029455;-0,015141996;-0,026850179;0;-0,009241454;-0,019480461;-0,038858468;-0,036951317;-0,010695154;-0,0259741;-0,031157234;-0,014231473;0,002227175;-0,018615797;-0,000947263;0;-0,014718256;-0,017993135;-0,057962601;-0,014234917;-0,003500991;-0,049591512;-0,028562933
2022-04-25;-0,006566562;0,025084679;0,006782525;-0,016713114;-0,005050242;-0,006243316;0,007842067;0,024317607;0,028707977;0,035714099;0;0,022727101;-0,007216794;0,012317517;0,039315677;0,014553969;0,015072079;0,001281167;-0,020162785;-0,006613725;0,006218176;-0,003895635;-0,009838871;-0,000799474;-0,019819772;-0,011199999;0,009954017;0,001443513;0,018666584;-0,009133649;0,01744716;0,014760136;-0,005171147;-0,006342414;-0,017029067;0,000902552;-0,003193742;0,025168932;-0,003538054
2022-04-26;-0,008026635;-0,024470836;-0,023470646;-0,036118834;-0,03807131;-0,042931479;-0,02247834;-0,018410813;0,003322127;-0,015325677;0;-0,010370337;-0,016356366;0,018392657;-0,051574036;0,006860675;-0,035995728;-0,01215595;-0,038989045;-0,020772095;0,010428715;-0,034024071;-0,039024547;-0,021600142;-0,047794186;-0,001078625;-0,005307086;-0,012494211;-0,024869136;-0,045495168;0;0,004363663;-0,064972584;-0,056737711;-0,013657041;-0,029756766;-0,039410356;-0,00658679;-0,02233365
2022-04-27;-0,002855701;-0,004745787;0,003894519;-0,007347789;0;0,006017093;0,004421911;0,011845991;0,01788086;0,011673238;0,01347511;0,010479008;-0,003695113;0,016671352;0,013418183;0,006607431;-0,001400052;0,004533657;0,060105187;0,007070686;-0,001528992;-0,008097007;0,00958842;0,002861861;-0,015444025;0,048056123;0,021341522;-0,013624951;-0,008948658;-0,004049738;-0,01178531;-0,001448035;0,006176721;0,012030374;0,053461365;0;0,055036615;0,010247038;0,010497814
2022-04-28;0,008591411;0,002043515;-0,002660101;0,005181314;-0,00923472;-0,009244189;-0,001760901;-0,006097561;-0,001951558;-0,015384836;0,009097372;0,010370524;-0,010199417;-0,003826093;0,020208978;-0,015794936;-0,007244817;-0,01934229;0,02905727;0,030245946;-0,005359859;-0,008163339;0,016759761;-0,005707388;0,015686285;-0,02266881;-0,012743185;0,015786841;-0,005868814;-0,005943087;0,010999792;-0,00290087;0,016881584;0,023031099;0,024704903;0,011617423;-0,015807884;0,003579956;0,005212668
2022-04-29;-0,001419238;-0,012916324;-0,005667956;-0,020618345;-0,007323507;-0,013172243;-0,023228398;-0,013006105;-0,043676858;-0,042968746;-0,052704705;-0,043988216;-0,016393365;-0,00823058;-0,03346991;-0,007086266;-0,013653316;-0,05193953;-0,036845733;-0,019135168;-0,031562562;-0,017695386;-0,030402854;-0,026239963;-0,057915138;-0,011597267;0,015467876;-0,011656145;-0,049500596;-0,000944013;0,015269755;-0,019636383;-0,03501382;-0,050835256;-0,010807463;-0,024610903;-0,033086884;-0,034356351;-0,018586414
2022-05-04;0,002992787;0,007022496;0,015614402;0,007968138;0,011455518;0,014388204;0,029114587;0,004343637;0,018269109;0,02892548;0,024193615;0,006849156;0,009600804;0,023148067;0,032033487;0,005957246;0,030935198;0,01448295;-0,00760303;0,029025259;-0,015252336;-0,001257148;0,04289812;0,031462442;0,076086928;-0,077600436;0,005224001;0,018961895;0,005964204;0,025471771;0,014100709;0,01470587;0,028772372;0,041262153;-0,008363703;0,025690539;0,018655541;0,044303814;0,017047161
2022-05-05;-0,046742938;-0,042538444;-0,038887785;-0,041897329;-0,029979884;-0,032733248;-0,025981426;-0,036280595;-0,033049735;-0,05622503;-0,033858222;-0,003401282;-0,041541527;-0,009954741;-0,036437321;-0,020515954;-0,030937415;-0,036709859;0,023349002;-0,050558854;-0,042890894;-0,023070762;-0,026508351;-0,057295942;-0,10707075;-0,055489272;-0,014105476;-0,014201458;-0,043972265;-0,019319164;-0,032190301;-0,034057879;-0,111249305;-0,027972194;-0,018090551;-0,052930019;-0,026952397;-0,05696976;-0,028058776
2022-05-06;-0,028168881;-0,014566608;-0,033168572;-0,028877882;0,019917336;0,020869194;0,003260034;-0,015208192;-0,005859534;0,021276814;0,004074971;-0,008532425;-0,025739372;0,015539383;-0,021708569;-0,002375322;0,000240048;-0,016937149;0,00534729;0,001401376;0,004564343;0,021468455;-0,021971721;0,05990377;-0,027149339;0,013265948;-0,002259179;-0,007451782;-0,017053983;0,030956745;-0,003739609;0;-0,047202755;-0,024780071;-0,007095724;-0,001996058;-0,03586645;-0,028277673;-0,001604877
2022-05-09;0,011808844;0,011825597;-0,031508574;-0,00254881;0,014814943;0,01491662;0,002658863;0,025063334;0,014734575;-0,029166995;0,000811618;-0,003442261;-0,033443012;0,015601427;-0,002147445;0,006060512;0,024478217;0;-0,023403991;-0,007556354;0,014456678;-0,014291386;-0,007104522;-0,014438863;-0,090697658;-0,031795529;0,011320836;-0,033033071;-0,004732275;0,009099177;0,005729298;-0,0097526;-0,082568755;-0,017213079;-0,040998188;-0,029499903;-0,018047897;-0,034391498;-0,017929329
2022-05-10;0,001060956;0,002921782;0,015199115;-0,014480568;0,002653998;0,009798734;-0,011490958;-0,031612807;0,00387229;0,017167633;0,017031528;0,00863558;0,012478692;-0,002954147;0,025824959;-0,014629799;-0,006324842;0,019382702;-0,043573277;-0,001692185;-0,013029313;-0,005116994;0,016244501;0,035579674;0,0102303;-0,03799093;-0,019403007;-0,021739046;0,002113234;-0,020138255;-0,002161021;0,003788006;0,040000036;0,024186762;-0,012419822;-0,014940904;-0,020255005;0,005479446;-0,001355932
2022-05-11;0,009008979;0,016023329;-0,016332703;-0,024200365;0,01654556;0,017250682;0,022056966;0,04106097;0,004821667;0,004219322;-0,018341071;0;0,026890842;-0,011555574;-0,018881238;-0,026419272;-0,013201293;-0,035915521;0,029613277;0,018643819;-0,004950299;0,03343317;0,026260626;-0,008488312;-0,00506335;-0,001338624;0,009132517;-0,040740786;-0,026884646;0,008589038;-0,035039138;-0,012830266;-0,005000039;-0,004885931;0,041699893;-0,005753026;-0,000765683;-0,029291558;0,012481816
2022-05-12;0,027836244;0,037992872;0,010817826;0,05403004;0,005208126;0,006359373;0,025371699;-0,013228832;0,003838844;0,096638666;0,01218496;0,032534192;0,012002035;0,016786548;0,025659383;0,00919484;0,014661056;0,042366605;0,009955396;0,021630649;0,018241919;0,01576059;0,025588816;0,030574885;0,063613128;0,008713122;-0,075414804;0,059018416;0,018418538;-0,003953891;0,018767819;0,011467644;-0,015462017;0,051554904;-0,010039377;0,0210416;0,011877295;0,060350887;0,012366256
2022-05-13;0,006131959;0,004143644;0,026505656;-0,036134182;0,014248744;0,011584842;-0,001422061;0,039225469;0,010516376;-0,022988569;0,016051335;0,049751351;0,026415216;0,037735903;0,002084848;0,002666593;0,013639678;0,021724007;0,014969131;0,011672403;-0,003257303;0,01184191;0,014463999;0,007515942;0,047846923;0,037209204;-0,00163131;0,032291415;-0,019149239;-0,001526579;-0,013616795;0,012093907;0,038869324;0,01789866;-0,001155436;-0,0030913;0,003407857;0,121111891;0,0116948
2022-05-16;0,009141491;0,010316364;0,003394464;0;0,021711441;0,016658412;0;0,012900165;0,016083048;0,003921488;-0,003159507;0,018957182;-0,010504199;0,005965909;0,034673967;-0,004210896;0,004485274;-0,00274352;0,014388205;-0,005634658;-0,001225236;0,010492455;-0,003742997;0;0;0,003843677;-0,020424865;0,016649868;-0,013557275;0,025688013;0,00406049;0,005227917;-0,012849527;0,05122322;0,029944914;0,014986965;-0,011320942;-0,006493531;0,01224234
2022-05-17;0,012581796;0,002722966;0;0,037488809;0,019375063;0,020481248;0,03759599;0,041273583;0,02979534;0,058593974;0,01426307;0,012403177;0,008492524;0,033041567;0,005361947;-0,00356096;0,014571124;0,012379804;0,011581941;0,010523368;0,003680732;0,008785822;0,012164925;0,021986603;-0,100456687;-0,01467775;0,046705699;0,026302771;0,019241135;0,012224113;0,008491683;0,022287987;0,021822304;0,047272836;-0,004242637;0,018330066;0,027099504;0,043374973;0,005137065
2022-05-18;-0,038270312;-0,034623121;-0,011115382;-0,029411667;-0,01839379;-0,018565378;-0,014273969;-0,035334118;-0,001808766;-0,022140488;-0,014843788;-0,004594164;-0,036842151;-0,022143263;-0,048666604;-0,023900152;-0,00833916;0,001358458;-0,056887467;-0,036849096;0,006112535;-0,014251754;-0,02085557;-0,020361155;-0,055837491;-0,020725263;-0,02868539;-0,008703979;-0,014562878;-0,027687889;-0,006214817;-0,007994036;-0,008617464;-0,077083283;-0,025313426;-0,021000099;-0,017837217;0,001139012;-0,023366333
2022-05-19;-0,012919849;-0,005625931;-0,007941258;0,022510946;-0,001873755;-0,007668515;-0,0058479;0,000234757;0,008152399;-0,018867645;0,011102235;0,019999986;0,00163946;0,017612523;0,018219975;0,004347956;0,005839819;-0,00542731;0,02617614;0,023565126;0,010125461;-0,003212987;-0,00866419;0,006666674;0,002688264;-0,019179902;0,021328982;-0,028780497;0,004378558;-0,008785107;0,008472649;-0,002197614;0,012093799;-0,008276935;0,026613528;-0,020428788;-0,034052217;0,022184121;0,007134319
2022-05-20;-0,004712215;-0,008486474;0,001970477;0,019474905;0,019399479;0,013395231;0,03641454;0,011971882;0,017969425;0,011538546;-0,010980328;0,003016609;0,015821071;0,000824096;0,017894028;0,025973998;0,012772823;0,021828133;0,033640995;0,049837706;0;0,012490325;0,007101256;-0,00077923;-0,016085919;0,01348616;0,005622535;0,013560836;-0,002724918;0,0091687;0,001400291;0,005873244;0,00485418;0,034142629;0,017658146;0,032325358;0,018018013;-0,013355519;0,013859165
2022-05-23;0,024197861;0,004279513;-0,022738377;0,004983395;0,009821504;0,016268235;0,042162288;0,018789087;0,030891685;0,019011118;0,023790487;0,030075017;0,038130905;-0,019764001;-0,004056847;-0,003109102;0,009172136;-0,015353922;0,027539761;0,007481608;0,017241404;0,025865334;0,014283023;-0,010136516;0,008174362;0,00066526;0,014376895;0,009910941;0,020218711;0,025136268;0,030363687;0,014598735;0,005574198;0,00440208;0,020428247;0,024242103;0,022316023;0,012972319;0,017126318
2022-05-24;-0,023626159;0,003551191;0,003647331;-0,006611579;0,019453172;0,021010452;-0,002294287;0,001593887;0,02226021;-0,014924962;0,019365019;0,013138895;0,017589226;0,024923025;-0,016293251;0,028514296;0,018859625;0,014915366;0,012878424;0,015365145;0,01182482;0,015127845;-0,01479497;-0,00866477;0,002702855;0,016622388;0,01732288;-0,00245342;0,010176495;0,014180259;0,006591741;-0,003597046;-0,03288982;0,022027521;0,013506896;-0,022189311;-0,018441791;-0,016147006;0,002129665
2022-05-25;-0,000525858;-0,006369591;-0,004260696;-0,009151472;-0,009540627;-0,011268671;-0,006085042;-0,016140097;0,008375153;0,003787375;0,016717273;0,001440889;0,018302042;-0,023497073;-0,014492819;0,0012994;0,007359275;-0,003340057;-0,006529206;0,01891542;-0,021036184;-0,017959248;0,029491455;0,015494784;0;-0,020928757;-0,002321802;-0,002459224;0,019618256;-0,026216054;0,00828205;0,021660584;0,014138266;0,016212099;0,003093735;0,005547306;-0,02952444;0;-9,04314E-06
2022-05-26;-0,007894819;0,012108398;0,02277862;0,041981492;0,004214321;0,005450878;-0,002927648;-0,01085946;-0,025747674;0,033962629;-0,007473617;-0,004316531;0,060908594;-0,02546181;0,024509943;-0,028769296;-0,023467057;0,032841917;0,004496491;-0,007920591;-0,025467665;0,012451098;0,016871881;0,0266039;0,097034976;-0,019372087;0,040341223;0,012820159;0,059802735;-0,002991275;-0,007067983;0,007067279;0,035794966;0,042784677;-0,000592855;0,013039213;0,015803904;0,022071375;0,011846627
2022-05-27;0,019098156;0;0,014273712;0,023368327;0,007193958;0,01429302;-0,010945023;0,001167934;-0,016197505;-0,010948985;0,006023999;-0,001445222;0,017882283;-0,008039068;-0,021872851;-0,025834967;-0,00929481;-0,000649019;0,012396937;-0,024201693;-0,00816638;0,005380343;0,009678443;-0,005716555;-0,017198946;-0,007493148;0,043996942;0,000973928;0,010304279;0,010200994;-0,008464617;0;0,009821804;-0,007649527;0,01744785;0,008910951;0,019836561;-0,044850477;0,000464742
2022-05-30;0,000520445;-0,008444836;-0,000849453;0,007874026;-0,007738026;-0,00971843;-0,026450773;0,02566492;-0,0277298;-0,011070296;0,017964206;-0,024601965;-0,003698454;0,004341571;-0,023060887;0;-0,010984003;-0,012986939;-0,012245135;-0,013040122;-0,002470262;-0,009174149;-0,02430674;-0,008432293;-0,040000134;0,01647233;0,020714291;0,004377447;-0,013598877;-0,005345988;-0,000194311;-0,007719539;0,002161451;-0,004905433;0,010849289;-0,024043374;-0,025934167;-0,041159404;-0,00812921
2022-05-31;0,004682795;0,007097341;-0,026226335;-0,002343625;0,012597061;0,005887999;0,015248038;0,012283916;0,038324348;-0,011194114;-0,009558928;-0,016320444;0,002784232;-0,028818409;-0,023605162;0,011430907;0,015733404;-0,001315889;0,004476791;0,004922353;0,00206358;0,009259093;0,009122882;0,028217883;-0,031249964;0,055367861;-0,004898422;0,004358255;0,016740401;0,000895591;-0,009314752;0,018387572;0,01976995;0,011971888;-0,005077941;-0,022624392;-0,006656143;-0,021765457;0,002873046
2022-06-01;-0,033661362;-0,004933076;0,008728245;-0,021143458;-0,016587421;-0,018048918;0,001911715;0,024269704;-0,021459262;0,007547333;0,017074969;0,00452487;0,006941253;0,025222477;-0,002197788;-0,005198754;-0,037357472;0,013175238;-0,002742301;0,076565741;-0,000411949;-0,013860218;-0,002260063;0,012782256;-0,002688084;0,003199037;-0,005625913;0,016875724;0,024213014;-0,01849633;-0,011361159;-0,007638746;0,02009174;-0,017397366;0,023547238;-0,014403248;0,033109604;0,016687349;8,08255E-05
2022-06-02;0,024115819;0;0,015080353;0,031199997;0,001040325;-0,004028489;0,000817644;0,005923577;0,016666915;0,007490693;-0,037956212;0,01051053;0,014705897;0,050072328;0,006607972;0,004317215;0,002602908;0,033810179;0,040563667;-0,000957683;0,006180537;0,004266678;-0,019167193;0,040460177;0,024258744;0,031249992;0,022630823;-0,020388891;-0,000472753;-0,011246198;0,012086268;-0,003499068;0,014858266;-0,007082018;0,018812201;0,014613733;0,004578643;0,01215804;0,009276221
2022-06-03;-0,009942604;-0,002832888;-0,016682955;-0,017067602;-0,006024077;-0,005991143;-0,013889216;0,005670712;-0,012079473;-0,033457184;-0,014415818;-0,019316566;-0,030797167;-0,024255704;-0,002188084;-0,001131286;-0,002124173;-0,020125813;-0,006277043;0,007909932;-0,022522355;-0,009270031;-0,028779547;0,005708171;-0,055263161;-0,004329003;-0,015906054;-0,02904169;0,007095769;-0,009529693;-0,013899794;-0,028791832;-0,013278961;-0,027817408;-0,016017743;-0,030864295;-0,015571503;-0,055855886;-0,01148648
2022-06-06;-0,016913249;-0,002130765;-0,031826598;-0,030781374;-0,004848404;0,001004564;-0,012427174;-0,000650592;-0,009607101;-0,042307679;-0,019245645;-0,004545438;-0,004205621;-0,031355958;-0,033625789;-0,004303298;-0,00780503;-0,020539181;0,007978844;-0,004994197;-0,018014373;-0,003508591;-0,024876425;-0,042922816;-0,052924853;-0,011801298;-0,008432829;-0,02492528;0,026772952;-0,003724484;-0,029581263;-0,033261325;-0,002760471;-0,022744;0,001017627;-0,023354387;0,002314691;-0,034987271;-0,008244676
2022-06-07;-0,007526898;-0,022775847;-0,033640214;-0,031758691;-0,008526046;-0,008530062;-0,00699121;-0,023654516;-0,011463859;0;-0,006279445;-0,009132298;-0,035194667;0,012248469;-0,022692915;0,000682362;-0,010726881;-0,013761484;0,002308592;-0,021749503;0,000426604;0;0,004314292;-0,01111943;-0,03235293;-0,022627286;-0,009213334;-0,012269883;-0,022415567;-0,008722595;-0,017798585;-0,014958751;-0,029757596;-0,00450455;0,023376378;0,013586851;-0,001154754;0,000659089;-0,001052765
2022-06-08;0,011376132;0,002185082;0,009000516;-0,008410623;-0,011056733;-0,017712629;-0,00901133;-0,005779109;-0,005352238;0,024096224;0,004739372;-0,00614452;-0,016536951;-0,019014739;-0,025541806;-0,007274332;0,008433353;0,003322386;-0,049029206;-0,024431953;-0,008102133;-0,01917088;-0,027829695;-0,012369011;-0,021276576;-0,028295754;-0,017167412;-0,012422304;-0,018717563;-0,01131368;-0,012705563;0;0,001783042;-0,021116131;-0,034429448;-0,01447717;-0,059344853;-0,017127711;-0,015462887
2022-06-09;-0,02035353;-0,010901071;-0,016135316;0,013570841;0,001242298;-0,000515255;-0,001421093;-0,004918427;-0,007175023;0;-0,008647827;-0,006182418;-0,0093967;-0,031130618;0,009531403;-0,015342396;-0,000716562;-0,00066226;-0,043598816;-0,031304638;0,000859595;-0,017152218;0,016522586;-0,042884079;-0,065217397;0,004632692;0,020378468;0,004192649;-0,015260002;0,001907152;-0,011181577;-0,014426921;-0,020648131;-0,00077041;-0,033828606;-0,0130575;0,00450631;0,004691648;-0,011756238
2022-06-10;-0,020776597;-0,001469652;-0,020799994;-0,024267769;-0,013027326;-0,014948264;-0,016789964;-0,009436041;-0,013550139;-0,015686172;-0,010309282;-0,006220878;-0,014478295;-0,032131009;-0,040912792;-0,013023404;-0,021520852;0,004638894;-0,006511979;0,005687889;-0,014604775;-0,021914873;-0,021545858;-0,045202339;-0,036544836;0,005270016;-0,006419356;-0,022442381;0,00726404;-0,013324727;-0,001493304;-0,014637679;-0,046528453;-0,016962335;0,000236661;-0,040242743;-0,021207216;-0,049366261;-0,015061535
2022-06-13;-0,035734078;-0,019131677;-0,03322423;-0,010291609;-0,015713628;-0,014652037;-0,022865393;-0,044000876;-0,014651546;-0,083665285;-0,026442056;-0,020344002;-0,037487318;-0,015346023;-0,011484717;-0,011074253;-0,000488947;-0,027704679;-0,053168313;-0,025450048;0,00348733;-0,012033495;-0,055823909;-0,038621149;-0,079310355;-0,057011736;-0,055276447;-0,001601631;-0,028846098;-0,019292751;-0,011965803;-0,025801243;-0,059092528;-0,039999763;-0,03169345;-0,029293284;-0,007500037;-0,063157826;-0,027331937
2022-06-14;-0,012160147;-0,013503369;0,016901185;-0,004332809;-0,007662456;-0,0100902;0,000307093;-0,018030892;0,007434608;-0,021739289;-0,005761514;0,006389534;-0,033157786;0,031488518;0,00248961;0,003812101;0,009780121;-0,028493675;-0,022692255;-0,01978378;-0,003040605;-0,006719977;0,00634202;-0,009503282;-0,048689211;-0,046560153;-0,009878351;-0,009625889;-0,038118958;-0,011147434;0,00237836;0;0,012965959;-0,002451139;-0,001954131;0,007100381;0,018052211;0,008988754;-0,005214527
2022-06-15;0,028136433;-0,006844013;0,014543171;0,010443974;0,007078303;0,006974237;0,015811241;-0,022710767;0,007379931;0,039999863;0,009105873;0;0,021230111;0,009559123;0,020695356;0,023023838;0,016949119;0,039804372;-0,001967876;0,037136914;-0,002178892;0,004228553;0,047977299;0,042302565;0,003937054;-0,002915507;-0,001534909;0,011879191;0,006176116;0,008289106;0,006904004;0,004012754;0,014399883;0,023751099;-0,000611837;0,005875472;-0,010309391;0,020044481;0,007289615
2022-06-17;-0,021664991;-0,002297271;-0,033856797;-0,013781335;-0,01597477;-0,015450197;0,002349666;-0,076390608;-0,016483409;0,01282079;-0,020508461;0,003174623;-0,022388023;0,012828275;-0,005677204;0,034570968;0;-0,04499664;-0,078864361;-0,009341242;0,014410571;-0,012631756;-0,022308372;-0,006694457;-0,066666667;-0,02704671;-0,020753282;-0,011739732;-0,022506717;-0,013482462;-0,025926357;-0,004796302;-0,037460586;-0,024800059;-0,052161015;-0,015771134;-0,048749848;-0,02983989;-0,029005807
2022-06-20;-0,012820442;0,001535071;-0,016391279;0,008733732;0,020130406;0,026515138;0,007617866;-0,023019288;0,001862564;-0,025316346;-0,004187596;0,009493729;0,003816843;0,012967424;-0,016313169;-0,010989066;-0,001190457;-0,007735684;0,001712244;-0,015191232;0,003874147;0,043496817;-0,009722162;0,005475971;0,084033575;-0,037565846;0,004709626;0,001080219;-0,032966896;0,021333383;0,003739521;-0,000803107;-0,04956987;-0,013945833;-0,024673829;-0,004154116;0,055628401;0,023255829;0,000280491
2022-06-21;-0,0094452;0,009195306;-0,01436561;-0,005194907;-0,007164896;-0,007106053;-0,041000205;0,018904072;-0,01022345;-0,047619027;-0,008410472;-0,014106714;0,001629554;-0,036915828;-0,002487642;-0,01383218;-0,005006054;0,017717986;0,019658208;-0,002659098;-0,003430397;-0,010625049;-0,004207876;-0,031839214;-0,027131759;-0,015612786;-0,005468876;0,027507889;0,017857199;0,001958111;0,031119431;0,016076936;0,035776158;0,013311221;0,006622495;0,014898494;0,049792574;-0,034457479;-0,001682473
2022-06-22;0,007747471;0,009871035;0,018073014;0,013925457;-0,005187779;-0,004291941;-0,003638655;-0,010486674;0,002816978;0,02272699;0,018895632;0,004769551;0,002711359;-0,008036923;0,006650062;-0,011496849;-0,005510422;-0,011142033;-0,039396348;0,018399709;0,012478642;-0,007435453;0,015292021;0,015577704;-0,027888509;0,005551255;0,037706192;-0,01259849;0,033492677;-0,017589441;-0,001912106;-0,004746647;-0,011236095;0,032840631;-0,008552724;0,024662478;0,019367689;0,031890707;-0,001635151
2022-06-23;-0,006505305;0,002255549;0,023049449;-0,006009013;-0,024120235;-0,02640089;-0,006390632;0,005434803;-0,004681521;0,00444454;-0,010109236;-0,020569422;-0,021092332;-0,022748591;0;-0,023493812;-0,009395078;-0,002816762;-0,028359659;0,015187369;-0,018699753;-0,022887498;0,009314124;0,01619114;0,045082046;0,029968388;0,028766126;-0,007442656;0,011316983;-0,022546444;-0,001491241;-0,002384752;0,013468094;-0,040540557;-0,036496342;-0,033237938;0,004652961;0,011773349;-0,014489259
2022-06-24;-0,004761745;0,025506483;-0,026728272;0,001727307;-0,001335865;-0,008301093;-0,005819344;0,022972932;-0,000940727;-0,026548496;-0,010212833;0,016154806;0,016022;-0,024234676;-0,010734987;-0,029299697;-0,002675151;0,016949194;0,039514966;-0,021150445;-0,003031605;-0,001703728;-0,012173491;-0,029350249;-0,031372482;-0,019907982;-0,0073583;-0,018746723;0,009664486;-0,003052991;-0,007250858;0,010583108;-0,004152869;0,008285027;0,027823778;-0,010076983;0,021227297;0,035636362;0,006035889
2022-06-27;0,002392441;0,003657613;-0,000143768;0;0,008695354;0,013951132;0,020640722;0,027741165;0,018204745;-0,009091038;0,025795347;0,014308561;0,010875474;0,035620886;-0,005842969;0,013251477;0,004633006;-0,015972514;0,015118981;0,022134426;0,002172157;0,005972887;0,027231243;0,001727889;-0,016194341;0,014843716;0,044477469;0,002183322;-0,00201529;0,018033501;0,003222382;0,002386818;0,011676255;0,03040265;0,045966132;0;-0,018424381;-0,019662899;0,021201557
2022-06-28;-0,019689733;-0,014577223;-0,011647961;-0,028448172;-0,009283544;-0,014309546;0,003622181;0,015424125;-0,003756045;-0,009174315;0,00167636;0,00156727;0,00806888;-0,007888897;-0,020151097;0,004843817;0,007038785;-0,007762805;-0,004255504;-0,004556765;-0,000867111;-0,011026198;0,000193516;-0,020267569;-0,02057619;0,010777416;0,0078069;-0,005446445;-0,006057427;-0,002339738;-0,004710671;-0,003174773;-0,019785609;0,013556595;0,017937246;0,01556882;0,008484371;-0,027220676;-0,001716883
2022-06-29;-0,017650753;0,006656801;-0,001745861;-0,016987335;-0,014725692;-0,017308717;-0,005112916;-0,036202539;-0,020735049;-0,009259392;-0,012552181;-0,014084457;-0,009071498;-0,016221455;0,016280887;-0,020004977;0,003374479;-0,001422494;-0,011110959;-0,023753835;-0,003904292;-0,010292009;0,004642641;-0,011341329;0,012605097;-0,051028128;-0,045070402;-0,005476718;-0,02437781;-0,018090395;-0,017642305;-0,004777218;-0,021446713;-0,011801807;-0,008307077;-0,003537478;-0,004588956;-0,013254772;-0,009633069
2022-06-30;-0,008054389;-0,015429909;0,013700498;0,000913469;-0,023097812;-0,022727189;0,009069065;-0,021801892;-0,000962485;0;-0,023728714;0,011111133;-0,019924491;-0,001616519;-0,003372594;-0,007624012;-0,007927055;0,16096872;-0,034140067;0,017112456;0,000435303;-0,017764453;0,00924348;0,014349998;-0,029045707;-0,028089882;-0,021386513;-0,022026419;-0,00052072;-0,017058904;0,030661758;0,020800249;-0,000429708;-0,019904384;-0,028303139;-0,011242746;0,01613543;-0,024626958;-0,010840979
2022-07-01;0,023110355;0,026865658;0,005320054;0,020985081;0,002086103;0,007558081;-0,006890379;0,00241676;0,009633931;-0,037382998;0,013888959;-0,00627929;-0,017582657;0,036269455;0,01861253;-0,007435051;0,006295232;-0,026380482;-0,003131975;-0,012355773;0,01349588;0,008725658;0,016742819;0,021220097;-0,059829005;0,03881086;0,036925455;0,014076708;-0,012499866;0,006941916;0,016618464;0,032915203;0,012467843;-0,013809975;-0,01907004;0,010771831;0,001890451;-0,00688595;0,004180958
2022-07-04;0,004273839;-0,005813922;-0,021434771;-0,009829941;-0,010612835;-0,010457033;-0,003318342;-0,027591817;-0,012404472;-0,029126562;-0,023117034;-0,006319338;-0,015659818;-0,025625013;-0,007475034;-0,017228494;-0,016361832;-0,02457452;-0,005385729;-0,008251443;-0,018041174;-0,009628273;-0,007343203;-0,003030265;-0,031818151;0,015898339;0,015988336;-0,009994483;-0,012130958;-0,0141332;-0,021871528;-0,013656859;-0,006794096;-0,022240527;-0,005725518;-0,031379506;-0,000377488;-0,043143251;-0,003486468
2022-07-05;0,002431349;0,029970716;0,005309794;0,017147877;0,0035109;0,002334552;-0,005447919;-0,026997233;-0,021256215;0,035000338;-0,013145814;-0,007949128;-0,017613615;-0,02020526;0,023430936;-0,010416743;-0,001223072;-0,004521942;-0,017599591;0,00805199;-0,005249357;0,007070161;-0,013277663;0,002605358;0,117370803;-0,008607256;0,001430605;0,030286273;0,020822317;0,004545421;-0,003009987;0,003076773;0,038905481;-0,010951983;-0,004955095;0,003667533;0,020007661;0,015297933;-0,003184294
2022-07-06;-0,00424497;0,009936092;0,033597457;-0,014197245;-0,003498616;-0,008153339;-0,006390632;-0,045866335;-0,002961566;0,091787366;0,011545316;-0,012820405;-0,010410675;0,0016367;0,008176592;-0,003337478;0,006368026;0,013627448;0,020670764;0,067625123;0,007915697;-0,009214617;0,025374944;0,033347457;0,050420201;0,054459326;0,012857203;-0,014153565;0,02227554;-0,010093938;0,017252196;0,00536823;0,038683176;0,006814348;0,009421277;-0,004263061;0,002960773;0,094369567;0,004313546
2022-07-07;0,012789345;0;0,024982211;0,022502391;0,012640288;0,020551821;0,014701263;0,041246272;0,017821881;0,048672616;-0,004389834;0,006493546;0,027469245;0,027124115;0,019464686;0,010561708;0,01898254;0,030089701;0,057605764;-0,001746038;0,013961491;0,014172338;0,04986863;0,03730106;0,023999926;-0,011227557;0,021156483;0,002760621;0,025640924;0,002109928;0,003604578;0,031273589;0,017828881;0,004230084;0,029066514;0,01223256;0,018819274;0,10507238;0,020370952
2022-07-08;0,010823642;0,005622062;0,001246363;0,007042289;0,00346762;0,000575355;0,009658896;-0,017383887;0;0,016877643;0,000881727;0,004838692;0,009101319;-0,004454319;0,00636438;0,006882362;0,009314618;-0,010565628;-0,00510646;-0,002497973;-0,003872805;0,000436521;-0,002678475;0,001212049;0,023437603;-0,020439043;-0,015193337;-0,004405181;-0,001999769;0,000701656;0,003168456;-0,000739432;-0,029972785;0,005054903;-0,023063108;0,001208371;-0,012314485;-0,022295058;-0,00437804
2022-07-11;-0,035692999;-0,01467521;-0,043292028;-0,058566325;-0,015204008;-0,020126295;-0,01644253;-0,009570708;-0,001945471;-0,03734473;-0,01145383;0,011235882;-0,018038236;-0,02780439;-0,016600773;0,00126583;-0,009938505;-0,007537708;-0,018819633;-0,020535855;0,000432275;-0,016150036;-0,032408391;-0,028651899;0,003816754;-0,026275199;-0,007713905;-0,008296447;-0,012024592;-0,019985939;0,008001507;-0,005181272;-0,03531289;-0,006705728;-0,03408465;-0,026554121;-0,025302565;-0,042253582;-0,020710148
2022-07-12;0,014805979;-0,02198575;0,006216684;-0,021355797;-0,002806859;0,004107997;0,003343481;0,002049771;0,006822665;0,034483205;0,00891257;0,020634908;-0,016073683;0,021367507;0,047427588;0,011378008;-0,005736109;0,010759555;0,00784671;0,006647825;0,003885856;-0,002218427;-0,001850442;0,004569695;0,114068429;0,002381103;-0,017667944;0,012269888;0,01927017;-0,008229149;-0,004804712;-0,011904791;-0,01455906;0,016877497;0,00302072;0,008679493;0,000376352;0,007002794;0,000600741
2022-07-13;-0,001823943;0,056562613;0,021982734;-0,024667903;-0,019000783;-0,022794071;-0,010905588;-0,009643537;0,007744604;-0,029166995;0,004417104;-0,017107278;-0,021586805;-0,012874169;-0,006907092;-0,017249966;0,000721271;-0,007514187;0,006055399;0,002794263;0,002580651;-0,004001982;0,02261785;0,017369823;-0,034129715;-0,001583666;0,003597249;-0,027548208;-0,009950274;-0,015512227;-0,009235893;-0,021837236;-0,003376887;-0,003319566;-0,003422413;0,027043751;0,005265122;-0,034075032;-0,003968617
2022-07-14;-0,023142322;0,018531384;0,009560188;0;-0,022237708;-0,022727149;-0,001225247;-0,025671258;0,011527148;0,025751389;-0,011433499;0,007911394;0,022063076;0,020215201;-0,059505347;0,025438844;0,004323541;0,010725535;-0,044711934;-0,007598765;-0,007722026;-0,011160369;-0,011965433;0,00569129;0,02826857;0,004758218;-0,002867363;0,003966101;0,036683278;-0,014657228;0,001482795;-0,000770232;-0,015671429;-0,006660971;-0,066620909;0,007779712;-0,012345661;0,018718482;-0,017981018
2022-07-15;0,000623374;-0,016846219;0,036067407;-0,024319005;0,008803223;0,006120306;0,020545781;0,053300978;-0,007597318;0,012552393;0,004448107;0,007849296;0,005251011;0,009907322;-0,001643438;0,003969087;-0,000239189;0,020599209;0,059405924;0,017355675;-0,01037616;0,018058594;-0,001834581;0,013338727;-0,04467353;-0,026835023;-0,040258902;-0,007900668;0,010664412;0,009668949;-0,001903909;-0,00462222;0,000860438;-0,00502948;0,00618112;-0,001187639;0,005681614;0,040282755;0,004473528
2022-07-18;0,001246119;-0,006854195;0,009139639;0,023928335;0,008000458;0,012773772;0,014122644;-0,02357676;-0,009569301;-0,004132377;-0,010628453;-0,00934576;0,011027352;0,00632905;-0,006584383;-0,016555413;0,001914053;-0,04281333;-0,006797;-0,00677358;0,000873709;0,013303827;-0,001838439;-0,001196776;-0,003597085;-0,044606625;-0,023220891;0,008532276;-0,012470228;0,010681536;-0,005722624;-0,003870018;0,005589039;0,012636982;0,00526533;-0,023186735;-0,016195706;-0,000679383;0,003780385
2022-07-19;0,004355768;-0,000690158;-0,016648914;-0,005842551;0,033910369;0,036636118;0,026963071;0,017078971;0,003864626;-0,033195264;0,016114383;-0,007861545;0,002870118;-0,001572223;0,004971066;-0,000753748;-0,004059263;-0,024920213;0,026090643;0,022985283;-0,00261895;0,033697567;0,001657448;-0,011980709;0,007220141;0,082342804;0,046779135;-0,006767863;-0,019426956;0,036442887;0,012790697;0,014763118;0,054724314;-0,000832031;0,002182501;-0,0182593;0,032159093;-0,040108834;0,013712906
2022-07-20;0,014869827;-0,012430851;0,005282257;0,032321341;-0,016050027;-0,012745891;0,000288585;0,007527456;0,004812619;-0,004291938;0,013215792;0;0,00400692;0,017007863;0,008244;0,001005777;0,002157624;-0,007863717;-0,007503143;-0,031851672;0,00043773;-0,012700795;-0,007905949;0,01535959;0,100358491;0,05725494;0,005128092;0,033503433;-0,028726965;-0,007032317;-0,013050333;-0,013017073;0,049047443;0,059117469;-0,021631897;0,055176751;-0,035979005;0,012039685;0,000427503
2022-07-21;0,012210143;0,018181697;0,004581024;0,044592231;0,01205666;0,01349751;0,006922211;-0,000862034;0,006704743;-0,008620333;-0,001739162;0,003169591;0,013112888;-0,00371645;0,00899428;0,011554842;-0,000478413;0;0,001260043;0,011476637;0,007873925;0,008147563;0,015752446;-0,011942654;-0,019543986;0,014836779;0,005102159;-0,00494488;-0,003569523;0,002124523;0,001919538;0,001551568;0,018933624;-0,003144714;0,017510141;-0,002350082;-0,025394425;-0,013995711;0,007590017
2022-07-22;0,006031355;-0,003434037;-0,005767275;-0,02633955;-0,007708549;-0,012739035;-0,006874624;-0,019844654;0,013320654;-0,034782863;0,025261482;0,003159484;-0,015756867;-0,000932456;-0,006483002;0,0094364;0,009334684;0,008586556;-0,001258457;0,006807739;-0,000868021;-0,010634116;0,01112958;-0,016115805;-0,049833955;-0,021198744;-0,041334239;0,017669884;0,025076721;-0,027208244;-0,003192538;-0,000774476;-0,018202687;-0,017350103;0,00933346;-0,02591302;0,02013407;-0,013484839;-0,001090546
2022-07-25;-0,002398249;0,011716107;0,028059064;0,000932765;0,010593503;0,013490131;0,015286929;-0,012324001;0,015962511;0;-0,003398532;0,001574767;0,011435103;0,016801554;-0,000815687;0,033456176;0,028456343;-0,017681715;0,020159576;-0,007763198;0,003040823;0,014617607;0,014976391;0,011465661;-0,024475503;0,014936502;0,021936384;-0,002713322;0,010983648;0,017798687;-0,008755406;-0,019380199;-0,00154489;0,026484798;0,01849446;-0,01692845;0,030027355;-0,025899253;0,013596159
2022-07-26;-0,016225709;0,009536753;-0,019420072;0;-0,002096638;-0,006944514;0,0034091;0,003267992;-0,011090446;-0,03603593;-0,028985381;-0,007861545;-0,005087636;-0,035495711;-0,019591803;-0,01285397;-0,001152852;0,009333289;-0,010292047;-0,009338656;-0,007795602;-0,005508294;-0,023111093;-0,026720562;-0,064516013;0,006622445;-0,019245103;-0,012513548;-0,025679114;-0,001784541;-0,000646492;-0,003952082;-0,029787265;-0,027365161;-0,0018441;-0,005535333;-0,010574027;-0,046528712;-0,00496659
2022-07-27;0,030543708;0,010796243;0,03278466;0,013979337;0,005602108;0,005827161;0,006511772;0,01984004;0,052335998;0,05140186;0,035996342;0,003169591;0,044318091;0,018718229;0,028309683;0,018085412;0,019621333;0,02575975;-0,001247923;0,015286244;0,016586648;0,003408589;0,046405925;0,049084853;0,03448265;0,014619964;0,027169862;0,015427302;0,028383045;-0,004647715;-0,032118667;-0,015873217;0,042264785;0,036173689;0,002273772;0,044526967;0,025572649;0,072037135;0,016698072
2022-07-28;0,011855278;0,008010756;0,032262168;0,034926794;0,00417822;0,007531995;0,018565276;0,014227692;-0,00532827;0,00444454;0,035593159;0,007898803;0,004896643;0,007162934;0,038866424;0,022737949;-0,003169505;0,026400535;0,004997927;0,016060486;0,007299523;0,006369607;0,000695545;0,0297382;0,007407495;-0,047550367;-0,024981612;0,013564709;0,01872839;0,025143696;-0,000445343;0,01854867;0,009181231;-0,009309551;0,002410814;-0,001776108;0,039448972;-0,022398857;0,011425698
2022-07-29;-0,011716377;-0,011258324;-0,006526741;-0,015097785;0,00346762;0,002300171;-0,006627953;0,050386439;0,003571149;0;-0,018003146;0,014106531;0,010828478;0,015460676;-0,015588513;0,019916586;0,004315078;0,014428982;0,013675756;0,051864854;-0,028559189;-0,003376117;0,001216435;-0,026183899;-0,0514707;-0,001512888;-0,012810762;-0,013918871;0,014997926;-0,008759617;-0,006238924;-0,003167232;-0,000378895;-0,006264717;-0,013297447;-0,012455574;0,003938673;-0,020694808;0,005536224
2022-08-01;0,016004489;-0,020093681;-0,001516258;-0,01983803;-0,002073455;-0,002294893;-0,008062198;-0,055328396;-0,007117417;0,004424811;0,017499969;-0,001545559;0,004284926;0,00334957;0,02375309;-0,006584723;0,004749072;-0,019789761;-0,03229774;-0,007983351;0,020623033;-0,005606704;-0,007810942;0,001977013;0,05426369;-0,00151518;0,00458004;0,005428894;0,039084511;-0,022269368;0,000224535;-0,009531561;-0,006446729;0,016548414;-0,023942656;0,020420342;-0,005706245;0,014339567;-0,009111617
2022-08-02;-0,011085023;0,005468023;0,00771863;-0,006439651;0,015063193;0,017210971;0,013453095;-0,001154095;0,013440979;-0,008810699;-0,020475164;0,004644036;0,014933308;-0,018209496;-0,030162392;-0,020571551;-0,006302066;0,006309231;0,030840971;0,00899399;0,016336843;0,01065121;0,004723552;0,00907667;-0,003676514;-0,003034857;0,001519907;0,013499235;-0,006880727;0,006869142;-0,006725443;-0,014434436;0,008015092;0,006976857;0,031874086;0,01000604;0,017934146;-0,020833152;0,011122524
2022-08-03;0,023008673;-0,005438287;0,06102454;0,0333334;0,012294995;0,015846476;0,00691366;-0,00144423;0,00265249;0,057777836;0,058528334;-0,01232673;0,010509719;-0,008655217;0,068580424;0,001166809;-0,023103168;0,009404354;-0,040573788;0,009617652;-0,006768135;0,007167356;0,031168432;0,066092843;0,08118078;0,00761029;-0,024279358;0,030367502;0,016166298;0,015798921;0,006544976;-0,007323031;0,028777039;0,036181716;-0,038861177;0,036130484;-0,009161356;0,085106198;0,003995666
2022-08-04;0,065744103;0,003417525;0,030532582;0,066308426;0,024291417;0,018384197;0,018950768;-0,015331177;0,029100642;0,050420307;0,055292285;0,026521085;0,050961954;0,044589914;0,114179136;0,025874178;-0,003245777;0,027329161;0,031610243;-0,010223161;0,005110638;0,024277755;0,049307765;0,03631706;0,139931717;0,005287008;-0,016329673;0,00827287;0,011363885;0,013785948;0,01479798;0,024589918;0,015826291;-0,002971987;-0,00577613;0,032620891;0,024537621;0,042016838;0,020399904
2022-08-05;0,01623381;-0,005449481;-0,0173403;0,014285623;0,009222684;0,012035258;0,018598452;0,035546388;0,002570665;0,015999556;-0,014970022;0,004559254;-0,014844084;-0,003880581;-0,014065625;0,014769517;0,005582509;-0,066505404;0,020704;0,003521327;0,01016941;0,018798687;0,000160902;-0,027610375;-0,053892185;0,008264518;0,031620582;0,027179711;-0,002247413;0,019176929;0,004198082;0,013600242;-0,019636408;-0,008941724;0,012960103;-0,00925933;0,000694162;0,007392501;0,005477279
2022-08-08;0;0,013698594;-0,011686406;0,031482945;0,002611033;0,003242895;0,031489569;0,016453953;0,018803661;0,015748264;-0,01367785;0;0,00803612;0,00988918;-0,00067937;0,041871684;-0,012028675;0,012305536;0,008113692;0,004912268;-0,002516679;0,012434559;0,020112521;0,001091944;0,034810113;-0,015648381;0,039080508;0,069894951;-0,000450302;0,005815971;0,00594055;0,000789255;0,046735938;0,015037553;0,008529339;-0,004397844;0,031217598;0,030687162;0,018126831
2022-08-09;-0,031949029;-0,004054132;-0,024476737;-0,016064162;0,015625317;0,014547358;0,01667537;0,022048481;0,021811715;-0,011627885;-0,004622259;0,009077122;-0,003487737;-0,009198816;0,000679832;-0,010315642;0,003746229;0,008317368;0,016096466;-0,020717032;0,007149006;0,026148984;-0,025236475;-0,023272901;-0,058103911;-0,038607138;-0,059734557;0,014465838;0,000901106;0,006802857;0,012685954;0,014984225;-0,004252289;0,011851755;0,02070596;-0,004969519;-0,005045427;-0,025890007;0,002297006
2022-08-10;0,038503936;0,028493799;0,047272709;0,009795877;0,016025524;0,01593204;0,008579458;0,006280709;0,003284063;0,035294492;0,038699529;-0,032983534;0,050500025;0,012279064;0,026494548;-0,01845836;0,001632848;0,043781827;0,005148567;0,022106172;-0,001252665;0,018532889;0,03317142;0,041325329;0,068181749;0,019685201;0,006274548;-0,00505991;0,008554684;0,019256637;0,002159987;0,003885054;0,075088951;0,027086485;0,000714198;0,029411677;0,037187282;0,070431887;0,014587993
2022-08-11;-0,021716144;-0,001978891;-0,028124864;-0,017785007;0,005047117;0,008364129;0,044283222;-0,036634967;-0,002454718;-0,01136393;-0,017883667;-0,006201498;-0,033317509;-0,023372813;-0,042356033;-0,012168159;-0,003726006;-0,023708213;0,007880074;-0,032325671;-0,015468457;0,001516251;-0,014722093;-0,026099286;-0,075987857;0,054053935;0,073265759;-0,014794235;-0,008928499;0,000994389;-0,006465792;-0,002322159;-0,013240605;-0,030648671;0,034832218;-0,02533694;-0,017926985;-0,040968298;-0,004699009
2022-08-12;0,030319375;0,005287715;0,068833972;0,078189307;0,018204436;0,012441823;0,056540481;0,014084507;0,018867844;0,034482692;-0,016691944;0,007800314;0,035942934;0,036958524;0,008293046;0,024635869;0,002337424;0,007472;0,020328589;0,021629576;0,021231763;0,012111755;0,009219437;0,016519932;0,177631623;0,047618969;0,021786492;0,007039156;0,008107945;0,009933688;-0,001952129;-0,011636866;0,024488463;0,041176538;0,012798735;0,059734481;0,025555837;0,006472554;0,027762081
2022-08-15;-0,001576227;0,013806697;-0,003788241;0,007633749;-0,012330453;-0,005120486;-0,025170237;-0,048611111;-0,008856554;0,014815029;0,043981528;-0,001548042;0,001901082;0,017236367;0,061686075;0,020983803;0,009794727;0,033374586;-0,014176492;-0,017172768;0,006236863;0,008601853;0,011497986;0,033947155;0,1284917;0,024475615;0,002132181;0,020037139;-0,003574208;0,015220748;-0,019995487;-0,020408082;-0,010478092;-0,014830619;-0,021490094;-0,001043765;-0,018122923;0,022507908;0,002376645
2022-08-16;-0,003158114;0,005187885;-0,017447825;-0,006060635;0,017478851;0,014410137;0,004884827;0,001459832;0,003248973;-0,025547631;-0,011086676;0,006201679;-0,00379495;0,00057437;-0,007101359;0,004495755;-0,005080703;-0,001794207;-0,023581203;0,003829752;-0,000826414;0,011494013;-0,018997234;-0,019909299;0,027227655;0,047781651;0,019148876;-0,015532485;0,01031367;-0,017704995;0,004213805;0,004807732;-0,020847067;-0,015770639;0,022254697;-0,020898614;0,008239977;-0,117610037;0,004246585
2022-08-17;-0,003167808;0,003225856;0,010017313;-0,019054907;0,003680633;0,001522467;-0,009027438;0,004664719;0,056680286;-0,007490798;0,027653304;0,026194077;0,012857086;0,021240015;-0,005201576;0,011935346;0,008218856;-0,023367364;0,011461567;-0,002145812;0,025641052;0,002565715;0,011111156;-0,014611531;-0,031325294;0,013029213;0,007654856;-0,00928044;0,040390781;0,005674196;0,00088321;0,007177147;0,016221641;-0,002184899;-0,022772765;-0,009605325;-0,0052305;-0,055595168;0,00172669
2022-08-18;-0,008474541;0,028938969;0,007099879;-0,001553967;0,004278858;0,006079164;-0,023125896;-0,004062664;-0,014559171;-0,026414978;-0,006545473;-0,006005955;-0,000940358;0,020236095;-0,018300634;-0,005054726;-0,009129165;-0,003067371;-0,019830071;-0,018637839;-0,022580665;-0,002924847;0,004709615;0;0,002487536;-0,003215409;0,015686864;-0,039344323;-0,004693022;0,010620742;-0,011694419;-0,012668604;0,033588231;0,002189683;-0,007474678;-0,010236991;0,01347354;-0,052830212;0,000923418
2022-08-19;-0,011217878;-0,021250013;-0,006378419;-0,026459228;-0,01339068;-0,012587887;-0,018412274;-0,017773911;-0,003110566;0,003876107;-0,017569561;-0,009063499;-0,019764674;-0,003030424;-0,059254296;-0,004022135;-0,012520762;0,003692201;-0,020231196;0,017043773;0,00825081;-0,011997588;-0,019531352;-0,018806406;-0,062034751;0,000645088;0,025499604;0,010726601;-0,022717574;-0,014449881;-0,009377242;-0,016840504;-0,009009044;-0,01165314;-0,011222802;0,016875139;-0,032101204;-0,017529862;-0,020357956
2022-08-22;-0,014046353;-0,015325587;-0,004505118;-0,016786674;-0,011103859;-0,01376889;0,010231611;-0,026994953;-0,001560019;-0,011583205;-0,00298068;0,006097509;-0,017762834;0,001657943;-0,004246421;-0,011264605;-0,012200838;-0,017167376;-0,024863047;0,016040252;-0,006546695;-0,011261406;-0,012270931;-0,020641283;0,010582017;-0,0082722;-0,023521506;0,00820054;-0,005263021;-0,013662048;-0,000901534;0,009788123;-0,0227271;0,000736914;-0,014635449;-0,030513689;-0,030150656;-0,015409597;-0,008924087
2022-08-23;0,007122908;0,001296913;0,004299079;0,01056918;0,00561427;0,007239002;0,020597216;0,009146318;0,004687603;0,007812559;-0,001494796;0,007575848;0,008308889;-0,008000015;0,019900644;-0,011822781;-0,002179551;0,00561439;0,059636981;0,00117827;-0,008237218;0,002657474;0,020813246;0,016183664;0,086387461;-0,006835377;0,011011721;0,007655318;0,006613749;0,005067294;-0,004962704;-0,00888506;0,012624373;0,010309274;0,064110135;0,016565305;-0,005181366;0,011532201;0,021321074
2022-08-24;0,009793423;0,02331605;0,024670603;0,002413332;-0,003721896;-0,005646866;-0,016618465;-0,003021102;-0,000777466;-0,003875889;0,011227855;-0,001503812;0,011148913;-0,004727374;0,017421513;-0,017630161;0,002427138;0,023573277;-0,008156404;0,03600838;-0,003322128;0,004165625;0,009325008;0,008518623;0,084337321;-0,011011734;0,056501082;0,020892936;-0,012264556;0,00436973;-0,016096136;-0,017115331;0,014107715;0,034256438;-0,032189098;0,011950219;-0,000347311;0,026058602;0,000363292
2022-08-25;-0,002693867;0,001265872;-0,000659597;0,024879806;0,006849266;0,007227589;0,023757076;0,00515146;-0,017120917;0,038910467;-0,008142367;-0,010542189;-0,004314491;-0,005308757;-0,005479389;-0,027714653;-0,016707152;0,015151561;0,014391334;-0,002725926;-0,01750004;0,012443315;-0,003288354;0,013587809;0,039999976;-0,004175379;0,034793727;0,02744187;0,003104044;0,011713729;-0,012672939;0;0,00064707;-0,009866023;0,019426147;0,002146848;0,005557593;0,031745997;0,005615688
2022-08-26;-0,027552771;-0,009481739;-0,004400544;-0,026624905;-0,00494748;-0,003587863;-0,005023795;-0,019595953;-0,024544562;-0,011235619;-0,017164077;-0,006088228;-0,022147429;-0,008426975;-0,018595078;-0,007242853;-0,002708674;-0,021492593;-0,024726456;-0,014578718;-0,002544642;-0,005959121;-0,032992855;0,007246273;-0,021367488;-0,006988054;-0,002490568;-0,002263393;-0,019009523;-0,005292844;-0,014235549;-0,012437634;-0,046556845;-0,001423476;-0,015013747;-0,013926048;-0,004835999;-0,018461436;-0,010860374
2022-08-29;-0,003888996;-0,003828971;0,014364734;-0,007240604;0,003107336;0,003600782;0,020677984;0,009225069;-0,005682187;-0,018939635;0,023538456;-0,004594164;0,017725315;0;0,021052574;0,021887431;-0,003703715;0,004881089;-0,004156235;0,006472236;0,019982953;-0,003372007;-0,003249465;-0,009712276;-0,013100494;-0,013370907;0,000624229;0,016333675;-0,003154886;-0,00232791;0,001183413;-0,005877444;0,001695604;0,007127525;-0,019346426;0,028788836;-0,015272517;0;0,000213715
2022-08-30;-0,0200779;-0,014093472;0,004139385;-0,012155718;-0,000619412;-0,003075349;-0,002826732;-0,024984756;-0,028571083;-0,023165761;-0,008902342;-0,015384618;-0,025157246;-0,007082192;-0,006872834;-0,004836567;-0,002973905;-0,024286593;-0,017529181;0,005971439;-0,005001887;-0,004511507;0,014343955;-0,005085208;-0,002212366;-0,037803168;-0,019338702;-0,012499987;0,00135647;0,001666685;-0,001654842;0,004222912;-0,019295924;-0,016277446;-0,028994132;0,007391568;0,000705002;-0,018025099;-0,016844279
2022-08-31;0,000569091;-0,007797267;0,002386545;-0,027891546;-0,01797912;-0,025192916;-0,01511958;-0,048437476;0,016806417;-0,019763097;0,010479234;0,024999968;-0,008436718;-0,002282469;-0,020069206;-0,021291334;0,006711348;-0,019290777;-0,009345715;-0,016666496;-0,000837839;-0,025302219;-0,022657947;-0,033589041;-0,053215014;-0,025203747;-0,017175627;-0,0179886;-0,017607417;-0,022628727;-0,025580431;-0,005045955;-0,014497743;-0,026618647;-0,007234069;-0,037735768;-0,003522306;-0,017557841;-0,008222329
2022-09-01;0,002275337;0,01047816;0,016234007;0,021097081;0;0,008438851;0,015351692;-0,000656829;0,001653012;0,040322425;0,010370249;0,022865859;-0,015515598;0,019445273;0,06920905;0,029794348;0,008395033;0,026649859;0,001286391;0,015091814;-0,001677293;0,015417546;0,029266766;0,003778044;0,023419061;-0,00532321;-0,017475785;0,028896272;0,022518743;0,003064021;0,00731797;-0,008453308;0,001401117;0,007391084;-0,009457279;0,01307215;0,003181333;0,025182705;0,008053103
2022-09-02;0,021566361;0,003240259;-0,010969303;0,044628093;0,00677849;0,010940504;0,004724459;0,068353533;-0,000825183;-0,003875889;0,032991295;-0,007451566;0,001016849;0,003366113;0,078599731;0,002525915;-0,0063663;0,029048201;0,030835083;0,000914877;-0,006299836;0,013746023;0,003514471;0,004892661;-0,025171465;0,016055096;-0,010540136;0,007366502;0,013483032;0,002715756;0,006786228;0,016197899;0,01329128;0,005135607;-0,015182402;0,011827863;0,06448194;-0,01030114;0,00415742
2022-09-05;0,019444387;0,004521987;0,004737821;0,016614027;0,008160626;0,002071449;-0,021161611;-0,00246072;0;0,023346477;-0,014904261;0,004504576;-0,006602391;0,012859913;-0,001837097;0,012368183;0,002710758;0,02882883;0,01454081;-0,002513739;-0,006762307;0,016195676;0,01082446;0,0101125;0,014084358;-0,024078232;0,00599203;0,000457163;0,004434553;0,012186863;0,005777607;-0,002516971;0,004142202;0,004379606;0,036554457;0,009564149;0,022840121;-0,003202644;0,012077861
2022-09-06;-0,027248053;0,000643188;-0,017683003;-0,035797794;-0,009340001;-0,0062013;-0,048042113;-0,020043158;-0,020644305;-0,026616269;-0,035302636;-0,016442506;-0,037321011;-0,000828025;-0,040490816;-0,013574682;-0,00638985;-0,025685829;-0,013104145;-0,016494807;-0,011914956;-0,009266375;-0,027559131;-0,034853696;-0,074073921;-0,023130371;-0,020516243;-0,01781643;-0,004414974;-0,006020147;0,007659224;0,021867261;-0,03128228;-0,025436077;-0,023765786;-0,02157885;-0,019740984;-0,0361445;-0,021737387
2022-09-08;0,016806837;-0,003856191;0,006436813;0,049233254;-0,003771191;-0,005719862;-0,00428965;-0,039962254;0,026138696;0,042968856;0,053771624;-0,010638229;-0,013807761;-0,018232087;0,033887444;-0,004816488;-0,001978708;0,014978924;-0,019087178;0,011879983;0,012919709;-0,007108198;0,005344238;-0,000384085;0,072499901;-0,058405664;-0,021621661;-0,015349001;0,005764966;-0,006392874;-0,000237711;0,019753137;0,020582013;-0,005219942;0,01319299;-0,016137653;-0,002641256;0,013333408;0,001384789
2022-09-09;0,038016607;0,014193644;0,009755989;-0,00384611;0,009463831;0,013598108;0,027622624;0,013110443;-0,00246505;0,014981385;0,015591568;0,001536063;0,016693572;-0,009848164;0,034632072;0,01313679;0,000247941;0,004132285;0,038071275;0,004143431;0,004251747;0,007912832;0,019168784;0,03189851;0,020979009;-0,002514783;-0,015193309;0,030703822;0,003086441;0,021672743;0,016631237;0,032284071;0,017385305;0,012743606;0,078127286;0,006560768;0,007944543;0,032072288;0,02168929
2022-09-12;-0,004246455;-0,001272314;0,016532628;0,023165927;0,014374694;0,009803388;0,015536777;0;-0,004118707;0,01845001;-0,016049956;0;0,01536029;-0,000852433;-0,009563618;0,013648679;0,003716399;-0,001175794;0,002852562;0,004126334;-0,006350406;0,012336193;0,025762624;0,020856536;0,093607342;0,02857152;0,011921416;-0,002291579;0,02065931;0,01060658;-0,004674186;-0,005472946;0,008202366;0,007401864;0,008770812;0,023900084;0,044334722;-0,001593538;0,009857524
2022-09-13;-0,019189782;-0,007006341;-0,007286991;-0,027924442;-0,014170991;-0,007664816;-0,016776934;-0,039145878;-0,030603816;-0,010869342;-0,030496511;-0,018404929;-0,036515536;-0,017633617;-0,019312069;-0,010996349;-0,023697764;-0,038846371;-0,037789468;-0,002967996;-0,011078176;-0,010339287;-0,022342101;-0,006931665;-0,018789133;-0,033496836;-0,023561941;-0,002755795;-0,009905218;-0,013447207;-0,027705889;-0,041666702;-0,002711924;-0,019838273;-0,027223615;-0,013262359;-0,037421119;-0,052673608;-0,023040906
2022-09-14;0,008152197;-0,01347009;0,007446747;-0,007764223;-0,005625129;-0,004634078;0,000994983;-0,028282833;-0,008532269;0,040293129;-0,012436013;0;0,011911282;-0,006948577;-0,016000014;0,014295471;0,003539806;-0,00857329;-0,037162227;-0,009617362;0,003446763;-0,003731423;0,006776992;0,005878075;-0,048936224;-0,010988939;-0,02413065;0,024412768;-0,012614028;-0,004986515;-0,000966125;0,011484656;0,014615876;0,000749619;-0,018314838;-0,004838741;0,000326637;-0,026958689;-0,002229363
2022-09-15;-0,008086276;-0,005201686;-0,001478246;-0,017214105;-0,004399695;-0,003621301;-0,010184;-0,010741558;-0,009466645;-0,007042304;-0,00888905;-0,020312577;-0,046548995;0,007871814;0;-0,005369223;-0,010077998;0,019765315;0;-0,011329624;-0,006869846;0,002621342;-0,024577358;-0,021183378;-0,029082769;0,025640998;0,007999967;0,013039441;-0,003084005;-0,0063481;-0,002175576;0;-0,018760272;-0,036704147;0,020149177;-0,025932076;-0,019921705;-0,012121384;-0,005364234
2022-09-16;-0,001086968;-0,001960706;0,002009283;-0,01433115;-0,010100839;-0,011422713;-0,011292259;0,006304739;-0,011294602;-0,092198853;0,0291481;0,007974484;0,004489314;0,005785369;-0,015634766;-0,010121418;0,005344719;0,029679068;0,008333112;-0,015668676;-0,002593931;-0,003361227;-0,007221979;-0,015671724;0,027649891;0,024999974;0,023088066;0,001331517;-0,006186427;-0,000672567;-0,015745977;-0,012165275;0,013656421;-0,009331269;-0,001463166;-0,009983356;0,015661462;-0,055214716;-0,006129836
2022-09-19;0,015234178;0,013097544;0,028179449;0,067851085;0,024234488;0,025735275;0,019796579;0,034806823;0,028119692;0,097656331;-0,014524289;-0,00632906;0,019553098;-0,004026438;0,027318926;0,013633285;0,011392357;-0,001764729;0,057416384;0,0432405;0,016038055;0,037480555;0,022793472;0,012888661;0,022421387;-0,010569139;0,009872987;0,00177323;0,016896259;0,025908495;0,008860571;0,002463018;-0,001010523;0,021193091;0,032381111;0,033053185;0,003937118;0,141001914;0,023279649
2022-09-20;-0,009110429;0,018746002;0,005953698;0,031769837;0,036737042;0,032257889;0,015181941;-0,007736278;-0,002564073;-0,021352074;0,020633818;0,001592227;0,012602743;0,001154978;0,00185542;0,008069863;-0,001501799;0,015321207;-0,009049574;0,007060149;0,000426604;0,033237449;0,014856773;0,003742508;-0,021929693;-0,018077089;-0,004888196;0,01327413;0,007433587;0,02591022;0,001463754;-0,007371012;0,001011545;-0,0023059;-0,014334571;0,011388269;0,017320091;0,03414648;0,006197239
2022-09-21;0,020551611;-0,013324941;0,012244821;-0,023460057;-0,00660628;-0,00595182;-0,007109347;-0,012542401;-0,004284413;-0,00363639;-0,001104946;0;-0,007575745;-0,000865283;0,008641893;0,00200137;0,001253423;-0,003482344;0,00166026;0,0167344;0,002132434;-0,010489535;-0,015417994;0,02982843;0,065022332;-0,030962332;-0,021052652;-0,024890864;-0,006076524;-0,007353034;0,001461615;-0,013201579;0,010441208;0,001540904;-0,014398811;0,021447766;0,001606106;0,002358446;-0,005163664
2022-09-22;0,030206621;0,007717038;0,016633074;0,009009134;0,019951589;0,022953543;0,018271519;0,024030236;0,026677863;0,087590956;0,014619918;0,020667808;0,044165787;0,028291036;0,034271761;0,015978654;0,012018064;0,026208554;0,022793387;0,002001775;0,011063604;0,020141159;0,029737465;0,03005075;-0,031578897;-0,010362726;-0,010752699;0,011195801;0,007423566;0,013526699;0,0277306;0,041515457;-0,002333208;0,027692163;0,022936333;0,018657058;-0,005452126;0,05803915;0,019064465
2022-09-23;0,017489898;-0,019144778;-0,010609912;0,002461072;-0,02074702;-0,019512231;-0,012366494;-0,038887021;-0,007543754;0,01006719;-0,010086479;-0,003115193;-0,046997431;0,013194867;-0,008284084;-0,003495003;0,006927231;0,036889809;-0,014992096;0,019755812;-0,005892235;-0,019743502;-0,007680464;0,004217848;0,00652167;-0,018324554;-0,026086892;-0,021257805;0,016471752;-0,013981763;-0,007100616;-0,008979437;-0,012028159;-0,05838317;-0,020708188;-0,027821357;-0,01418901;0,017049767;-0,020636451
2022-09-26;-0,019211705;-0,006506203;-0,030166432;-0,038834895;-0,022397093;-0,017910372;-0,041738441;-0,036623622;0,018431662;-0,023255615;-0,032023066;-0,031250006;-0,029589135;-0,039346168;-0,034009392;-0,022796926;-0,026535547;-0,019156996;-0,026737987;-0,014801816;-0,017781584;-0,021555099;-0,032817351;-0,028001088;-0,032397453;-0,036444555;-0,016369057;-0,028506638;-0,023027709;-0,026425918;-0,020023929;-0,02471186;-0,045654446;-0,03736102;0,002187671;-0,032937357;0,001445379;-0,036443184;-0,023291203
2022-09-27;0,007732469;0,011132908;-0,002790118;-0,009324059;-0,007430296;-0,006078716;-0,012554317;-0,012309925;-0,08614888;-0,040816336;-0,033082882;-0,014516169;-0,014680867;-0,026535861;-0,007412149;-0,034096102;-0,013881781;-0,02064738;0,00464935;-0,009942726;-0,004310283;-0,005778302;-0,020486587;0,006841713;-0,066964283;-0,024907769;0,000756283;-0,00791817;-0,000872787;-0,003972141;-0,015811313;-0,015202534;0,018072319;-0,010734934;-0,014842985;-0,035175914;-0,017010209;-0,036308744;-0,006763568
2022-09-28;0,017391061;0,018134731;0,002590805;0,007843278;0,003743041;0,000509399;0,000259365;-0,01502932;-0,013863099;0,039006978;0,007775961;-0,00981974;-0,013180519;0,007703672;0,081518232;-0,029725851;-0,013565407;-0,01025633;-0,002524394;-0,0109351;-0,007792117;-0,000363424;-0,009967448;-0,005591001;0,035885325;-0,030274338;-0,036281092;-0,001877913;-0,006116437;0,001329166;0,007167641;0,025728582;0,016707148;-0,010851149;0,009453446;0,005208201;0,008984978;0,113814768;0,000692035
2022-09-29;-0,023127207;-0,006997502;-0,003100895;-0,019455432;0,010565288;0,007641057;-0,005447552;-0,030889464;-0,011246647;-0,027303573;0,001543107;0,029751854;-0,009872234;-0,011761193;-0,007479702;-0,004069044;-0,006486815;0;-0,003374058;-0,008302643;-0,00610818;0,014898654;-0,012864966;-0,024972823;-0,064665265;-0,029268323;0,004705871;-0,001881446;-0,027252708;0,00033177;-0,009325308;0;-0,021910095;-0,021097148;0,00131696;-0,032239415;-0,005936369;-0,033826529;-0,007256733
2022-09-30;0,024189532;-0,004484328;0,020321522;0,035714331;0,003075201;0,003034163;0,004694915;0,007680447;0,019905457;0,031578879;0,016949302;-0,004815392;0,019354781;0,004462929;0,063768144;0,006729233;0,005745499;0,017846806;0,034278835;0,013745464;0,008340429;0,004654196;0,027932043;0,033778793;0,10617283;-0,008040099;-0,021077272;-0,004241259;0,02711229;0,006635852;0,002972699;0,01003356;0,027301377;0,011206805;0,052754667;0,026174917;0,066356681;0,053975139;0,022040794
2022-10-03;0,05628152;0,048905976;0,042475318;0,06360139;0,066217051;0,069051494;0,076324035;0,046874983;0,106877132;-0,003401481;0,187878926;0,033870936;0,06156506;0,057168153;0,09155316;0,052518579;0,05401197;0,049773767;0,029050449;0,031638403;0,039617082;0,060895882;0,057619836;0,081508231;0,095982234;0,018236946;0,027910851;0,028869027;0,058073218;0,05372449;0,037292904;0,04056319;0,054514361;0,080136405;0,027207176;0,076521652;0,044804139;-0,015916975;0,055408635
2022-10-04;-0,001903082;-0,003680907;-0,01549854;0,043227751;-0,004763032;-0,000519758;-0,05378685;0,012741186;-0,050377821;0,020477679;-0,04336727;-0,017160745;-0,009756019;-0,016811325;-0,017973037;-0,002494867;-0,015274637;0,007004267;0,014314011;-0,005038411;-0,011306506;0,001680464;0,016096561;-0,00464828;0,036659855;0;-0,026377101;-0,004599918;-0,004158148;0,006255629;-0,020475988;-0,028639723;0,005815845;-0,008681942;0,024189035;-0,002692378;-0,010124979;0,034458586;0,000826631
2022-10-05;0,007626165;-0,007389086;0,005247449;0,017265207;0,015615719;0,010859118;0,016058875;0,003235088;-0,022988607;-0,023411172;0,017333096;-0,007936417;-0,020251879;-0,023938443;0,00610062;0;-0,014010523;0,017121344;-0,010192077;0,019374806;-0,003388367;0;0,005483586;0,020013391;0,005893848;-0,00198993;-0,011155543;-0,006007245;-0,007515506;0,000932797;-0,02552264;-0,01474207;0,005782152;-0,003980947;0,015437437;-0,002699923;0,012935669;-0,016995186;0,008328315
2022-10-06;-0,001891944;0,001861041;0,004629218;0,006788842;-0,012528374;-0,020550933;0,017812569;0,006449312;0;0,068493074;0,030799551;0;0,018994512;-0,018394225;-0,008589943;-0,010232217;-0,017761988;0,046817488;0,011485091;0,002159901;0,000849624;-0,018120756;0,009998491;0,022563655;0,048828137;0,038883407;0,013698667;-0,005114025;0,006975564;-0,011180123;-0,012721226;-0,00083119;-0,004790737;0,005595654;-0,022479033;-0,00920409;0,001782365;0,049792398;0,003097322
2022-10-07;-0,004739386;-0,045201165;-0,000980283;-0,002022919;-0,024221245;-0,023843718;0,002218456;-0,024207914;-0,025339261;-0,003205242;0,004450018;-0,00160015;-0,087171102;-0,003271859;-0,013761789;-0,009418661;-0,00464989;-0,0170854;0,001566416;-0,010129371;-0,011464838;0,00205023;-0,030448338;-0,012471847;-0,011173151;0,004798358;0,007154237;0,002336448;-0,017212327;-0,009736087;0,011116748;0,016638973;0,001283758;-0,015103215;0,003721772;0,004371684;-0,011266227;-0,013175217;-0,01008838
2022-10-10;0;-0,014267202;-0,008341598;0,002702766;-0,009456299;-0,015144132;-0,014510722;0,01751184;0,005571111;0,003215548;-0,013291084;0,001602715;-0,07507509;0,00537155;-0,0082687;0,011827442;0,012717344;0,013292544;0,009382379;0,024820267;0,008161731;-0,010572457;0,01082911;-0,004857625;0,001883219;0,013371519;0,041831062;0,005128225;0,008543178;-0,009514772;0,004747298;0,004910038;0,007692346;0,003228383;-0,020129662;-0,019586497;0,027586487;-0,014686161;-0,003729323
2022-10-11;0,001428586;-0,013815937;-0,011875413;-0,033018823;-0,009546886;-0,002480025;-0,023957783;0,204015868;-0,016620647;-0,012820338;-0,027581761;-0,006399945;0,016883127;0,009201547;-0,027097409;0,001604392;0,001025062;-0,023208866;0,001548961;-0,010197553;-0,004686755;-0,006894299;0,006887221;-0,025382175;-0,028195529;-0,022620122;0,003787856;-0,000463948;-0,007200216;-0,02369523;-0,004973636;-0,004886048;-0,036259705;0,002413408;-0,006757894;-0,035516255;-0,010796457;-0,015582819;-0,009608335
2022-10-13;-0,008083662;0,001334354;-0,006309278;-0,031359072;-0,013253144;-0,014420796;0,006903374;0,119714009;-0,015962381;-0,016233974;-0,02440639;-0,011272256;0,023627129;0,005882359;-0,00589187;0,000915423;-0,019969254;-0,011880449;0,001933557;-0,011161103;-0,021404336;-0,005900688;0,001975757;-0,025709907;-0,048355826;0,018322079;0,066415222;0,016241191;-0,012372219;-0,011479375;-0,003249574;-0,006546571;-0,005940474;-0,018459182;-0,017825281;-0,014384207;-0,012684626;-0,018582115;-0,004589513
2022-10-14;-0,015340864;-0,011992077;-0,003729152;-0,000719267;-0,004273522;-0,006559174;-0,005586506;-0,045744614;-0,020992452;-0,033003267;-0,027721501;0,001628627;-0,021210276;-0,003508697;0,002694053;0,01394592;0,002350932;-0,034500588;-0,023542984;-0,006946093;-0,006999289;0,000348821;-0,020024151;-0,02193268;-0,111788711;-0,031249978;-0,0636944;-0,008219032;-0,033261324;-0,001658622;-0,012286563;-0,014827404;-0,010624201;-0,013082478;-0,032557668;-0,026269857;-0,018225266;-0,079242585;-0,019492563
2022-10-17;0,00925069;0,006068776;0,00404654;0,018718513;0,00735748;0,007110602;0,008426678;-0,035395775;0,045809139;-0,003412899;0,046592702;0,011382136;0,030592766;0,013204073;0,001612089;0,010146744;0,008340019;-0,02869515;0,020948667;0,031256939;0,019823784;0,008028022;0,02631564;0,019271297;0;0,038123161;0,029478663;0,019797479;0,01876673;0,008972999;-0,00583878;-0,002508165;0,040268455;0,029826134;0,015752683;0,028777173;0,022824302;-0,014470783;0,01384824
2022-10-18;0,003859068;-0,001340535;0,013803469;-0,010600897;0,009129599;0,007563756;0,011648642;0,007223346;0,039142513;0,020547711;0,050498271;0,011253947;0,014842222;-0,004054424;0,013411697;0,033035608;0,000258323;0,02452617;0,014711535;0,017380093;0,005183816;0,024584596;0,019306428;0,013062903;-0,011441631;0,049905874;0,030836924;0,014898374;0,02017562;0,015810302;0,005618107;0,020117691;0,020967785;0,056315252;0,014521155;0,061188821;0,028265349;0,031684789;0,018649229
2022-10-19;0,001922173;-0,000671088;-0,00616172;0,017857236;0,007237745;0,004505028;0,042553249;-0,001147473;-0,00896871;-0,026845557;-0,004427588;0,004769551;0,003046891;-0,00290776;-0,026998239;-0,007130425;0;-0,003808469;-0,015261431;0,015416829;0,001718883;0,00033791;0,023675549;-0,004071998;-0,030092485;0,000896864;-0,004273568;-0,023131707;0,005158945;-0,001621367;0,03377327;0,046836114;-0,002211826;0,003808125;-0,011812104;0,00219661;0,002604092;-0,05617983;0,00458775
2022-10-20;-0,004316479;0,01007395;-0,006299992;-0,01754395;0,013174098;0,01145976;0,046818879;-0,011774838;0,017194658;0;-0,000635326;0,023734183;0,006075395;-0,003499619;-0,034820439;0,001740983;-0,000258257;-0,002730647;0,025184113;-0,005745055;-0,002144809;0,015540634;-0,024284383;-0,02248722;-0,02386631;-0,011648781;0,012160261;0,001366079;0,00769902;0,017213424;-0,011545315;-0,003924551;0,000316703;-0,001517521;0,012797023;-0,002739937;0,0002888;-0,031745997;0,007714536
2022-10-21;0,02312106;0,017952038;0,007849321;0,045000155;0,026595455;0,02118218;0,024770832;0,003487327;0,024911014;0,0068967;-0,002542918;0,017001604;0,032608677;0,014632735;0,024802783;0,020638798;0,020677041;0,004983204;0,019652409;0,004952982;0,02450559;0,033266745;0,009629561;0,012896484;0,014669881;0,02810514;0,012720816;0,01546155;0,0207979;0,017560774;-0,006709432;-0,009456159;-0,008863599;0,031914966;0,029297609;0,014285776;0,015580015;0,028688448;0,023538248
2022-10-24;-0,017419816;-0,008491204;0,006490307;-0,040327951;-0,046632232;-0,042450363;-0,100268831;-0,022878573;-0,008680397;-0,013698922;-0,015933754;0,059270475;-0,010526231;-0,004326479;-0,019801976;-0,001490092;-0,001012779;0,007154672;-0,004447762;-0,013757897;0,000839245;-0,045395786;-0,005869399;-0,016173433;-0,016867614;-0,013227443;-0,005582632;-0,019256663;0,011226404;-0,037970511;-0,004253061;0,001591072;-0,006707019;-0,031664274;-0,02967758;-0,041170026;-0,007954937;0,001593709;-0,032652653
2022-10-25;-0,003833181;-0,017786475;-0,009821417;-0,013532944;-0,00724609;-0,006045691;-0,017164295;-0,009187948;-0,023642856;0,027778086;-0,01360098;0,010043145;-0,033687928;-0,025782124;-0,010101139;-0,013643041;-0,017997491;-0,001092962;-0,005584485;-0,038933864;0,00628927;-0,008094965;-0,028929822;-0,019237681;0,051470709;0,004468176;-0,032982507;-0,01050193;-0,014391282;-0,005625449;-0,005025219;-0,007148823;-0,033440595;-0,041064637;0;-0,018079216;0,003723155;0,046141554;-0,011955557
2022-10-26;-0,027898323;0,012743145;-0,058711553;-0,04837536;-0,038929665;-0,043588475;-0,035434039;-0,016153183;-0,037668089;-0,043918955;-0,032829928;-0,018466061;0,008562614;-0,033898313;-0,048752758;-0,014696432;-0,01522984;-0,041575419;-0,002620924;0,001949615;-0,015416685;-0,021420765;-0,036631735;-0,026033995;-0,088578094;-0,041814966;-0,028301855;-0,01569018;-0,021276679;-0,05257914;0,007828148;-0,003199643;-0,021290748;-0,031720858;0,022243643;-0,035673097;0,083594623;0,017490434;-0,016244133
2022-10-27;0,033152383;0,030463585;0,024906836;0,053110583;0,019620414;0,018548129;0,012595484;-0,003040391;0,041006412;0,067137806;0,026476547;0,002894374;-0,001212942;0,056324991;0,053635342;0,025663442;0,026998803;0,030821932;-0,002251924;0,037837703;0,011426233;0,018415356;0,049700046;0,036250495;0,079283968;0,000928391;-0,006721456;0,035161951;0,034100801;0,017913707;0,025306907;0,032102473;0,045547267;0,055692139;-0,035631657;0,049522639;0,02238032;0,111360323;0,016645383
2022-10-28;-0,004310503;0,013496136;0,024405487;0,021614147;0,007448656;0,005723112;0,005959579;-0,007624275;0,016114474;0,052980243;-0,007936344;0,008658062;-0,007893021;0,006118816;0,010746556;-0,005560233;0,002297182;0,015503779;-0,036493957;0,017291893;0,012552119;0,007847343;0,007214782;0,020494769;0,037914608;0,021335995;0,015037661;0,0149454;0,023907625;0,00069001;0,004643113;0,019440379;0,031209324;0,007757973;-0,048794225;-0,001705617;-0,009271132;0,028917287;-0,000889734
2022-10-31;0,045213955;0,014584621;0,05940804;0,060648652;0,02526188;0,027418558;-0,046367503;0,035955689;0,001762083;0,034591269;0,023999777;0,002861415;0,031823763;0,025774789;0,040850599;0,042795583;0,024191286;0,014176706;0,005466762;0,040548782;0,012396724;0,029113113;0,052678721;0,069944368;0,020547933;-0,028156309;0,013333299;0,037037296;0,059178567;0,02689667;0,004865315;0,00686486;0,045397394;0,032332465;-0,004744166;0,039294098;0,047049194;0,05424834;0,013078515
2022-11-01;0,004601982;-0,013125067;-0,014832737;0,005318987;0,00420659;0,005538812;0,023770963;-0,022248592;0,034301165;0,00607873;0,007161476;0,109842852;0,043297801;0,000847024;-0,000537714;-0,003093376;-0,001243139;-0,011828002;0,018640874;-0,037394364;-0,017142898;0,002555646;0,000567085;-0,013915731;0,020134217;0,020560813;0,007309898;0,011133858;-0,00798142;-0,007387569;-0,011377738;0,009848629;-0,031664836;0,043997066;0,03038879;0,041095896;-0,021598441;0,019218925;0,007687203
2022-11-03;0,019239674;0,014566224;0,005536691;0,017195922;-0,019933515;-0,017092925;0,020844087;-0,021844582;0,005952229;-0,021148024;-0,011635541;-0,015424108;0,02842506;0,015796748;-0,014523842;0,009515862;-0,001742545;0,008705166;-0,017156074;-0,015538467;0,011213018;-0,007222911;0,025502915;0;0,067982527;0,034798644;-0,002177025;0,055104361;0,001532175;-0,010148919;0,021057574;0,026256518;0,006851583;0,017857074;-0,029203442;0,016315778;0,020045689;-0,022506154;-0,000282223
2022-11-04;0,006292201;0,026841533;-0,016615023;0,01430424;-0,002445425;-0,010709302;0,01473241;0,033808936;0,002535671;-0,009259328;0,02354486;0,022193155;0,033720434;0,018050656;0,006550238;0,005737775;0,018453812;0,023193154;0,04577204;-0,001038732;0,007391695;0,003637449;0,016302934;-0,042336985;-0,008213649;0,020353932;0,046545388;0;0,013007075;0,016746317;-0,014867969;-0,00804109;0,002474411;0,004210646;0,075949198;0,00983941;0,014925292;0,017423752;0,010770257
2022-11-07;-0,048682745;-0,005471121;-0,03575644;-0,019230771;-0,026348145;-0,032989524;-0,034895476;-0,029703019;-0,029510801;-0,087227283;-0,033865722;-0,021711312;-0,040641765;-0,045553679;-0,061279965;-0,027506105;-0,013956949;-0,042171902;-0,014466006;-0,003741966;-0,028536182;-0,022734396;-0,030995219;-0,03118552;-0,060041336;-0,010407774;-0,025017384;-0,02469639;-0,014350251;0,026554921;-0,007302737;0;-0,017895745;-0,052410927;-0,005259253;-0,054358906;0,002450933;-0,106421969;-0,02380771
2022-11-08;0,002817154;0,0232272;-0,004380547;0,001960777;-0,005663621;-0,009594951;0,004750869;-0,021954267;0,009556946;-0,017065068;0,00727515;0,009138398;0,016165008;0,004858426;-0,006354644;-0,020113085;-0,005463087;0,001651036;0,025216486;0,01773795;0,006713959;-0,003034648;0,000701435;-0,015917951;0,019823777;0,000876538;0,04347839;-0,001245278;-0,006896832;0,012769996;0,007846815;-0,024318128;0,008482615;-0,002212452;0,030332423;0,004880639;-0,002444941;-0,043121211;0,007091953
2022-11-09;-0,012640582;-0,015531701;-0,042566345;-0,005870961;-0,160126492;-0,173842604;-0,026530392;-0,055327222;-0,022375314;-0,027777599;0,016414738;-0,025873226;-0,015907857;-0,004266312;0,001162693;0,003634594;0,008988792;-0,003296629;0,046622469;-0,004101021;-0,001250367;-0,048021571;-0,015281049;-0,014018855;-0,034557258;0,000875659;-0,021174963;-0,006234247;-0,005786958;-0,05172955;-0,001216343;0,034743011;0,040186954;0,002217358;-0,01215409;-0,006476097;-0,004901866;-0,018597901;-0,022210744
2022-11-10;-0,092460914;-0,029732806;-0,072779624;-0,126640203;-0,03165025;-0,02931629;-0,019697675;-0,032797844;-0,053696943;-0,05714258;-0,047157388;-0,035856673;-0,032329903;-0,060268366;-0,117305396;-0,046015976;-0,022271702;-0,01819191;0,001403236;-0,028000965;-0,030050154;-0,018827678;-0,075455516;-0,083849583;-0,109619636;-0,05249349;-0,041870172;-0,065663134;-0,053938734;-0,045346366;-0,016321666;-0,013138735;-0,054507424;-0,023598787;0,019139058;-0,066811424;-0,033743951;-0,13921286;-0,033500616
2022-11-11;-0,049634001;0,006253781;0,00115258;-0,054846104;0,011673234;0,016778708;-0,02229583;0,103114172;0,012092938;-0,056818374;0,002711777;0,006887054;0,042626703;0,040729566;-0,047368417;0,020768242;0,046064319;-0,023582285;0,090017393;-0,008896166;0,017642057;-0,032222666;-0,009547044;-0,024273724;-0,130653291;0,085872613;0,104879867;0,018352705;-0,044298316;0,027857354;0,024764748;0,007396665;-0,012986954;0,054380628;0,103956966;-0,009313216;0,019373004;0,083827215;0,022573446
2022-11-14;0,006596645;-0,008701028;0,016348172;-0,008744008;0,007691826;0,000660275;0,024774951;-0,022898355;-0,004595549;-0,012048281;0,008789837;0,012311937;-0,02044209;0,002336333;0,044889583;0,023845837;-0,002661566;0,004600408;0,002570708;0,016883772;0,002114188;-0,002993335;0,016635439;0,027324513;0,04624274;-0,073979607;-0,018457481;-0,017142638;0,023175715;0,00694929;-0,022716318;-0,005139689;0,048138704;-0,017191992;0,012271969;0,002350117;0,016753907;-0,024999973;0,008088871
2022-11-16;-0,057891712;-0,031974906;-0,024807637;-0,005613366;-0,00687024;0,003297915;-0,031593599;-0,031781694;-0,032317723;-0,024390083;-0,007372671;-0,040540471;-0,037788988;-0,02418409;-0,060806377;-0,031623939;-0,038088212;-0,01946197;-0,020192171;-0,051492136;-0,03122356;-0,014259111;-0,073405763;-0,043271175;-0,080110521;-0,067952231;-0,092679696;-0,007155503;-0,013003345;-0,033816642;-0,029178992;-0,030257916;-0,073178397;-0,061224545;-0,010442758;-0,028135954;-0,047958591;-0,007211573;-0,025786269
2022-11-17;-0,013333132;-0,002590698;0,011035149;-0,060483998;0,014604086;0,021696137;-0,021276529;-0,016246677;-0,022900438;-0,020833543;-0,016880619;-0,0253521;0,002344594;-0,002985969;-0,035890309;-0,037290363;-0,003783197;0,009924201;-0,006869564;0,007312166;-0,006097867;0,006090746;-0,003465887;0,006224005;0,018018098;-0,001970449;-0,045151794;-0,011261363;-0,022524485;-0,004285472;-0,011462207;-0,015220933;-0,025768038;0,019409949;0,008005832;0,012062807;0,02170003;-0,046811895;-0,00489827
2022-11-18;0,022326768;0,014285733;0,015624855;0,018883962;0,004546023;0,004504514;-0,003477915;-0,012470537;0,009765347;-0,0382978;-0,001373535;-0,037572311;-0,002923946;0,009883188;-0,006569215;0,010543356;0,003797564;-0,011560815;-0,017457321;-0,016718081;0,00087661;0,00794573;-0,002649881;-0,00041236;-0,070796504;-0,022704846;0,025581374;-0,010933996;0,00869575;0,002869363;-0,002576526;-0,009273673;0,000678297;0,000761525;-0,027316396;0,023241822;-0,006826923;-0,043183739;-0,007502074
2022-11-21;0,053448216;0,003200997;0,057013717;0,015164591;-0,008296051;-0,007046507;0,0238511;0,005802051;0,075435245;0,022124057;0,06808791;0,196696703;-0,01642226;0,008896739;0,08008818;0,034248033;0,01336689;0,025731022;0,009051491;0,018792197;0,029334332;0,003003129;0,023248026;0,035891165;0,073015887;-0,010100978;-0,017384598;0,030861169;0,013793073;-0,004291687;0,006458283;0,009360479;0,029481449;0,006088314;-0,011258339;0,005824188;0,005346363;0,021238914;0,007972079
2022-11-22;-0,015275599;-0,000638111;-0,048694376;-0,004979503;0,001521136;-0,003870855;-0,010330548;-0,005429245;-0,002697925;-0,004329096;-0,033483575;-0,003414057;0,002981484;-0,008524413;-0,033333376;-0,020614045;0,00427966;-0,01995439;0,035778088;-0,026350681;-0,013185787;-0,016467274;-0,016228443;-0,016328218;-0,011834327;-0,032653098;-0,020769298;-0,003574605;-0,036989959;-0,00107791;-0,004363319;-0,003091363;-0,029624755;0,024962224;0,002752906;-0,022582534;-0,014940287;-0,012131795;-0,006478478
2022-11-23;-0,010526557;0,003831416;-0,035099587;0;-0,003796667;-0,007124424;0,01233825;-0,006482382;-0,010820538;0;0,005329885;-0,022339066;-0,020214015;0,003557654;-0,029556619;-0,007165303;-0,012572003;-0,016288583;0,014162214;-0,017591446;-0,00344814;-0,010273876;-0,020290336;-0,019433187;0,011976056;0,031645535;-0,016496383;0,023318491;-0,006622332;0,007910976;0,005155827;0,002325608;-0,009497933;-0,023616205;0,009857448;-0,028435981;0,001027699;0;-0,003246604
2022-11-24;0,040313784;0,020356349;0,057479285;0,055879709;0,01753057;0,020221678;0,01625094;0,005151086;0,040109371;0,030434761;0,034459806;0,022849503;0,037621314;0,017429863;0,039158804;0,028416846;0,016297225;0,028977143;0,00987751;0,03535374;0,015138462;0,035755539;0,033844124;0,055739122;0,065088866;0,006134989;0,031948856;0,030674815;0,033333254;0,018908302;0,012823927;0,024748682;0,043150715;0,057445143;0,00642548;0,054268399;0,021058218;0,035965016;0,028964972
2022-11-25;-0,040904437;-0,016832981;-0,042337295;-0,048182844;-0,012733992;-0,018542104;-0,023129699;-0,010591096;-0,024539859;-0,037974607;-0,009608984;-0,039421834;-0,018128575;-0,01771191;-0,035589761;-0,039473744;-0,018040564;-0,013793148;-0,009443448;-0,009755943;-0,011930079;-0,03526361;-0,047882873;-0,062573223;-0,050000028;-0,022357665;-0,018575885;-0,014030409;-0,03354835;-0,026610636;-0,019245814;-0,013584855;-0,05285621;-0,056468995;-0,006752512;-0,048004663;-0,016599616;-0,049110958;-0,025520652
2022-11-28;-0,008978374;0,008877435;-0,010591698;0,002489528;-0,003793687;-0,001302922;0,018123313;-0,01035909;0,001796912;-0,039473663;0,005174388;-0,005471939;0,011316214;0,002660304;-0,010130067;-0,010045543;0,001020672;0,018648128;-0,00340497;-0,010971963;-0,004743887;-0,018084266;0,001539597;-0,044222113;-0,029239783;-0,059251677;-0,009463781;0,014661427;-0,005340609;-0,012949505;-0,006712446;0;0,000693414;0,009848571;0,004944298;-0,025516454;-0,040920575;0,005342826;-0,001789368
2022-11-29;0,031143684;-0,00942788;0,02164284;0,038907235;0,015993963;0,011741595;0,012058538;0,018841623;0,0233184;0,02739701;0,000643768;0,008252991;0,01707899;0,005896233;0,04824546;-0,005535154;0,001529529;0,013729737;0,059788259;0,005433439;-0,003032592;0,008621081;0,031938504;0,002182612;0,012048133;0,001104976;0,020700697;0,006799896;0,005369284;0,005830833;-0,000780181;0,003825563;0,011776645;0,030757686;0,038622501;0,019950097;0,005600026;0,016828986;0,01956206
2022-11-30;-0,016474509;0,010152153;0,020159499;0,014342922;0,031483974;0,004513393;0,000851076;-0,036301416;0,006135073;-0,00444454;0,01607694;0,02455677;0,044007006;0,02286053;0,001394664;-0,010435952;0,005344721;0,000564508;0,017730478;0,000675547;0,002172992;0,010101074;-0,005296181;0,00827515;0,014880995;-0,034216236;-0,024960963;0,021949997;0,02581215;-0,004347924;-0,010145682;-0,009146238;0,05648765;0,033478861;0,015040025;0,010391248;0,034208415;0,001742252;0,01420972
2022-12-01;-0,027917199;0,010050272;-0,046332502;-0,025137628;-0,024709226;-0,011553352;-0,001133758;-0,012793131;-0,018292817;-0,017856777;-0,00316439;-0,014647127;-0,031059515;-0,02378224;-0,018802105;0,005624661;0,017974738;-0,015228572;-0,028191215;-0,001350082;-0,010407875;-9,03182E-05;-0,034276436;-0,031533286;-0,090909115;-0,069714213;-0,048800057;-0,009913217;-0,00867698;0,008733649;0,013403197;0;-0,046014135;-0,01338025;0,005483638;-0,02056876;-0,017692481;-0,016521767;-0,013868393
2022-12-02;0,021251901;0,015547281;0,021774805;0,023368166;-0,002443561;-0,000716882;0,022417782;0,00899928;0,007985701;0;0,011428597;-0,018918933;0,008013841;-0,017023739;0,037615217;-0,007224628;-0,004725126;0,004581893;0,013689566;0,019828537;-0,002190864;0,013471641;0,014300647;-0,004906535;0,045161248;-0,006142603;0,010933633;-0,00542347;0,021006711;0,004329189;0,023859285;0,012307449;0,025815058;0;0,007194315;0,009264981;0,009136148;-0,016799227;0,008996989
2022-12-05;-0,035995487;-0,018983409;-0,033684619;-0,043307102;-0,026177934;-0,03708523;-0,023036201;-0,044238307;-0,03257022;-0,036364026;-0,02385433;-0,019283838;-0,024985843;-0,044192354;-0,069083366;-0,031455196;-0,013992963;-0,018814141;-0,014469578;-0,044409853;-0,005709483;-0,029244126;-0,043145994;-0,077991814;-0,049382613;-0,035846837;-0,014143044;-0,026006601;0,0068582;-0,021551781;-0,024316053;-0,023555918;-0,080132416;-0,03497489;-0,001037056;-0,044063708;-0,027418554;-0,035072046;-0,022542082
2022-12-06;0,015752863;0,001872658;-0,009959816;0,002469127;0,014592733;0,023648642;0,010227008;-0,0074655;0,015468368;0,028302168;0,014790852;-0,0140449;-0,005241717;0,019993745;0,009551765;0,005331858;0,008616263;-0,031958215;0,013050634;-0,024046047;0,007508983;0,0230827;-0,004260525;0,050558988;0,012986948;0,016666721;-0,02616046;-0,00086142;0,024265712;0,015785368;-0,001297871;0,003890745;0,016198704;-0,003698275;0,014531366;0,005762026;0,002925609;-0,002795946;0,00120657
2022-12-07;-0,001148981;-0,003115239;0,004670582;0,005747194;-0,005298508;-0,011221336;-0,002249526;-0,019556241;0,014337274;0,009174444;0,017110132;0,02279195;-0,028103074;0,016845382;0,008733567;0,026518846;0,004271369;0,006002539;-0,002254482;0,013977684;0,006137858;-0,007266376;-0,00499201;0,019898012;-0,057692345;0,015132457;0,018197664;-0,009051637;-0,010806482;0,006505389;-0,002599658;-0,004651319;-0,023379484;-0,003712085;-0,03558023;-0,007638497;-0,011933387;0,003738414;-0,001570303
2022-12-08;-0,036802745;-0,018750064;-0,020860534;-0,041632767;-0,018265063;-0,028704879;-0,012683316;-0,04718065;-0,029152056;-0,036364026;-0,031775694;-0,020891183;-0,006626486;-0,028012056;-0,046175939;-0,020901899;-0,019514693;-0,048329303;-0,001613828;-0,006308523;-0,020043655;-0,0350532;-0,038344398;-0,041288604;-0,034013553;-0,05341616;-0,011914981;-0,013919231;-0,011176018;-0,023698237;-0,032316971;-0,02881604;-0,019223566;-0,043964122;0,012258213;-0,034637695;-0,001610298;-0,009310877;-0,019348762
2022-12-09;-0,006567234;-0,01210193;-0,031531434;0;-0,006976982;-0,017181938;-0,001427689;0,009661826;0,008189157;-0,009434034;-0,008365263;-0,014224863;0,009096328;-0,001859342;-0,009077183;0,004077829;-0,022454692;-0,015674146;0,017458584;-0,00164585;-0,004890981;-0,009518596;-0,016023892;-0,01845692;-0,014084516;-0,007874041;-0,003445267;0,005293317;0,002555473;-0,001103591;0,012657806;0,008019372;-0,010355143;-0,014029674;0,033302464;-0,007973476;-0,002687896;-0,058270707;0,004140053
2022-12-12;-0,024639332;-0,017408039;-0,022124409;-0,024701788;-0,018735397;-0,011188955;-0,034019025;-0,004784722;-0,044223861;-0,047619013;-0,035691189;-0,014429968;-0,013221055;-0,017696407;-0,041984751;-0,00286675;-0,002871152;-0,012738752;-0,006672825;-0,023551448;-0,003574928;-0,009453429;-0,02442701;-0,013018335;0;0,015873066;0,025064745;-0,028521112;-0,030161347;-0,012518402;-0,002393219;0,002386768;-0,025411126;-0,024505903;-0,029862624;-0,022102934;-0,027762784;-0,023952175;-0,022518549
2022-12-13;-0,027726363;0,002624541;-0,027510093;-0,005240156;-0,029434828;-0,029703093;-0,04737643;0,014823752;-0,020774122;-0,014999554;0,014131745;-0,01610557;-0,029841607;-0,038558743;-0,032669447;-0,00071863;-0,024083922;-0,034838646;-0,009596862;-0,008683257;-0,025111908;-0,037759605;-0,03998457;-0,026868663;0;-0,048176987;-0,000843007;-0,044715506;-0,034603808;-0,029082725;-0,008797487;-0,003968688;-0,002684137;-0,014586768;0,004219428;-0,021232863;-0,007762603;-0,011247486;-0,013033896
2022-12-14;0,014575491;-0,00981675;-0,015201562;0,034240439;0,023770234;0,021137357;-0,024795836;-0,005132221;0,019286332;0,050761288;0,010617238;-0,00446423;-0,001883309;-0,005259733;0,029654228;0,007192295;-0,004828341;0,034759292;0,005167965;0,014355079;0,004139902;0,004312523;0,015365979;0,026606469;-0,060714285;-0,020519985;0,017721517;-0,013711685;0,009074276;-0,003840211;0,005379275;0,008765433;0,00653614;0,018092319;0,008472441;0,005598268;0,035484362;0,014477862;-0,000856659
2022-12-15;0,001873922;-0,008592067;0,010335545;-0,021222429;-0,012810166;-0,012134236;0,028323165;-0,048015911;0,006622441;-0,004830885;0,003939421;-0,011958025;-0,005031484;0,009253239;0,012799945;-0,018566875;-0,006469022;0,016795835;-0,028277622;0,009834513;-0,005955217;0,005581202;0,001991345;-0,024938942;-0,011406809;0,067039143;0,024875471;0,011026111;-0,006744457;-0,003084141;-0,005885884;-0,008689267;-0,001528033;-0,031502515;0,003222662;0,001391753;0,000539813;0,007135513;-0,000626186
2022-12-16;-0,008104749;-0,010000074;-0,017536867;-0,014744188;0,005676876;-0,001445164;0,020344008;-0,059608183;0,029135221;-0,04368923;-0,013080297;-0,04084728;-0,007585295;-0,014407393;-0,04423376;0,008246411;0,00325566;-0,010165008;-0,002314962;0,009738947;0,00092139;0,011101878;-0,012321455;-0,025075247;-0,088461549;0,013089046;0;0,001422415;-0,008601233;0,003093682;-0,008072853;-0,021513655;-0,027161446;-0,016680521;-0,017093166;-0,009729088;0,009978616;-0,02732796;-0,008801018
2022-12-19;0,00879944;0,025589267;0,053619053;0,064260723;0,020161462;0,027496539;0,01073626;-0,003989369;-0,021004678;0,040609002;0,013253659;0,039432184;0,031210269;0,045514945;0,055371852;0,029107539;0,002704084;0,01412048;-0,013921166;0,019759797;0,00368356;0,029983002;0,040442803;0,048353972;0,101265885;0,015503842;-0,005663431;0,012310552;0,04611873;0,02698538;0,000271063;0,009771877;0,04758158;0,030534285;-0,003618185;0,038596685;0,019369869;0,036420413;0,016581571
2022-12-20;0,038629172;0,003614943;0,039802859;0,043837816;0,032411255;0,035915445;0,02579673;0,043168725;0,031716854;0,034146044;0,016350597;0,033383979;0,032118545;0,016841433;0,018010905;0,015895257;0,020765886;-0,030667746;0,023529502;0,012918146;0,012844105;0,010660236;0,044285271;0,042198029;0,080459687;-0,015895709;0,02034179;0,033676187;0,034046397;0,029279226;0,023867633;0,004032051;0,02552567;0,027160451;0,004451184;0,015540578;0,008131876;0,016064347;0,023428681
2022-12-21;-0,002399475;-0,011707995;-0,021695717;-0,004754256;0,006125884;0,008157447;0,009467696;0,005546039;-0,001808641;0,004717083;-0,01351337;-0,011747557;0,005984439;-0,007187486;-0,00538452;-0,009894182;-0,004491341;0,005322557;-0,000656804;0,006604745;0,019021554;0,004056418;-0,015740452;-0,017419738;-0,074468014;0,019005878;-0,023126008;0,015384653;0,004643249;0,003282307;0,000794877;-0,004015859;0,039897505;-0,002403739;0,005714426;0,031270677;-0,000780426;-0,013834082;0,003122108
2022-12-22;-0,001804059;0,004878061;-0,018990426;-0,019108383;0,003043846;0,003371768;0,009085293;-0,019940574;0,010235326;-0,004694937;0,016307661;0,002971759;-0,00713857;0,013219948;0,00309359;0,006972005;0,011942538;0,019854498;-0,018731486;0,010859599;0,027555698;0,002020803;0,00592661;-0,010541643;-0,003831462;0,067431862;0,007346963;0,016934075;-0,009663928;0,004725503;0,005823137;0,005564698;-0,016543432;0,012048093;-0,005681956;0,01788005;0,014062439;0,004008119;3,72741E-05
2022-12-23;0,053012255;0,013869614;0,050409079;0,08573693;0,01365693;0,017473354;0,024687837;0,028138511;0,012762009;0,023585085;0,007060529;0,011851981;0,035949661;0,01584358;0,038550483;0,020309239;0,005414326;0,024010256;-0,03884798;0,010244173;0,022923838;0,015725823;0,054665507;0,06909296;0,030769164;0,063172128;0,022690353;0,00306762;0,013152307;0,02026055;0,0121052;0,001628619;0,014674306;0,019047724;0,006647308;0,024057132;-0,011299295;0,002993955;0,022186606
2022-12-26;-0,021739425;-0,00683994;-0,028324002;0,005243338;-0,023203707;-0,023778393;-0,001417261;-0,019368383;-0,01350144;-0,0046082;-0,007011027;-0,013177322;-0,030075204;-0,008868586;-0,017075012;-0,016964568;-0,008663689;-0,018377696;-0,018118269;-0,016283668;0,000422816;-0,019849065;-0,02734593;-0,053473483;-0,007462692;0,00252834;-0,025356461;-0,016601162;-0,005443832;-0,011347465;-0,02340096;-0,01463428;-0,045855471;-0,038162019;0,009152284;-0,032381029;-0,008052155;0,013930333;-0,008751299
2022-12-27;-0,035087473;0;-0,025330896;-0,035022225;0,00613038;-0,004735989;-0,033210219;0,027479578;-0,000912391;-0,046296246;-0,026315503;-0,010385683;0,008348166;0,002776931;-0,036253712;-0,006902797;-0,005296559;0,013557184;0,049680401;0,004761778;0,000991511;-0,005670482;-0,037302616;-0,015934484;-0,05263153;0,002522105;0,013821004;0,015548527;-0,004631609;0,00322798;-0,003993625;0,009075985;-0,010720833;-0,005668147;0,023877659;-0,012467273;-0,004713074;-0,028459295;-0,003595799
2022-12-28;0,0424244;0,002066099;0,027556444;0,034748951;0,030464639;0,030591261;0,017909595;0,003343081;0,042392767;0,048543634;0,024390027;0,037481267;0,022472002;0,002769241;0,047021811;0,030352074;0,007188433;0,022293076;-0,004394979;0,012412853;0,001326093;0,020366517;0,036266684;0,022571185;0,067460315;0,050314488;0,020048165;0,025809411;0,006345129;0,015373808;0,012296301;0,003270664;0,04260079;0,034201944;-0,002242426;0,031229321;0,018153068;0,053535458;0,017443953
2022-12-29;-0,011046626;-0,002061839;-0,005465252;-0,014179239;-0,004434646;-0,000659538;0,001730457;-0,010412328;-0,002685835;-0,018518784;0,009652622;-0,00722537;-0,009832265;0,01871741;-0,02170659;-0,006521294;0,001321754;-0,037383204;-0,002716234;0,007578778;0,015452752;-0,0019956;-0,020077272;-0,017274489;0,018587248;0,041916235;0,018867878;-0,01279341;-0,002942342;-0,007042356;0,012674666;0,01059487;-0,010035737;-0,007086557;-0,001236256;0,00193307;-0,004909541;-0,024928063;-0,001868701
2023-01-02;-0,042916101;-0,022727239;-0,05277932;-0,068158822;-0,02078668;-0,026402682;-0,042326366;-0,022727311;-0,020646119;-0,03301859;-0,025494094;-0,030567709;-0,050233703;-0,030421779;-0,01683236;-0,033725533;-0,014783504;-0,022006541;0,003064397;-0,032521939;-0,009565335;-0,019708288;-0,036654202;-0,056152254;-0,054744444;-0,039080506;-0,020061707;-0,022030097;-0,019392773;-0,020212928;-0,024895291;-0,033870889;-0,055454311;-0,052339507;0,005850597;-0,054662375;-0,010646548;-0,037364859;-0,033217911
2023-01-03;-0,042997563;-0,001409458;-0,031165714;-0,033469433;-0,047275647;-0,049625243;-0,018641068;-0,032730416;-0,023831469;-0,048780503;-0,014388435;-0,009008896;-0,041205335;-0,012426163;-0,044357954;-0,014289162;-0,009110144;-0,037061445;0,002036531;-0,043219804;-0,02414397;-0,02082476;-0,024585383;-0,023797179;-0,019305075;-0,020334953;-0,028346388;-0,018993001;-0,018916623;-0,004342946;-0,020060433;-0,024207006;-0,034376176;-0,015899453;-0,001789589;-0,029932055;-0,024934502;-0,063330075;-0,020775363
2023-01-04;0,009627678;0,00564563;0,022977258;0,007601259;0,00876498;0,002857586;0,012867589;-0,002226146;0,012206681;0,041025439;-0,009953392;0,012121087;0,007055718;0,011638843;0,039087972;-0,01283258;0,000540504;0,020618655;-0,00474266;0,0033462;0,000899716;0,00291939;0,011802368;0,006359219;0,003937054;0,019536028;0,038087495;0,003151873;-0,005258579;0,020356118;0,02187335;0,017964029;0,029200014;0,023809608;0,001792798;0,029453103;0,006729685;0,013086254;0,011212872
2023-01-05;0,032422169;0,002807047;0,011979093;0,031014451;0,032385042;0,043447374;0,045674507;0,03034361;0,009276384;0,009852429;0,020107193;0,010478967;0,020382187;0,001243894;0,026645711;-0,000963141;-0,006486389;0,018181625;0,024506547;0,012863013;-0,006292242;0,03118441;0,008303655;-0,01527098;0,043137239;0,014371331;0,021077272;0,009874182;0,031277639;0,016031503;0,026893188;-0,009243665;0,045472214;0,013288836;0,016778574;0,004768222;0,002138858;0,012917216;0,020734046
2023-01-06;0,02894083;0,002099353;0,019639727;0,023577023;0,026778752;0,027986337;0,013885085;0,006063204;0;0,01951227;0,001971095;-0,014814686;0,034956373;-0,010559058;0,046564873;-0,005060096;0,002992411;0,031084668;0,007641258;0,014346412;-0,012211545;0,017338824;0,019019761;0,036898183;0,03759401;-0,002361309;0,014525971;0,013333478;0,020503823;0,025946567;0,021379129;0,01272252;0,016356868;0,011475497;0,015841762;0,006779746;0,014674506;0,036131732;0,012258413
2023-01-09;0,024536397;0,005586651;-0,010158363;-0,013502749;0,002356512;0,012668844;-0,009700723;0,006887639;0,025735146;0,009568911;0,009835818;-0,009022611;-0,004825187;0,009102339;-0,00948218;0,000726462;0,024681305;-0,030788992;0,020441657;-0,003709833;0,006868367;0,007134115;-0,001154724;0,002578532;0,025362295;-0,01301774;0,006028647;0,009210437;-0,009627344;-0,001025273;-0,003139741;0,000837498;0,019019793;-0,003241287;0,001082965;-0,008754209;-0,002892609;-0,011281983;0,003592561
2023-01-10;0,031542111;0,009722168;0,027189078;0,035426951;0,02089781;0,030013923;0,016998149;-0,014536133;0,005376484;0,047393398;0,010389906;0,010622163;0,033333358;-0,012752728;0,025773255;-0,002420139;0,001852733;0,023825381;0,027786846;0,006516204;0,015006566;0,019284144;0,032171293;0,029835479;0,077738568;0,028776922;0,007490592;0,023033513;0,014792904;0,037290583;0,010498807;-0,006694377;0,034816817;0,034146145;0,012332243;0,011548913;-0,009757162;0,013485294;0,015426589
2023-01-11;0,035673877;-0,017193935;0,025042151;0,045878561;0,010614241;0,019867525;0,014164174;0,030802647;0,04099832;0,013574765;0,00385605;0,030030018;0,020527885;0,025834921;0,01507536;0,021349085;0,026948589;0,031674087;0,010059742;0,041155955;0,008512298;0,017374822;0,0268756;0,039960004;-0,006557454;0,006993043;0,077323492;0,003398456;0,010828713;0,034630407;0,008311712;-0,014322092;0,011099607;0,03301877;-0,003526418;0,010073959;0,027962697;-0,007164838;0,00767275
2023-01-12;-0,015855824;-0,013296033;0,007594944;-0,005947847;-0,020255039;-0,023376192;-0,00642452;0,006313115;-0,009417997;-0,017856777;-0,010243213;-0,008746246;0,01666668;-0,007985363;-0,002121709;0,034679174;-0,001543667;-0,00939839;0,003734854;0,001776796;0,00888514;-0,014041889;-0,008905815;0,020172892;0,052805391;0;0,005520987;-0,007620723;-0,00906466;-0,02837093;-0,000257843;0,013675405;-0,019210973;-0,001522058;0,00525471;0,003989361;-0,002331614;-0,012371011;0,001020016
2023-01-13;-0,01888876;-0,015602762;-0,010678384;-0,015706879;0,003828376;-0,003325054;0,002249143;-0,022166486;-0,012964408;-0,027272987;-0,029107617;0;-0,031091148;-0,007739912;-0,024804995;-0,036960425;-0,024993612;-0,039848265;0,005581217;-0,016847782;-0,009247027;-0,005003536;-0,01503751;-0,051789099;0,075235085;-0,031249931;0,046671368;-0,007252481;-0,00291071;-0,019028886;-0,017520889;-0,019392718;-0,015040226;-0,040396348;0,000853367;-0,021854385;0,011945061;-0,033402997;-0,008589791
2023-01-16;-0,010758822;-0,04899138;-0,016761831;-0,01595736;-0,022120625;-0,030686871;-0,001121948;-0,036783522;-0,009632334;-0,028037199;-0,001998489;-0,002941249;-0,026837638;0,010920554;-0,010174492;-0,026460017;0,008720928;-0,019762782;-0,016651152;-0,028410108;-0,005777976;-0,010832581;0,00074458;-0,020357404;0,12244899;-0,037037099;-0,006557474;-0,00429736;0,004170258;-0,037458141;0,000786462;0,008598214;-0,018465879;-0,019062594;-0,016734019;0,000677217;-0,03284592;0,003239795;-0,015353962
2023-01-17;0,012592878;0,050000013;0,033191111;0,00463312;0,007020339;0,006882246;0,058691411;0,019538127;0,030061972;0,019230437;0,034045288;0,016224095;0,035971152;0,009259268;0,030837058;0,026444471;0,015719254;0,032930064;0,014424526;0,004641163;0,007152576;0,020727889;0,03423248;0,010643679;-0,015584483;0,029776617;0,004620531;0,009926537;-0,004152939;0,003822089;0,023060777;0,004262683;0,05861069;0,029959444;-0,001301003;0,03179964;0,01645019;-0,012917216;0,020382189
2023-01-18;0,003391716;-0,005772066;0,004375134;0,005380338;0,010844449;0,015037688;0,014323225;-0,016550487;0,004291902;0,028302168;-0,025177505;-0,001451252;0,002314861;0,014372917;0,025640938;0,000238515;0,006964084;0,001951974;0,032766691;0,0274888;0,018198157;0,018007843;0,042453708;0,035606718;-0,060686027;-0,008433722;0,011169474;0,024359016;0,000834034;0,028383396;0,024590354;-0,011035686;0,017429989;0,015723314;0,013133555;0,001311394;-0,008352973;0,008724208;0,009090175
2023-01-19;-0,001689892;-0,010159595;0,018170439;-0,008409512;0,00459761;0,00201999;0,022751479;-0,02790076;-0,001709392;-0,009174315;0,009271545;0,002906886;0,008083127;-0,002713102;0,001389015;0,006439536;-0,008708941;0,006493484;0,00269376;0,007419347;-0,006103086;0;-0,017946475;0,007264188;0,070224674;0,004860337;0,003898693;-0,0091781;0,010833582;-0,011443791;0,00174974;-0,000858232;-0,004030975;-0,003870022;0,00428556;0,003929273;-0,002105971;0,022702736;0,004926546
2023-01-20;-0,018058612;-0,008064477;-0,004889202;-0,015420412;-0,019069547;-0,014112595;0,024545916;-0,022323538;-0,026541265;0,004629534;-0,061023585;0,00144923;-0,044673505;-0,014812664;-0,006934955;-0,028436;-0,013953528;-0,032258113;-0,008955246;-0,009149541;-0,002631564;-0,017689297;-0,030047346;-0,012019332;0,002624761;-0,00967359;0,003883485;-0,016000026;-0,0082439;-0,006469184;-0,014973574;-0,002577248;-0,018549686;-0,019425116;0,002666922;-0,013698549;-0,015299298;-0,004228438;-0,006238607
2023-01-23;0;-0,008130041;0,007370108;-0,009396938;-0,031881927;-0,04226337;-0,007486805;0,0093197;-0,014951376;-0,0046082;-0,015373996;-0,021707562;-0,041366974;-0,007671038;0,011871566;0,00682917;-0,003144691;-0,028666782;-0,021385449;-0,009684875;-0,002198739;-0,030651486;0,020470925;-0,007786048;0,057591718;0,028083023;-0,035460982;-0,0072743;0,008727879;-0,036669113;0,05016489;0,000861189;0,018556718;-0,014262959;0,003298288;-0,013889135;0,001071491;-0,004246166;-0,005271547
2023-01-24;0,017241286;0,014157911;0,010486346;0,015019785;0,01124513;0,010676276;-0,005028894;0,056786683;0,018749889;0,027777527;0,018452946;0,007396467;0,040024931;0,021026558;0,011042132;-0,00096897;0,020241872;0,021963067;-0,003077906;0,001592052;-0,005729487;0,009091062;0,033730005;0,044139332;0,086633518;-0,002375331;-0,01537442;0,016810321;0,018129496;0,019210259;-0,020506686;-0,013769438;0,019568056;0,042604505;0,010604339;0,036888252;-0,004281486;0,01812359;0,011807464
2023-01-25;0,016384018;0,007347533;0,018100657;0,021027862;0,001588598;-0,007042186;0,027293521;-0,010484918;0,027169158;0,004504539;0,01045289;0,013215775;0,011425213;0,022713496;0,019795223;0,033219973;0,002318913;0,039623842;-0,003396141;0,005676733;0,008865127;0,003525304;0,016486086;0,020666873;-0,009111624;-0,002380854;0,009504554;0,011021572;0,008093682;0,008377071;-0,014039708;-0,001745268;-0,007610872;0,014649155;0,009443846;0,034281935;0,040580585;0,007329779;0,010324875
2023-01-26;0,006670114;0,002188166;-0,008652334;0,000762885;-0,002379117;0,002836905;-0,000492061;0,003532006;-0,028156994;-0,013452576;0,000689562;-0,001449311;0,000594512;-0,00621847;0,009370885;0,021122068;-0,004370018;-0,023901841;0,022304905;-0,004741547;0,006151249;-0,005855012;0,001689516;0,004602177;-0,016091888;-0,00954661;-0,008069989;0,015933036;0,002408773;0,004845775;0,004746881;0,010489569;-0,015671717;-0,000759872;0,018710989;-0,002501563;-0,01317153;-0,002078889;-0,000753098
2023-01-27;-0,018773904;-0,006550246;-0,009564775;-0,031249962;-0,020667688;-0,029702928;-0,011075832;0,007479106;-0,016681202;-0,018181949;-0,006202444;-0,011610913;0;-0,013706901;-0,015252093;-0,009423326;0,003098326;-0,015883534;-0,022121106;0,013384666;-0,004366753;-0,021201438;-0,00758985;-0,026110861;0,058411225;-0,032530118;-0,017627168;0,002888921;0,007208697;0,003067177;0,004724006;-0,013840906;-0,014227722;-0,003041884;-0,027346936;0,003761677;-0,007851482;-0,015625038;-0,014083026
2023-01-30;0,003376513;-0,008791136;0,063616599;0,012588536;0,002435119;0,005101837;0,015679523;-0,007860275;-0,002678809;0;0,006934829;-0,001468383;-0,026143774;0,009063522;-0,0047138;-0,013456939;-0,000772064;0,008069946;0,004648117;0,004925028;-0,007017574;0,000401227;-0,005778286;-0,003292603;-0,037527592;-0,029887933;-0,018633458;0,024691345;0,003180935;-0,004187095;0,004206957;0,014035166;0,017869524;-0,019832112;-0,003566774;-0,009993755;-0,014771915;0,020105968;-0,005457681
2023-01-31;0,010095451;0,00960817;-0,005788335;0,006992921;0,021862527;0,016678926;-0,002695318;0,026848619;0,025962421;0,101851755;0,008264482;0,011764667;0,018914011;-0,003592872;0,027063605;-0,00846687;0,013652534;0,032688499;0,009870463;0,033637885;0,010159042;0,015637448;0,012136837;0,020764518;0,016055081;-0,011553297;-0,016174495;0,040160653;-0,015854075;0,012613691;0,030556626;0,019896217;0,01519228;0,026459098;-0,004948469;0,038485886;0,023828879;0,07157662;0,014693265
2023-02-01;-0,006107979;-0,035138968;0,007306119;-0,003858078;-0,012678665;-0,019258573;-0,012039346;0,020145706;-0,003490299;-0,012605077;0,012294827;0,005813853;-0,01257489;0,000300474;-0,013833978;0,003320898;-0,011943981;0,007751866;-0,018936943;-0,009482801;-0,013554921;-0,013130319;-0,011484867;0,001386945;-0,031602777;0,053246869;-0,002859153;-0,016988519;-0,010471185;-0,043944543;-0,037780944;-0,01950808;0,002327893;-0,023502628;-0,011109989;-0,030376671;0,003922607;0,004840318;-0,010825142
2023-02-02;0,015642493;-0,005311176;0,004646299;0,006971421;0,006208626;0,015219049;-0,018900746;-0,056722627;0;0,021276814;-0,002698969;-0,027456682;-0,023044178;-0,017722931;0,007348111;0,02434993;-0,011831235;0,019230864;-0,045143345;-0,020887917;-0,00443235;0,009208014;0,027678299;0,005540096;0,011654993;-0,040690538;-0,01577062;-0,001178181;-0,017094125;-0,005428725;-0,01789289;-0,012975764;0,012276046;-0,008540303;-0,046222843;0,020050047;-0,009116806;-0,00578034;-0,021085812
2023-02-03;-0,041254045;-0,00991607;-0,023914279;-0,068461569;-0,021565738;-0,022237758;-0,006337137;-0,019153688;-0,02189154;-0,070833613;-0,03179962;-0,014858711;-0,013035485;-0,027828835;-0,039787918;-0,017770499;-0,012493388;-0,049685585;0,012389939;-0,00244431;-0,012466926;-0,003570213;-0,036907569;-0,069788799;-0,016128966;-0,010282852;-0,012381603;-0,00865134;-0,021946311;-0,013828316;-0,014422931;-0,023663496;-0,02622098;-0,034455815;-0,002131579;-0,038697715;-0,003417758;-0,127907038;-0,013144131
2023-02-06;0,02524376;0,003081697;-0,01294335;0;0,001632672;-0,003668782;0,005612098;-0,001362429;0,014324171;-0,004484339;0,004891503;0,010557993;0,004402572;0,005976665;-0,030386675;-0,015742606;0,006589095;-0,017868855;-0,008051489;0,004900891;-0,000901527;0,000397915;-0,00207162;-0,002961402;-0,032786957;-0,067532354;-0,005899792;0,006346841;0,000423553;0,016236195;-0,008985822;0,005386085;0,012453788;0,042984594;-0,012478962;0,038977795;-0,008968493;-0,00777765;-0,000313393
2023-02-07;-0,013989812;-0,004608257;-0,022362819;-0,01816674;-0,006520042;-0,005890517;-0,01369845;0,006366503;-0,031774035;-0,009008635;0,000695795;-0,019403049;0,002504683;-0,021263327;-0,000712357;-0,035569495;-0,021733351;0,010781652;0,014285664;-0,013300783;-0,008122697;-0,023079618;-0,008995081;-0,021287243;-0,019370473;-0,051532149;0,014836862;0,005124096;0,003385639;0,010166957;-0,00621778;-0,021428511;-0,025930876;-0,017107255;0,006603026;-0,020910283;0,002661448;-0,016797352;-0,004942096
2023-02-08;0,018161238;0,017746794;0,01089826;0,019344039;0,036095475;0,048888739;0,023662444;0,018526967;0,015496633;0,013636016;0,001389474;0,009132562;0,011867599;0,006389856;0,043478337;0,024257478;0,018736564;0,014666731;-0,003200972;0,013480079;0,007734131;0,082688409;0,021993537;0,016692058;0,04197542;0,02936859;-0,018274897;0,013333277;0,006326215;0,033788492;0,011209866;0,007299189;0,039931814;0,045885958;0,003392815;0,031407033;-0,000265317;0,010250497;0,018180133
2023-02-09;-0,02898535;-0,012888474;-0,039095033;-0,038779008;-0,022961265;-0,02542371;-0,005276508;-0,016858964;-0,025134679;-0,022421317;-0,018736843;-0,007541496;-0,03827162;-0,051111087;0,0061475;-0,055824063;-0,016552689;-0,023653184;-0,079319352;-0,005098622;-0,015801355;-0,024830805;-0,032109311;-0,042288651;-0,026066498;-0,041369351;-0,023827297;-0,018188734;-0,005448485;-0,001390601;-0,008507498;-0,020833297;-0,025927154;-0,031013612;-0,003719592;-0,046285015;0,008497145;-0,062006757;-0,01910231
2023-02-10;0,00287009;-0,012288829;-0,045493809;0,012875533;-0,060777837;-0,081884309;0,019701981;-0,004963926;0,009208139;-0,009174315;-0,009901013;0,010638306;0,005134761;0,036132463;0,028513288;0,036344878;0,016029852;-0,024226211;-0,012207588;0,013814386;0,008716007;-0,004629855;0,002470487;0,001558486;-0,029196993;-0,014880999;0,006102224;0,048482384;0,00084291;0,006615554;0,016120552;0,044403081;0,012803291;0,013270945;-0,017988254;-0,016602888;0,016324362;0,026442408;0,00340499
2023-02-13;0,004579259;0,020995336;0,034616545;0,010169488;0,029335747;0,035517466;0,005697541;-0,015419509;0,004562277;0,004629534;0,01928576;0;0,002554265;0;0,028382753;0,00024706;0,015251114;0,024138189;0,009533642;-0,002197524;0,000454549;0,03527172;-0,00369656;0,003112249;0,035087686;0,012084512;-0,016679157;0,011278317;-0,008841983;-0,004150969;0,005117824;0,02125787;-0,004990124;0,005392784;-0,001036959;0,022077922;-0,000518172;0,004683772;0,006435506
2023-02-14;-0,014245231;-0,009901051;-0,032209744;-0,040268624;-0,002514906;0,009145986;0,023399054;-0,049746659;-0,009082685;-0,018433252;0,024527037;-0,018045138;-0,019108277;-0,007749342;-0,019897199;-0,024938094;-0,01320919;-0,010101221;0,002448467;-0,007048489;-0,000454342;-0,012355236;-0,020141506;-0,032058303;-0,016949083;-0,017910456;-0,020817418;0;-0,022939732;-0,003473247;0,00636439;0,015611592;-0,002340345;-0,029118707;0,004497523;-0,028589581;-0,00570242;-0,064102617;-0,010905316
2023-02-15;0,012716899;0,017692452;0,009932857;0,01311226;0,019327845;0,039275005;0,009145623;-0,006786204;-0,000916585;0,018779418;-0,004787878;0,010719849;0,020129912;-0,002277928;0,013097541;0,019498499;0,017585478;0,022449122;-0,00418705;0,012644099;0,007275626;0,014783989;0,020916185;0,027243644;-0,041872029;0,039513654;0,033070868;-0,004461031;0,01999985;0,013941982;0,003542003;0,02988906;-0,041554955;0,03472768;0,021814105;0,020928712;0,013555687;0,04109578;0,016561551
2023-02-16;0,01484007;-0,011337944;0,005620143;-0,018981994;0,007419395;0,018895431;0,011209021;-0,009272842;0,00366979;0,013825117;-0,002061955;0,004545397;0,012730742;0,008806146;-0,043309597;-0,002483798;0,007222109;0,020625363;0,011212152;0,014896015;-0,000451374;0,007471206;0,025962522;0,007800534;-0,020565567;-0,01169583;-0,057164535;0,029126257;-0,006819801;0,023032065;0,020418118;0,005804151;-0,00349639;-0,016780947;0,002134933;-0,001921765;-0,00257199;0,002392534;0,004230551
2023-02-17;0,011248581;0,009174322;0,007875008;-0,029903368;-0,000818442;-0,005706532;0,009905784;-0,011822649;0;0;0,0096418;-0,010558162;-0,021998706;0,006466221;-0,004729803;0,007470192;0,00870671;0,003259362;-0,009355359;-0,048996314;0,015356696;-0,003336816;-0,006885958;0,01238387;-0,039369903;-0,026627271;0,000808335;0,011973782;0,019742338;0,001343953;0,026926981;0,005770875;0,00842106;0,024825327;-0,01300616;-0,010911584;0,021660831;-0,031026281;-0,005477458
2023-02-22;-0,013904356;0,000757626;-0,034656524;-0,016318932;-0,015560889;-0,010042658;-0,024754729;-0,010967065;-0,023766116;0,009090528;0,002728425;-0,025914595;-0,014781559;-0,013812963;0,031228923;-0,026940323;-0,006346707;-0,014294824;-0,015389944;-0,006128184;-0,011120845;-0,018601624;-0,03726823;-0,047400635;-0,038251448;-0,047112463;-0,079159936;-0,042667482;-0,009680107;-0,01241594;-0,044743655;0,018852372;-0,018441294;0,012869183;-0,00761078;-0,01816994;-0,025224769;-0,052955738;-0,01967924
2023-02-23;0;0,003027955;0,001305291;-0,006451643;0,001663913;-0,004348017;0,008141439;0,014616885;0,000936324;-0,022522377;-0,020408119;-0,007824745;-0,007827747;-0,005863213;0,001316544;-0,01066815;-0,002810698;-0,021753515;0,01065722;0,007079325;-0,000899608;0,003790672;-0,003781088;0,026217181;0,01136358;0,003189839;0,035087694;0,013857659;-0,011049975;0,011892681;-0,005288351;-0,002413556;0,019142237;0,024663637;-0,004693304;-0,002643754;0,021874872;0;0,005300881
2023-02-24;-0,012408147;0,005283032;-0,026857716;-0,032883211;-0,020764253;-0,032022871;-0,019216247;-0,012915963;-0,013096454;-0,023041646;0,02847229;-0,009463604;-0,03353061;-0,004259484;-0,012491725;-0,003850909;-0,000512364;-0,012803339;-0,014059722;-0,014739048;-0,016208928;-0,030588964;-0,005964093;-0,00886333;0,014044985;0,001589759;-0,023728726;-0,001108275;-0,014180985;-0,021491083;-0,005823047;0,003225931;-0,033391402;-0,004408502;-0,021966602;-0,012591037;-0,009683923;-0,015604595;-0,017146305
2023-02-27;0,002855339;0,006005984;0,004823108;0,016361947;-0,000847974;-0,009774522;-0,013586689;-0,000503283;0;-0,014150588;0,007427431;-0,001592485;0,018367405;-0,002961585;0,008655095;0,005154647;0,002307273;-0,00819105;0,005347606;-0,019562953;-0,001373045;-0,012855259;-0,003272696;0,00999457;0,011080278;0,023809691;-0,019097144;-0,007026555;-0,006103194;-0,015099391;0,004074312;-0,013665642;0,006477156;-0,010332188;0;-0,016107381;-0,001544155;-0,011889022;-0,001530135
2023-02-28;-0,027334741;-0,000746234;-0,005333378;-0,000946902;-0,011884685;-0,006833542;0,009265865;0,013091653;-0,006635123;-0,033493133;-0,046916998;0,007974501;0,000667982;-0,000329952;-0,011221176;-0,005641147;0,004603428;-0,023399852;0,015248078;-0,02230011;-0,002749865;0,003551787;0,012221906;-0,028645815;-0,016438246;-0,012403278;0,002654814;-0,014152806;-0,005263005;-0,011150026;-0,012426733;-0,000815081;-0,024311762;-0,017151394;0,003292769;0,008867666;0,009278405;-0,057486637;-0,007369148
2023-03-01;-0,042740084;0,005974586;-0,009115227;-0,004739401;-0,001718018;-0,007645436;-0,032257827;-0,018389703;-0,003816592;-0,009901065;0,059774916;-0,007911411;-0,012015991;-0,004952172;-0,008010628;0,002062935;0,000254839;0,004228419;0,031086456;-0,009124004;-0,000459575;-0,016226112;-0,039106099;-0,040214499;-0,100278611;0,031397278;0,007060821;-0,013600329;-0,007936559;-0,021493905;-0,000932077;-0,001631169;-0,005130138;-0,014415701;0,045475674;-0,029749828;0,005618069;-0,0297872;-0,0052129
2023-03-02;0,003669764;-0,025241291;-0,016098508;0,008571627;-0,015750671;-0,01319568;-0,040256633;0,036455661;-0,00862073;-0,019999662;-0,007962768;-0,001594847;-0,005405445;-0,009289856;-0,004710628;-0,0156973;0,002545029;-0,019649278;0,001693739;0,012357649;-0,000459675;-0,032800552;-0,003375974;0,011173296;-0,024767818;0,01217665;-0,035933379;0,004978871;-0,005777531;-0,016924707;-0,007209071;-0,013071858;0,011786359;-0,007698221;-0,002242289;-0,007665505;-0,005586683;-0,021929955;-0,010145136
2023-03-03;0,005484591;-0,001523245;0,020486637;-0,006610239;-0,00350249;0,005473137;0,011220951;-0,0014655;-0,006763338;0,010204156;-0,010702367;0,001597394;0,001358654;-0,009042303;-0,004056847;-0,006797486;-0,003300458;-0,004294834;-0,005072531;0,002154203;0;0,00124067;-0,003575531;-0,019337021;-0,041269763;0,01804495;0,072727218;-0,016768222;0,005811105;-0,015384721;-0,010373289;-0,006622771;0,008736886;0,008533805;0,003370819;0,039325839;-0,008171804;-0,002989534;0,005226177
2023-03-06;0,023030114;0,02974821;0,005119975;0,041825244;0,029876569;0,033437179;0,022721268;0,011741671;0,015564298;0,015151129;0,004056619;0,01275922;0,024423416;0,004055413;0,020366703;0,014214329;0,007896138;0,015815855;-0,03195129;0,012658547;-0,000920105;0,022718008;0,007365437;0,021971899;0,056291387;0,022156646;-0,001694941;0,011627945;0,031555759;0,004464367;0,014412721;0,007500235;0,006495856;0,029999898;-0,035274299;0,010135219;0,015190558;0,008995653;0,008029577
2023-03-07;0;-0,005185031;0,007238542;0,008211479;0,014505565;0,02332545;0,02299179;-0,012088975;0,00862064;0,004975162;0,0080812;-0,007874034;0,007946977;0,007068327;0,016633315;0,009602846;0,0222392;0;-0,013693795;-0,014387008;-0,001841352;0,002827084;0,0013124;0,005512699;0,009404359;0,004335323;0,006791185;0,011493943;0,007755051;0,01259256;0,013174986;0,013234149;-0,010756625;-0,014189776;-0,009518386;-0,014715883;0,004057872;0,001485723;-0,004508118
2023-03-08;0,039099802;0,014147369;0,033005266;0,05429862;0,02607209;0,030882617;0,010100787;0,012236906;0,019943085;0,089109307;0,014695907;0,009523868;0,018396815;0,024398399;0,044502681;0,027249427;-0,001236142;0,038216506;0,018867717;0,012682359;0,008302534;0,012484648;0,048492807;0,07456115;0,065217397;0,005755317;0,002529549;0,013257736;0,038905585;0,003292025;-0,004589542;0,013061078;0,015947944;0,043181907;0,00914106;0,030549983;0,01439794;0,121661754;0,022182139
2023-03-09;0;-0,001468361;0,001030602;-0,006008338;-0,004917636;-0,003566191;-0,021749846;-0,008704077;-0,025139695;0,009090528;-0,007241623;-0,03301898;-0,001935425;-0,003915087;0,028195447;0,009008925;0,022277292;0,007498289;-0,043326139;-0,026464838;0,001372307;-0,019093035;-0,000714365;-0,013775275;-0,011661815;0,005722463;-0,010092402;0,004486131;-0,012345846;0;0,008965435;-0,008863788;-0,011773146;-0,007988514;-0,013122806;0,006587533;-0,00747023;0,001322821;-0,013788249
2023-03-10;-0,010832428;-0,006617675;-0,115830165;-0,027633803;-0,026359539;-0,028632786;-0,018911801;-0,054634187;0,003820417;-0,040540469;-0,001989303;0;-0,03167422;-0,005568321;-0,029859881;-0,025049486;-0,00895895;-0,018944509;-0,014244049;-0,018204016;0,001827051;-0,023925477;-0,018763468;-0,020693362;0,002949822;-0,028449514;-0,007646672;-0,02605133;-0,000416669;-0,027342475;-0,010916597;-0,008130072;-0,010830407;-0,012444972;-0,003294973;0,00065445;-0,008028086;-0,038309142;-0,013828744
2023-03-13;0;0,007401919;-0,001892304;0,007992701;-0,008460433;-0,01105399;-0,006251068;-0,023219756;0,004757346;0,028169291;0,037873749;-0,004877897;-0,034045433;0,021080286;0,010678444;0,005087772;0,006596648;0,006207028;-0,01074465;0,000247166;0,014592168;-0,012048072;-0,003095686;0,015319708;0,094117643;0;-0,012842479;-0,033244416;0,007503264;-0,012743683;0,002823193;0,025409784;0,023722737;-0,01927358;0,004132333;-0,014388489;0,006322771;0,013736322;-0,004796464
2023-03-14;0,003458181;0,024981562;-0,023187928;0,007929324;-0,006825673;-0,005961253;-0,007618459;-0,023771831;0,017992411;-0,004566307;0,029449403;0,011437734;0,006910849;0,024193611;-0,024238642;0,003796575;0,009465995;-0,012337143;0,013108716;0,005190389;0,008539294;-0,003363754;-0,040738107;-0,039021932;0,002688264;-0,007320668;-0,02341707;-0,014624312;0,009516078;0,003417008;0,00921444;0,021582667;0,017468881;-0,001511681;0,009103979;-0,00995355;0,011811848;-0,021680337;-0,001832798
2023-03-15;0,016657132;0,005018015;0,013735306;0,008741287;0,01890046;0,01424294;0,001066083;-0,007034587;0,015813951;0,045871639;0,013059646;0,017770678;-0,015785796;0,0135433;-0,000637038;0,016137041;0,011541296;0,011103211;-0,04655506;0,011802149;0,008467099;-0,002531829;0,007427071;0,003790103;0,021447554;0,013274363;-0,015097729;0,001203319;0,004098124;-0,001891735;0,016485291;0,014084533;0,010160986;-0,006813112;-0,03012618;-0,000670408;-0,004719443;0,01939071;-0,002496794
2023-03-16;-0,005084799;0,01711834;0,015022134;0,027729688;0,015176784;0,028085855;0,010652436;0,003814697;-0,007326052;-0,008772055;-0,020871665;-0,015872965;-0,003486785;-0,023927881;0,01529649;-0,007940386;-0,02757301;0,018531369;0,010546945;0,010206609;-0,006186584;0,016497132;0,054631369;0,0086301;0,020997391;0,033478888;0,021641157;-0,007211417;-0,003265327;0,011751271;0,002244856;-0,014660396;0,004162405;0,016768409;0,003683279;-0,00536536;0,005740035;0;0,007401997
2023-03-17;0;-0,00280492;-0,031050426;-0,0472174;-0,031561369;-0,04169678;-0,017127862;0,026601508;-0,029520215;-0,013274496;-0,011912081;-0,045161324;-0,007697668;-0,065584232;-0,074701884;-0,064282104;-0,022244021;-0,022237254;-0,01430245;-0,013952328;-0,034237545;-0,028714237;-0,03674489;-0,033689996;-0,028277569;0,032394361;0,032656596;-0,009685279;-0,026617439;-0,03971535;-0,035100472;0,001566231;-0,015198609;-0,003748203;0,011987621;-0,028320803;-0,01067006;0,028532575;-0,014047469
2023-03-20;-0,034639571;-0,007032422;-0,042228279;-0,010619463;-0,003430718;-0,017254144;-0,005629799;-0,034373328;-0,00380244;-0,031389931;-0,017766886;0,010135008;-0,002115734;0,000340785;-0,033242842;-0,003475025;-0,001249968;-0,037215742;-0,005882235;-0,004391335;-0,001841352;0,00257112;-0,012653466;-0,033757542;-0,018518442;-0,025920942;-0,042735055;-0,020782352;-0,007152098;-0,000780258;0,005675752;-0,009382277;-0,024552835;-0,004514652;0,00821951;-0,022900933;-0,00293237;-0,060766255;-0,010384185
2023-03-21;-0,00352931;-0,012039746;0,003908813;-0,000894581;-0,003442421;0,003053105;0,011862891;-0,005476472;-0,006679171;-0,009259392;-0,013565748;-0,016722356;-0,022614794;-0,009536886;-0,002807026;-0,007779021;-0,006758467;0,033643534;0,010650958;-0,011761984;-0,012915127;0,020512768;-0,018658146;0,008018131;-0,002695569;-0,015406072;0,00625;-0,00208077;0,00508496;0,013666325;-0,013853167;-0,010260695;0,005034213;0,029478362;-0,008392126;0,012073686;0,006549187;0,033755314;0,000743141
2023-03-22;-0,00354202;0;-0,026631335;-0,011638439;-0,007771665;-0,009132188;0,002398134;-0,036343604;0,002881828;0;0,051735284;0,011904772;-0,002169131;0,015818557;-0,005629773;0,008289586;-0,002520096;-0,00761772;0,004098321;-0,007686351;0,005607331;-0,005862879;-0,001344326;-0,00847823;-0,029729601;-0,042674231;0,002662066;0,010425356;-0,002951205;-0,001540499;-0,003121584;0,004784874;-0,002504534;-0,002936711;-0,012453162;-0,06456124;-0,011011101;-0,021768757;-0,007693222
2023-03-23;-0,05805679;-0,012186387;-0,020640146;-0,056159372;-0,021757794;-0,034562253;-0,010898402;-0,049142892;0,007662791;-0,051401926;0,006911994;-0,01344543;-0,011594214;-0,012525424;-0,061571209;0,002192295;-0,005053171;-0,006978514;-0,008163295;-0,013743245;-0,005111476;-0,024852198;-0,037307738;-0,026056786;-0,133704752;-0,053491932;0,013274163;-0,004539947;-0,003382596;-0,015432285;0,005480025;0,007142659;-0,056671409;-0,03092793;-0,025710107;-0,030007502;0,009362362;-0,089012425;-0,022899392
2023-03-24;0,077358564;0,007982709;0,01535709;0,013435866;0,014234424;0,011137558;0,01021215;0,073317384;0,010456394;-0,08866972;0,029004508;0,027257346;0,02565978;0,022283074;-0,011312231;0,022423047;0,010665398;0,026001529;0,011934271;0,005067274;0,016347387;0,014505438;0,024570552;0,010107032;0,038585161;0,036106835;0,006113628;0,000414545;0,018243468;0,012930993;0,015572281;0,000788313;0,029277531;-0,005319111;-0,011435259;0,007734145;0,015542546;0,103816839;0,009221249
2023-03-27;0,020432067;0,002879718;0,003378868;0,002841109;0,013157873;0,018096005;0,000532369;0,039193664;0,024459023;-0,021621931;0,014734166;0,016583695;0,016440318;0,009054358;0,0381389;-0,004279434;-0,000251266;-0,011643748;0,003659676;-0,001512374;0,002297763;0,017226538;0,011308062;0,017068891;0,034055715;0;-0,013888914;-0,010360363;-0,008333211;0,006963285;0,004855594;0,007086521;0,006649434;0,01986262;-0,001652178;0,030698191;0,016786205;-0,031812005;0,008509648
2023-03-28;0,00514866;0,047379848;0,032713295;0,008498276;-0,005194602;-0,001545572;0,006912808;0,057650847;0,022696109;0;-0,017676608;0,008156535;0,026722962;0,041542046;-0,002939024;0,069836228;0,000502577;0,025641058;0,003647084;0,02297371;0,003209758;0,004656985;0,030460803;0,034143501;0,011976056;0,006060609;0,019366118;0,00711866;0,028571434;-0,001920715;0,010427393;0,002345311;0,013211096;0,006741419;0,010567659;0,008190618;0,004369814;-0,012857206;0,015200161
2023-03-29;0,002276632;0,015078746;-0,001708044;-0,008453081;0,011313905;0,00541797;0,011618677;-0,014773256;0,01828116;-0,027623899;-0,002570647;-0,004854309;0,032876606;-0,00287174;0;-0,017072545;0,002260826;-0,018243297;-0,002826004;0,003208361;-0,008683806;0,009692292;0,001757402;-0,048685023;-0,008875713;-0,003012007;-0,018134626;-0,015384318;-0,003676581;0;0,0022652;0,006240285;0,007605838;0,011160703;0,014362994;0,022895126;0,008702104;-0,014471688;0,006008796
2023-03-30;0,024985797;0,000675265;0,025664979;0,025640984;0,026678551;0,030023113;0,018272156;0,012926577;0,0188511;0,034090596;0,023195697;0,019512225;0,028514658;0,019520013;0,045688945;0,019923318;0,011278146;0,01995854;0,03238867;-0,018967;0;0,027545871;0,035768104;0,037647192;0,026865655;0,024169109;-0,020228697;-0,000422439;0,02173036;0,02809832;0,006278214;0,016279238;0,027318527;0,003679172;0,016271486;0,024548736;0,003115049;0,070484583;0,018861808
2023-03-31;-0,024930944;-0,033063506;-0,036851689;-0,041666536;-0,006705415;-0,01569492;0,002563409;-0,011740661;0,007929609;0,027472887;-0,009445874;-0,004784629;-0,027079323;-0,006591337;-0,007751942;0,006261039;-0,004460899;-0,020242769;-0,008235411;-0,047498629;-0,000921894;0,00487409;-0,029443805;-0,060657619;-0,037790625;-0,020648936;-0,053860017;-0,006337156;-0,018860474;0,003369586;-0,035188623;-0,040427147;-0,014695605;0,023460515;-0,018699661;0,015504052;-0,031294795;-0,032921774;-0,017654489
2023-04-03;-0,021022817;0;-0,022988564;0,022222052;-0,022785641;-0,025057407;-0,011761683;-0,00619839;0,012237724;-0,037433647;0,022886279;-0,008012929;-0,000662737;0,000631898;-0,030539765;-0,005973123;-0,012696131;-0,025482043;0,004349703;-0,034217576;-0,00415346;-0,028005591;-0,024344505;-0,070006069;0;-0,051204883;-0,0398481;-0,032312885;-0,023312862;-0,018656792;-0,009496262;-0,019077794;0,000710204;0,000716316;0,000248937;-0,022900933;-0,023674399;-0,017021333;-0,003690544
2023-04-04;0,01915271;0,006978362;0,013054015;0,023629538;0,015330019;0,022539452;0,016558828;-0,019230714;0,007772112;-0,011111196;0,034182617;0,024232693;-0,005968122;0,022734459;0,019047636;0,033800652;0,01437215;-0,000706815;-0,024409502;0,040373561;0,026876769;0,019975551;0,020921104;-0,001297861;-0,027190382;0,011111094;-0,001976211;0,028559101;0,02596314;0,010266347;0,023085081;0,034035569;0,033357118;0,015747984;-0,028265202;0,008522727;0,00101064;0,004329;0,003576143
2023-04-05;0,011389644;-0,002078985;-0,050906848;-0,003693369;0,001703518;0,008390551;-0,003563103;0,035506097;0,001713745;0,0056181;-0,025841302;0;-0,022014678;0,003087376;0;-0,00532813;-0,006214268;0,002828914;-0,0298631;0,003167913;0,001354054;-0,000815916;-0,007144175;-0,027290491;0,018633483;-0,015698551;-0,027722975;-0,013242483;0,00893739;-0,016560152;-0,004102506;0,001567251;-0,024725365;0,008456774;-0,014736152;0,001408626;-0,022205477;0,017241361;-0,008746527
2023-04-06;0,004504619;0,002083316;0,047100247;-0,00834101;-0,009353891;-0,014372018;-0,003320443;-0,000511782;0;-0,005586713;0,021591654;-0,001577326;0,004092782;0,016928268;-0,00071893;0,016557142;0,004252129;-0,004936463;-0,004159584;-0,004210546;-0,004506905;-0,003266667;-0,010793208;0,049432359;0,027439077;0,004784669;0,030550037;0,012554109;0,013376532;-0,006888489;0,011843191;0,012519735;-0,040845085;0,008385704;-0,001820724;-0,008438993;-0,00361285;-0,001412352;-0,001544891
2023-04-10;0;0,002078985;0,017928699;0,019625992;0,005150035;0,011511588;0,000512265;0,039938492;0,015397637;-0,005618021;0,011473493;0,003159636;-0,002038119;-0,006961246;0;0,003832068;-0,007721024;-0,012757005;0,02798673;-0,03409052;0,000452927;0,010651151;-0,004020123;-0,015913532;-0,005934722;0,017460304;-0,004940887;0,008978303;0;0,00693627;0,00687034;0,007727863;0,000367095;0,001385894;0,019283235;-0,007801507;-0,005697891;0,026874161;0,010166432
2023-04-11;0,025224281;0,022130091;0,085076127;0,065994626;0,040990676;0,052352185;0,023053306;0,02314137;0,017691764;0,11299499;-0,010746457;0,039370172;0,063989153;0,010667456;0,096403055;0,008351386;0;0,043072539;0,053230514;0,037208983;0,014027085;0,032428438;0,091678029;0,093143664;0,12835819;0,053042279;-0,012909516;0,005084724;0,016000048;0,040949125;0,015415807;0,086416452;0,034862505;0,019377099;0,052793158;0,039313799;0,018233645;0,100550845;0,042878043
2023-04-12;0,003280257;-0,00135327;-0,001304143;0,019776381;0,006562631;-0,005046902;0,069604502;-0,01588065;0,032284504;0,015227966;-0,019311814;0,031818119;0,017914303;0,01266593;0,038057665;0,024372902;0,012299187;0,013764663;-0,009645223;-0,002110156;0,008478433;0,006674048;0,012324022;0,017159717;0,026454985;0,008888768;0,011066458;0,005059;0,029921281;-0,001102789;0,004977837;0,011538293;0,00709211;0,010862309;-0,021369588;0,004126805;0,016628203;0,015018757;0,006364509
2023-04-13;0,015259018;-0,011517469;-0,000580498;-0,010118107;0,009780121;0,00072463;-0,000468006;-0,004400985;-0,010424863;0,015000115;0,036923033;0,027900097;-0,008799482;0,00148895;0,001264116;0,004851118;0,009422391;-0,01357777;0,010518044;-0,004758207;-0,001327373;0;0,007826002;-0,019778901;-0,005154585;-0,070484533;-0,064676746;0,004194613;-0,017966405;0,011409675;0,011391628;0,016729883;-0,060563461;-0,010745587;-0,013523484;-0,037671483;-0,009310429;0,020961753;-0,004041538
2023-04-14;-0,000536647;0,004112217;-0,014665423;0,019591265;0,000806924;-0,001448211;0,017095814;0,021610934;-0,002430971;-0,004926145;-0,033828;-0,002857054;0,002536448;0,005947077;-0,02083327;0,01793104;0,008105953;0,002752815;0,008095415;-0,006640165;-0,002658806;0,014430661;-0,008973259;-0,032641071;-0,031088103;-0,030015877;0,006382963;0,010442776;0,012067294;0,011280878;0,002417712;0,014211129;0,002623678;0,005431191;-0,008804078;-0,017793507;-0,015494076;-0,014492674;-0,001681414
2023-04-17;-0,007519002;0,006826011;-0,00117896;0,004177224;-0,001612747;-0,004351115;0,002302416;-0,019230752;0,009748261;0,004950533;0,025798531;-0,014326681;-0,001897539;-0,013006194;0,009026425;-0,018744396;0,003655034;-0,002058902;-0,005353536;0,011229823;-0,003109516;-0,001922314;0,007835617;0,026993835;-0,021390269;0,014658011;-0,005285271;0,003307231;-0,008461757;-0,008276338;0,01013845;0,015486752;0,013831853;-0,023632583;-0,011927342;0,000724638;0,018575842;-0,002450912;-0,002474619
2023-04-18;-0,007575774;-0,008135449;-0,008999574;-0,010815374;-0,00484666;-0,006554924;0,001837936;-0,022548975;0,003217626;-0,024630244;-0,006586667;-0,008720902;-0,003802293;-0,001796907;-0,015335511;-0,022784819;-0,004127218;-0,007565329;0,001537917;-0,007138855;-0,004901807;-0,000770237;-0,017449934;-0,041218416;-0,032786964;0,020866806;-0,031881008;0,000824059;-0,003879152;-0,01487673;-0,000489687;0;-0,024704952;0,008298641;0,008604231;-0,028240315;-0,005319072;-0,027027061;0,001386583
2023-04-19;-0,013086353;-0,003417709;-0,043769566;-0,025231175;-0,019480351;-0,018328172;-0,011694801;-0,008024064;-0,008019085;-0,040404403;-0,009644264;0,00146623;-0,022264594;-0,006900811;-0,031148552;-0,022609523;-0,007801139;-0,030491996;-0,01842615;-0,026098593;0,00313458;-0,015805851;-0,035519608;-0,054828739;-0,081920924;-0,022012544;-0,012989848;0,012350615;-0,018691529;-0,002209985;-0,003428623;0,002178653;-0,034026571;-0,005486918;-0,029157371;-0,028316037;-0,004074448;-0,070707057;-0,021193825
2023-04-20;0,016574634;0,001371756;0,028958333;0,00603936;0,011589414;0,00896182;0,009512821;-0,021739145;0,013742821;0,015789594;0,002434132;0,010248828;0;0,006948764;0,003348914;0,013493904;0,019164649;0,01786976;0,012514629;0,013945771;0,001785776;0,00274199;0,030446673;0,000659117;0,01538466;0,020900173;0,026497556;-0,009353311;0,019444443;-0,004798906;0,002211768;-0,013768227;0,004696756;-0,009655252;-0,020852303;0,022239264;0,029148603;0,03668474;0,004369039
2023-04-24;-0,010325941;-0,017808328;-0,021485745;0,008576475;-0,008183124;-0,008142126;-0,002068695;-0,04341086;-0,002392348;0,005181386;-0,004249879;0,005797083;0,009108638;0,016501632;0,005340471;0,010699006;-0,00747346;0,004213657;-0,028968694;-0,012945043;0,008021451;-0,008984437;-0,000353763;-0,005270021;0,02727271;-0,003149476;-0,039281685;0,007799777;0,01401321;-0,009272992;-0,010789659;0,008082485;0,005064269;0,016016804;-0,036164048;-0,006751688;0,002484554;0,030144204;-0,004024261
2023-04-25;-0,012081272;-0,003486748;-0,035101366;0,003401382;0,015676482;0,022387925;-0,009211896;0,049702867;-0,002397713;0,00515475;-0,000609784;0,008645587;-0,022566114;0,00029502;-0,01195219;-0,02070087;-0,001214602;-0,007692384;-0,03500377;-0,02158471;-0,001768301;0,009065889;-0,005309779;-0,021854338;-0,032448431;0;-0,014018808;-0,000814752;-0,000464248;0,009627363;0,001239311;0,005830825;-0,006589166;-0,008224847;-0,027237304;0,006797583;0,004708685;0,010178037;-0,006993949
2023-04-26;-0,016675976;-0,005598222;0,003685968;-0,046610189;-0,017871734;-0,014598574;-0,008135849;-0,02418946;-0,006410587;0,005128243;0,006711405;-0,001428607;-0,034960421;-0,023310678;-0,006720412;-0,004564095;-0,010943455;0;-0,003709894;0,006143625;-0,010186141;-0,01015604;0,007117472;0,014217949;-0,051829202;-0,023696759;-0,023696545;0,015491445;0,011542684;-0,013930685;-0,003466193;0,01349951;-0,010144267;-0,021423598;0,003857033;-0,020255064;-0,010606625;-0,018891667;-0,008796745
2023-04-27;0,026568765;-0,003518646;0,014370123;0,020444383;0,014061079;0,019259433;0,001171875;-0,001582214;0,008870931;0,020407811;0,026666726;0,007153093;0,003417669;-0,001510542;0,029093361;0,012548229;0,004917661;0,007047107;0,011170688;-0,000832734;0,005369097;0,017758047;0,018374493;0,002002755;0,028938889;0,019417485;0,018203821;0,010437438;-0,002662474;0,014891008;0,024844954;0,007919168;0,002759074;0,000706199;0,021203958;0,005360069;0,005983472;0,021822895;0,005971929
2023-04-28;0,026431476;0;0,044860597;0,017421804;0,01305083;0,006540452;0,00327702;0,045430565;-0,003785527;0,020000223;0,005903079;0,00994327;0,020435962;0,002723156;0,015779219;-0,003813119;0,008808442;0,016095256;0,030278552;0,034722112;0,025812332;0,005040823;0,006419138;0,055296554;0,043749958;0,033333372;0,019070341;-0,001589366;0,002288109;0,010910687;-0,003151834;0;0,008647754;0,01905429;0,008918767;0,005331301;0,019083053;0,02010048;0,014661446
2023-05-02;-0,001157905;0,007062061;-0,0369087;-0,029965935;-0,025764899;-0,014440112;-0,023798355;-0,049520031;0,000809915;-0,039215565;0,002347451;-0,004219356;-0,031375152;0,006837714;-0,015534103;0,009090951;-0,003638112;-0,002754711;-0,029785831;-0,007785068;0,003036667;-0,038696765;-0,034132007;-0,058080816;-0,02994014;-0,019969309;-0,038596371;-0,016315048;0,01217676;-0,013397825;-0,000242967;0,007857292;-0,008573612;-0,011772887;-0,039502838;-0,065909267;-0,007295556;-0,038177363;-0,023986901
2023-05-03;0,017679553;0,022440471;-0,055216624;0,015887218;0,003910293;0,008728108;-0,003107185;0,019670433;-0,011326949;-0,025510462;0,010538676;-0,011299556;-0,006891797;-0,015999991;0,013694669;0,010431298;0,015579252;-0,000690706;0,011461448;-0,010281256;0,014273536;-0,001606612;0,011065573;-0,023458479;0,030864219;0,026645891;0,034063152;-0,021844566;-0,015789465;0,001508688;-0,000243349;-0,0014175;0,000786217;0,014716235;-0,007765381;0,01784266;-0,02253832;0,046094837;-0,001275423
2023-05-04;0,026601659;0,00342943;-0,01490075;0,027801896;0,023083484;0,023272631;0,011268188;0,002085454;-0,004909753;0,04188462;0,03823875;0,005714267;-0,013879247;0,010406457;0,042953073;0,019239879;0,021332825;0,009675141;-0,041278951;0,003826948;0,015778177;0,008044994;0,016769499;0,061084345;0,068862288;0,018320532;-0,007058941;-0,028122572;0,008021386;0,017325912;-0,004379517;-0,004968078;0,019638561;0,118093939;-0,031014367;0,046215338;-0,015037362;0,048959485;0,003703449
2023-05-05;0,017979514;-0,009569477;0,063697731;0,055790166;0,03626087;0,049751403;0,02536773;0,236212335;-0,023849062;0,060301552;0,003348153;-0,00710229;0,038705091;0,001931136;0,027670614;-0,001611271;0,01619325;0,082135589;0,046433212;0,019336047;0,009236152;0,037110461;0,013020943;0,093143664;0,06722681;0,008995548;0,043839122;0,016170337;0,007199766;0,041095778;0,011730228;-0,015691821;0,022727385;0,01111799;0,032605526;0,049504751;-0,002035774;0,081680318;0,029107209
2023-05-08;-0,019739845;0,001380199;-0,011534236;-0,004003143;0,020995662;0,037237471;-0,003930644;0,064814772;-0,002527145;-0,009478214;-0,011123482;-0,020028629;0,033875331;-0,003212198;0,000626118;-0,000691723;0,003233233;0,003162545;0,009277813;0,007747393;0,007903264;0,013851832;-0,002913458;-0,005917025;0,015748218;-0,005943539;0,021566188;-0,012144143;0,009029112;0,0142249;-0,00483107;0,015217439;0,029755117;0,021991412;0,013470307;0,023222061;-0,000509982;0,022653639;0,008502302
2023-05-09;0,006359123;-0,000689148;0,031170104;0,009646277;0,00990078;-0,009791189;-0,003017749;0,038735236;0,011824027;0,028708007;0,001124766;0,021897864;0,024246384;0,0070898;0,003128986;0,014305422;0,020247453;0,023329007;0,005595534;0,021209121;0,005777961;0,00607198;0,012890987;0,041666362;0,069767394;-0,001494873;0,014444463;-0,003391253;0,01155873;0,015427751;-0,005339835;-0,028551148;0,021214382;0,00059778;0,010290117;0,018439716;0,016836823;-0,029535835;0,010109202
2023-05-10;0,021063395;-0,006896546;0,014881233;-0,000796099;0,003016499;0,001977666;0,013038317;-0,018645348;0,013355866;0,0697675;0,028089811;0,014285669;0,010876576;0,016000058;0,023705488;0,020473274;0,004705973;0,007393946;-0,031398863;0,00129761;0,005334512;0,014711566;0,019005472;0;0,036231825;0,002994055;0,035049434;0,015312664;0,016218129;0,013121412;0,011713272;0,009551932;0,003939844;-0,01015528;-0,018814462;0,009053012;-0,012795056;0,238043636;0,003118173
2023-05-11;0,000516076;0,006944439;0,029021068;0,018326553;0,006766898;0,01315774;0,020455226;-0,008918241;0,014827232;0,026086782;0,009836311;-0,014084463;0,037341718;0,012913358;0,015844035;0,007578994;0,007025678;0,006727746;-0,010258469;-0,02203765;0,004898127;0,009665278;0,029808685;-0,033142773;0,013985971;0,002985201;0,032804139;0;0,011244137;0,023517338;0,006994662;0,026928646;0;0,038623859;-0,01946376;0,001380262;-0,000762077;0,080772607;0,007519917
2023-05-12;0;-0,003448273;0,006085638;0,003912553;-0,002240317;0,004545742;-0,003829045;-0,048513294;-0,012175535;0,021186599;0,00919907;-0,008571481;-0,004881061;-0,006218967;-0,010797897;-0,024557425;0,01534896;0,010327989;0,005804321;0,00901377;0,00081218;-0,009204801;-0,005012969;-0,005910175;-0,009195306;-0,023809532;-0,009221259;-0,055718472;0,002510861;0,007326192;-0,003114088;-0,009922072;-0,003567705;-0,016850602;0,00102919;-0,007580892;-0,010427141;0,010560377;0,001921372
2023-05-15;0,011855572;0,011764712;0,028179599;0,013250193;0,012724347;0,015513793;0,004747926;-0,067022993;0,015612197;0,008298467;0,050938201;0;-0,006131269;0,006257885;0,012735092;0,025402557;0,006413159;-0,003006605;0,006595088;0;0,007305152;0,003715963;-0,004388098;0,030915698;0,016241231;0,007621805;0;0,017746152;0,006797842;-0,010578576;0,006247312;-0,007158268;0,023630528;0,002955016;0,014394951;0,010416492;0,018761089;-0,011254008;0,005209102
2023-05-16;0,001528245;-0,001367926;-0,015927833;-0,014615311;-0,009608353;0,000636432;-0,028802725;0,003085046;-0,013754057;-0,041152231;-0,000509964;-0,011527341;-0,019123914;-0,012748729;-0,005389283;-0,012165525;-0,016613727;-0,022316;-0,023421273;-0,006831522;-0,00483488;-0,003331701;-0,00212228;-0,020761206;-0,228310501;-0,059001436;-0,031023885;-0,000871836;-0,00071089;-0,004677614;-0,005730987;0,000721144;-0,010143358;-0,003535507;-0,020561927;0,014432818;0,00151363;-0,035772233;-0,007658513
2023-05-17;0,024415315;-0,002739832;0,043890253;0,039812556;0,009701569;-0,004452501;0,001621806;0,026801433;-0,019688401;0,068669808;-0,00102124;-0,01166177;0,02452838;-0,023937006;0,008428588;-0,002239105;-0,017125523;-0,000616841;0,032976715;0,005291261;0,000404872;0,010029942;0,018321771;0,096584069;-0,005917164;0,011254001;-0,028815314;-0,00261779;-0,001422413;0,008056308;-0,006723964;-0,010086486;0,012014098;0,01714961;0,033116534;0,062330803;-0,006045267;0,059865068;0,011701203
2023-05-18;0,014895456;-0,000686782;0,012431926;0,012762682;0,002217411;0,003194751;-0,000693888;0,002139462;0,001673665;0,032128411;0,00408808;-0,002949843;-0,005524879;0,009680536;0,020895622;-0,008752247;-0,003531973;0,0246912;0,003316703;0,014473607;-0,008903195;-0,003677998;0,011084416;0,012352329;0,053571464;0,042925363;0,069230709;-0,015748063;0,014957182;0,00233125;0,005077084;0,007278005;0,014664818;0,024418553;0,00143104;0,033163345;-0,004054725;0,038981785;0,005919971
2023-05-19;0,013698495;0,002061916;-0,018073942;0,00518914;0,011799233;0,024203492;0,01944451;0,032450906;0,012531318;-0,031128308;0,007633415;0;0,008786747;0,016299107;0,002923915;0,040298824;0,007088983;0,011445878;-0,004958823;0,022827828;-0,001633376;-0,008120959;0,005878462;0,029708398;0,028248605;0,053353485;0,048304299;0,016000033;0,005263283;-0,003986859;0,00264626;0,010115464;-0,005161705;-0,005675363;-0,011003251;0,024691356;0,021119524;0,004594011;0,005785229
2023-05-22;0,009652558;0,002743436;-0,004355702;-0,012536871;-0,004372773;-0,009950133;-0,013170014;-0,032258093;-0,004950263;0,07228901;0,000505531;-0,001479409;0,00062858;-0,005031457;0,013994177;-0,020239294;-0,003050109;0,002978026;0,041943536;0,009383455;0,000409012;-0,018980516;0;-0,024729743;0,043956071;0,005788877;0,008823479;0,003937041;0,013500768;-0,006671184;0,00047983;0,005722726;0;-0,006849345;-0,016038147;0,017469728;0,00573154;0,021341522;-0,004803829
2023-05-23;-0,001433899;-0,002051889;-0,021168522;-0,013443029;0,006588468;0,008166024;0,023470122;-0,00555552;-0,004975348;-0,011235619;-0,01009618;0,010370546;-0,007537667;0,008217455;0,005175448;-0,012216974;-0,006589969;-0,028503727;-0,001992747;-0,011306503;0,004497096;0,007966425;-0,004896369;-0,016376085;-0,036842068;-0,051798579;-0,012633641;0,00610029;0,006089019;-0,005708349;-0,000240012;0,007823416;-0,003113217;-0,008620681;-0,022613806;0,005328745;-0,003469038;0,014925356;-0,002576829
2023-05-24;-0,003350825;0,004797663;0,005478727;-0,026495005;-0,021091167;-0,030529825;0,002922661;0,019338154;0;0,007575387;0,005609313;-0,014662955;-0,01075951;-0,004702159;0,008009152;-0,01349214;0,001421535;0,001222743;-0,023162929;-0,002033157;0,004476963;-0,005645375;-0,005079389;-0,012352263;-0,008196817;-0,024279305;-0,04232285;0,004763897;0,008187824;-0,00439054;-0,011273402;0,002117119;-0,021165797;0,011014494;-0,022686138;0,010600706;-0,009945112;-0,016911785;-0,010270265
2023-05-25;0,015369778;0,005457083;0,034270187;0,024883431;0,017087794;0,035989771;0,001120809;-0,028667724;0,003333459;0,026315986;0,013691728;0,022321568;-0,003199015;-0,000944888;0,061861406;0,043309758;0,005914107;0,018925394;-0,010220892;0,028520854;0,008509109;0,031415596;0,02010208;0,06035885;0,035812726;0;0,007194365;0,012499995;-0,00459035;-0,010176497;0,022804205;0,014084564;0,0577809;-0,020068787;-0,003074667;-0,012237834;-0,019588453;0,035901313;0,011525735
2023-05-26;0,008514727;0,00135679;0,038957445;0,036418717;-0,001460694;0;-0,005821867;-0,003038264;-0,000830615;0,010988783;0,012005977;0;-0,00449288;0,000945782;0,005344744;-0,004369711;0,002587185;-0,012582284;0,03097899;0,020054367;0,003213962;-0,007706439;0,00469187;0,027692289;0,015957397;-0,001555058;0,013265219;-0,006385621;0,018800852;0,001370801;-0,006878004;-0,00486121;-0,002680945;-0,015798671;0,022822027;0,010029572;0,012038928;0,016606441;0,007741654
2023-05-29;0,010788012;0;-0,007606234;-0,009516819;-0,000731506;0,001240795;-0,001801818;-0,0034828;-0,004987603;0,032609042;-0,006426014;0,004366757;-0,011605479;-0,003464611;-0,00106311;-0,020188764;0,009148546;-0,023058365;-0,000400583;0,005582417;0,007208706;-0,004437677;-0,000155592;-0,017465097;-0,007853437;-0,004672964;-0,021147985;0,019708569;-0,000696175;0,003080217;-0,001671994;0,002791476;-0,015457026;0,006539814;-0,00753807;-0,039135584;-0,015945206;0,017755701;-0,005166537
2023-05-30;0,005104315;-0,018970237;-0,007664114;-0,013303773;-0,018301594;-0,027261367;0,008574031;-0,008300508;-0,005012604;0,003508699;-0,003482684;-0,018840561;-0,017612492;-0,01801522;-0,012772877;-0,009182571;-0,006508711;-0,009937795;-0,025250619;-0,009172192;0,001988044;-0,01411586;-0,015880588;-0,018791295;-0,015831028;-0,021909373;0,012345678;0,004201663;-0,008362554;-0,015012003;-0,018181816;0;-0,006484568;0,002362552;-0,023545625;-0,024316034;-0,013888642;-0,009769778;-0,012380702
2023-05-31;0,000461778;-0,004834111;-0,000406781;-0,002247126;-0,010440298;-0,0121021;-0,001789829;-0,010572761;-0,017632151;0,010489292;-0,004493016;-0,019202344;-0,003984085;-0,025426328;0,007008133;-0,004520726;-0,016612074;-0,021957494;-0,014391196;-0,005602923;-0,031745977;-0,007912704;-0,01850964;0,006728915;0,018766737;0,062400099;0,038617916;0,00041855;-0,004567698;-0,009352119;-0,025341213;-0,028531764;-0,012023382;-0,002356983;-0,007311752;0,002492134;-0,019040226;-0,008456651;-0,005799921
2023-06-01;0,037378925;-0,011797525;0,029958041;0,073573547;0,008289684;0,017408257;0,002689609;0,025378523;0,005983111;0,04152251;0,007522136;0,009036116;0,02133334;-0,0132101;0,014454007;-0,032697671;0,006662022;0,016677319;0,013349942;0,01886331;-0,007786857;0,014732599;0,056254046;0,057069244;0,068421034;0,00150613;-0,00782782;-0,005855359;0,010236458;0,018181796;0,018910574;-0,01432662;0,046244816;0,042528115;0,021156662;0,052206339;-0,011167519;0,064676665;0,020584299
2023-06-02;-0,00800738;0,015449523;-0,004343171;0,00839166;0,001290947;0,001203871;0,017683831;0,035605717;0,009345497;-0,033222559;0,004479985;0,004477556;0,078981746;0,004350741;0,013192631;0,030751454;0,014417422;-0,009463692;0,032523486;0,009617741;0,004130567;0,014606741;0,009461311;-0,004377203;0;0,006014955;0,021696217;0,005048358;-0,035988848;0,023008155;0,017751878;0,018895347;-0,041874481;0,019829945;0,042664315;0,025989294;0,012906652;-0,00066752;0,018025596
2023-06-05;-0,004484121;-0,003457734;0,004626594;0,002773869;0,038116391;0,034854198;0,00625827;0,01048218;0;0,017182258;-0,009415187;-0,001485921;0,013309068;-0,007997315;-0,003645979;-0,018446938;-0,00139802;-0,018471262;-0,00079723;0,014288975;-0,006581582;0,002214676;0,005139712;0,002442602;-0,041872029;0,014947731;0,005791505;0,004604275;0,000362418;0,002014058;-0,000242568;-0,006419483;-0,004508976;-0,000555543;-0,00824274;-0,020149613;-0,001061712;0,023380103;0,001226035
2023-06-06;0,036486546;0,028452487;0,020920943;-0,003457836;0,020878397;0,015921493;0,011550375;0,031120331;0,025252583;0,037162244;0,015507761;0,020833436;0,022686535;0,022841744;0,017773206;0,039211227;0,016798928;0,009084885;-0,002394324;0,039446168;0,011179909;0,006998198;0,019702347;0,029239689;0,025707016;0,042709821;0,026871464;0,009166817;0,025362372;0,018090394;0,031257505;0,022972029;0,030313438;-0,00611455;0,003264979;0,019388954;0,015147678;0,051566557;0,016983744
2023-06-07;-0,0091266;0,002024198;0,012501627;0,022900758;0,002820654;-0,000602988;-0,000439088;0,024144884;0,001642136;0,013029045;-0,019211566;0,016034975;0,014594283;0,010837508;0,00564968;0,005358233;-0,006654371;0,024437268;0,007599946;-0,007228502;0,006961451;0,002926401;-0,003687452;0,025094735;-0,027568968;-0,011299519;-0,00373838;0,066473936;0,001060121;0,003948815;-0,003054401;0,002807063;0,00439634;-0,008948525;0,015828562;0,004034654;-0,001309052;0,039106136;0,007660763
2023-06-09;-0,003508607;0,019528635;0,007001119;-0,002713793;0,022503508;0,016887982;0,048769679;0,006286831;0,028688599;0,025723755;0,020592511;0,100430579;0,015535184;0,018843365;-0,00970384;0,00866079;0,01455292;-0,002510886;0,004366803;0,043003634;0,026433539;0,013858072;0,009326414;0,0083141;0,023195978;0,01999997;0,032833003;0,049167732;0,011648336;0,01016061;0,02451101;0,023093086;0,005387301;0,021444759;-0,004514369;0,006314509;-0,009174287;-0,006571048;0,013256789
2023-06-12;0,016285115;0,001320943;-0,000379141;0,013605455;-0,009628458;-0,008303575;0,036238173;0,06013272;0,018326552;0,012538924;0,004921105;0,005214887;-0,002266227;0,000637714;-0,013924516;0,007265526;0,005236881;0,027061155;-0,006719428;0,005017261;0,004358216;-0,010791066;-0,013933718;0,045350389;-0,002518977;0,01680681;-0,0054495;-0,02029524;0,007327279;-0,032446576;0,008051106;0,015731819;0,021768147;-0,009392231;-0,018139217;0,004563534;-0,001322576;0,017438313;0,002708962
2023-06-13;-0,01602416;0,007255976;-0,044385592;-0,019463138;0,002083343;0,001196157;-0,010408302;-0,015101284;-0,017996734;-0,046439367;-0,040156797;-0,015564009;-0,007382246;-0,016252293;-0,016213541;-0,012458918;-0,00362412;-0,03170944;0,000795851;-0,015194197;-0,007495042;0,011272941;-0,020972714;-0,057844189;-0,050504972;0,012396796;0,015525005;0,007909613;-0,009352291;0,01609664;-0,020538429;-0,008754087;-0,018354568;-0,006135072;0,010577932;-0,001703507;-0,010596262;-0,034869907;-0,005053862
2023-06-14;0,020246412;0,003929241;0,009660002;0,041752343;0,002772044;0,006571153;0,004936238;0,035901309;0,015936263;0,042207458;0,04387761;0,007905039;0,021739211;0,014577147;0,020202087;0,019256423;0,017958648;0,057807196;0,035387857;0,010359386;0,011128775;0,013663827;0,019143095;-0,000465004;0,013297732;0,005442102;0,002697796;0,013453026;0,000349834;-0,002310248;0,034715991;0,031929226;-0,001669596;0,010101024;0,01754377;0,013651948;0,013922392;0,098591469;0,019924107
2023-06-15;0,003019889;-0,009132369;-0,001703876;-0,033508471;0,004837388;0,002967322;0,02046669;0,064259882;0,000784144;0,006230576;-0,001954999;-0,001307222;-0,008958541;-0,007024221;0,013027638;0,013897802;0,000669803;0,004396851;-0,00460843;-0,007635547;-0,009040813;0,013125177;-0,006559332;-0,019543892;-0,015747868;0,020297613;0,008071794;0,00221238;0,004543749;0,017863145;-0,007205271;-0,004608151;0,015050283;-0,004999947;0,007823887;-0,015712681;-0,000792188;0,05574136;0,001276571
2023-06-16;0,006451594;-0,007899943;-0,015360358;-0,006118396;0;0,002958543;-0,007420812;0,017639093;-0,027429324;-0,003095825;-0,012732699;-0,003926653;-0,005649785;0,028938889;-0,020061804;-0,031055777;0,00870361;-0,021263288;0,001157442;-0,006594839;-0,012296747;0,003151364;-0,023409316;-0,035120962;-0,010666673;-0,04111406;-0,007117378;0,003679077;-0,008350632;-0,007799946;-0,024722498;-0,014550139;-0,015486088;-0,015075518;0,001581364;0,003990735;0,000264454;-0,017423282;-0,003883544
2023-06-19;0,00512821;0,002654233;0,00146664;0,012311906;0,020633007;0,017699404;0,018589725;0,031666692;0,009669537;0,037267005;0,00942472;0,007884485;0,011931771;-0,006249996;0,019947632;-0,003315651;-0,003539863;-0,004472782;0,010789931;0,003098189;0,010441739;0,01361247;0,039028827;0,022134569;0,005390839;0,03457826;0,020609392;0,009530585;0,003157759;0,01441219;0,005581588;0,001342101;0,003681407;0,015306268;-0,00387523;0,013060904;-0,004755966;0,020956363;0,009262534
2023-06-20;0,018282174;0,001985498;0,027027168;-0,004729759;0,001347352;0,002318811;-0,00019859;-0,029079209;0,016759982;0,026946055;0,017690538;0,01043014;-0,006737714;0,014465347;-0,007205409;0,042803154;0,005106518;0,008985904;-0,01410584;-0,018310324;0,008743956;-0,000476041;-0,008133608;0,038498619;-0,013404923;0,034759409;-0,016681311;-0,007988266;0,003847659;-0,000968772;-0,002544139;0,004691785;-0,002000602;0,015075336;-0,025792506;0,005605381;-0,019113235;0,024210443;-0,001968997
2023-06-21;0,031315344;0,009246976;0,035260579;-0,006110018;0,007402682;-0,002313447;0,031547627;-0,016638936;0,011773855;-0,014577041;0,007725594;-0,001290355;0,018089265;0,026968491;0,028512108;-0,00191408;0,000883632;0;-0,008120888;-0,005393381;-0,002758077;0,009735621;0,004622067;0,00834107;0,021739205;-0,012920009;-0,001785744;0,012445208;0,003832627;0,011635411;0,007883229;-0,008672647;-0,014366858;0,008250697;-0,010057758;0,011705615;-0,013531572;0,045734875;0,006671014
2023-06-22;-0,0121459;0,017670159;-0,020786608;-0,030054545;-0,018036156;-0,026087125;-0,01904205;-0,023688625;-0,031032038;-0,03846165;-0,007845819;-0,019379747;-0,011104966;-0,042559631;-0,033770009;-0,027700707;-0,004193306;-0,001272394;-0,019103204;-0,021238092;-0,006321544;-0,009641753;0,006975469;-0,016544144;-0,050531974;-0,010471209;-0,046511682;-0,003977049;-0,0072892;-0,018849912;-0,023004421;-0,008748196;-0,017966062;-0,012002029;-0,005378825;0,008264463;-0,001371673;-0,015724693;-0,012340143
2023-06-23;0,034426172;-0,003858489;0,0185422;0,016197209;-0,002720876;-0,012500137;0,000392142;0,009358768;0,033626949;-0,012307869;0,009818438;0,044795711;0,012914127;0,062421186;0,027647381;0,05939063;0,018395248;0,027388604;-0,001192404;0,009695487;0,025049797;-0,003129195;-0,005158565;0,042523432;0,002801153;-0,014550178;-0,044090132;0,006896564;0,016433543;0;0,005886495;-0,005489676;0,027614775;0;-0,010064541;0,004371721;0,005494115;-0,079880298;0,000361545
2023-06-26;-0,012678151;-0,00968366;-0,030131859;-0,026334115;0;-0,004821974;0,002351841;-0,016483566;-0,005983786;-0,03115262;-0,002430821;-0,018915485;-0,005543194;0,003264137;-0,00203062;-0,000827439;-0,021762598;-0,02231857;0,007958815;-0,008916637;-0,006982209;-0,001395088;0;-0,030031313;-0,050279361;-0,028188023;-0,012757524;0,00468672;-0,009287808;0,002605087;-0,009831336;-0,015829434;-0,01343638;-0,001104217;0,002124514;-0,023395127;-0,003877592;-0,048833371;-0,00616926
2023-06-27;-0,017656549;0,002607663;-0,022653612;0,000711899;0,001311552;0,003487864;-0,018380835;-0,003142463;-0,00158239;-0,025723395;0,009746728;-0,010282887;-0,016165045;-0,006211282;-0,033061991;-0,00848855;-0,001557467;-0,010779887;0,003552793;-0,009688277;-0,024218735;-0,011177431;-0,013777995;-0,025416046;-0,005882357;-0,006906023;0,039761495;0,013634509;0,003472128;-0,007145207;0,001181613;-0,006993044;-0,00476675;-0,014372732;0,011962366;-0,050139345;0,002747056;-0,026811181;-0,006089155
2023-06-28;-0,011437701;-0,010403156;-0,000397387;0,000383857;-0,013103333;-0,016493829;-0,012151427;-0,004903657;-0,007923841;0,019801849;-0,006274269;-0,001298661;-0,004532565;-0,003273726;0;0,002088086;-0,001336689;-0,000641091;-0,015342193;0,019799586;-0,004803911;-0,005651121;-0,00330463;0,000964919;-0,008875713;-0,031988867;-0,03250484;0,003185787;-0,010726615;-0,013738908;0,009445083;0;-0,00821075;0,001682641;-0,031572578;-0,003518989;0,002191738;0,04630713;-0,007164555
2023-06-29;0,004958682;0;0,031668311;0,049462321;0,012578684;0,004347964;0,009276349;0,021823331;0,009584687;0,051780144;0,00922769;0,039011726;0,013090416;0,010152328;0,039452978;0,011877379;0,004908423;0,019243062;0,009988136;0,022841486;0,014481204;0,012077822;0,029389588;0,02197814;0,029850699;0,025861959;0,025691731;0,011291573;0,004547;0,015588802;0,008187429;0,022535215;0,020006871;0,04983186;0,012206422;0,059446733;0,007107542;0,100840284;0,014586779
2023-06-30;0,01356883;0,012483519;0,015540664;-0,002049235;0,010352079;0,017316188;-0,012986922;-0,040303136;0,017405067;0,003076859;0,017805727;0,030037521;0,003370916;0,016553232;0,018724632;0,0337728;0,014431755;0,01006916;-0,008307206;0,027467431;0,005551149;-0,002457138;0,002928114;-0,064983645;-0,023188357;0,018207312;0,024084695;0,001760231;0,030640807;0,000326489;0,003944205;0,006887089;0,013865361;0,007466613;-0,019691724;0,002777778;0,024701677;0,008651363;-0,002500359
2023-07-03;0,0186612;0;0,034642955;0,02190291;0,012978024;0,012765693;0,020040219;-0,01399861;-0,002332944;0,006135101;-0,009929135;-0,013365795;0,029115203;0,006397229;-0,009438596;0,007768735;-0,008535906;0,015576255;0,035899718;0,011302228;-0,011041293;0,019633801;0,014357025;0,014499746;0,020771493;-0,009628596;-0,019755362;0,018492006;-0,028040544;0,025465316;-0,007626719;-0,022571728;0,020013362;0,001058852;0,03129873;-0,000553878;-0,0015894;0,001009135;0,013430776
2023-07-04;-0,005973608;-0,017521091;0,004571704;-0,012726158;-0,009636872;-0,00607066;-0,006350403;0,053512969;-0,008573659;0,006097605;-0,008595977;-0,00123142;-0,003808437;-0,004334035;-0,010531791;-0,003557922;-0,003311322;-0,006134815;-0,001925322;-0,002059813;0,005981164;-0,006215343;-0,002603755;-0,000492683;-0,020348818;-0,011111039;-0,016314762;0,005935917;-0,011470261;-0,020375653;-0,002095944;0,012596237;-0,009483211;-0,010047595;-0,004982695;-0,013303906;-0,013266269;0,015624902;-0,004988594
2023-07-05;0,016426352;0,0046236;0,045510716;-0,000678349;0,001363297;0,001813772;-0,006590747;-0,044229463;-0,003144519;0,009090635;-0,021194625;-0,003699229;0,015292202;0,015380271;0,025342274;0,002578823;-0,003322186;0,015432172;-0,003858272;0,005853159;0,002774474;0,0086865;0,013488111;0,008382716;0,011869444;0,049157224;0,024390258;0,000694132;0,006329057;-0,014299626;0,002333924;-0,006910886;0,017827549;0,006944403;-0,008801275;0,024157303;0,008335759;0,023325172;0,003972253
2023-07-06;-0,013007433;-0,024983601;-0,015882543;-0,037338662;-0,023145337;-0,024140117;-0,014676618;-0,02494579;-0,01419558;-0,042041768;-0,006397529;-0,003712686;-0,017213508;0,016861907;-0,015818026;-0,006133726;-0,008000057;-0,018845146;-0,009682134;-0,010991435;-0,009881476;-0,014812331;-0,009015486;-0,031784693;-0,076246382;-0,024096359;-0,005714381;-0,002774909;-0,01787446;-0,021101271;-0,012805562;-0,020180972;-0,028543545;-0,021220138;-0,007195337;-0,017553483;-0,016266829;-0,032492716;-0,017758409
2023-07-07;0,017172394;0,001348556;-0,001195359;0,0126939;0,010453468;0,006802701;0,019384124;0,002966256;0,008000055;0,037617299;0,030212938;-0,002484673;0,037766711;0,003372703;0,057257559;0,008759645;0,001344223;0,004337063;0,022291693;-0,003268719;0,007185683;0,018881306;0,012851869;0,031313132;0,009523851;0,027434931;0,007662867;0,006260919;0,015686259;0,004378476;-0,006839816;0,007812525;0,018363878;0,046070356;0,00940632;0,022333892;0,002981738;0,002506236;0,012535554
2023-07-10;-0,008244935;0,010774448;-0,020347316;-0,01949866;0,000689598;0,00061452;-0,018414932;-0,0177449;-0,004762168;-0,009063257;-0,003846074;-0,024906453;-0,004746758;-0,0008404;-0,015201837;0,003355076;-0,002237318;-0,005551909;0,005738302;-0,015303733;-0,00277457;-0,006520326;-0,005845451;-0,064642747;-0,040880494;0,004005323;-0,032319359;0,01382651;-0,000350883;-0,003017931;-0,004274092;-0,004228335;-0,015737654;0,005699578;-0,015276435;-0,004915279;-0,019189055;0;-0,008040505
2023-07-11;-0,010688824;-0,025316345;-0,013439189;-0,010653244;-0,008959527;0,000613695;-0,014273795;-0,018441843;-0,003189583;-0,012195296;-0,006756938;0,001277099;0,005299376;-0,001962426;-0,013989451;-0,016719189;-0,007174762;-0,016749505;0,002662523;-0,005772679;-0,011128871;-0,017616518;-0,003728645;-0,012565329;0,003278654;-0,015957527;-0,039292794;-0,006137109;-0,010884696;-0,007736303;-0,017887018;-0,009907897;-0,011325815;-0,009273583;0,032888675;-0,020856201;-0,009368989;-0,005500021;-0,006121653
2023-07-12;-0,004801833;0,004100973;0,005572788;0,022971804;-0,006258688;-0,009202317;-0,016135741;0,00383437;-0,000800238;-0,021604753;0,008746407;-0,005102024;0,008961533;-0,008426961;0,013209325;-0,006201307;0,004968282;-0,018927549;0,020865006;0,006699294;0,004421277;-0,005977539;0,010508118;-0,015376444;-0,026143808;0,020270336;-0,003067331;0,003773577;0,005679636;-0,012203453;0,002671194;0,002859046;-0,00202143;0,002080149;0,007059092;-0,008408071;0,003059817;-0,008044127;0,003804811
2023-07-13;0,006031345;0,004765158;-0,011699466;0,021754349;0,02029421;0,02476738;0,009461608;-0,003437745;0,017614318;0,022081825;0,000963295;0,005128189;0,035005244;0,009631651;0,086914561;0,008454208;0,01280904;-0,00192916;0,017465627;0,002218365;0,011204674;0,010965619;-0,001139674;-0,006462137;0,013422903;-0,002649045;0,025640936;-0,008885921;0,015178214;0,01269721;-0,003390644;0,015680563;0,010803362;0,026985013;0,023266253;0,011871042;0;-0,024835437;0,013580813
2023-07-14;-0,021982655;-0,001354951;-0,029532703;-0,007554953;-0,00411539;-0,007250561;-0,006665118;-0,003449603;-0,010228208;-0,01851831;-0,026949229;-0,00127547;-0,023220556;-0,004489288;-0,027543276;-0,001995977;-0,006878225;-0,013530965;-0,008034857;-0,011730833;-0,009893397;-0,010496669;-0,023388353;-0,033604279;-0,023178858;-0,017264302;-0,011999899;-0,013793137;-0,011822059;-0,006777278;-0,016281859;-0,013333087;-0,017034051;-0,00252669;0;-0,037430098;-0,001663775;-0,020270166;-0,013021532
2023-07-17;0,004904157;0,005427465;0,004750858;0,009688718;0,01170795;0,01034703;0,008806824;-0,008076888;0;0,003144677;0,010880739;-0,019157133;0,009302274;-0,001127443;0,003197833;-0,001399969;-0,000670102;0,007838058;0,003681642;0,008286803;-0,002797666;0,019448481;0,01314247;0,00729113;0,00338987;-0,006756627;-0,001012264;0,010839286;0,00950033;0,021494445;0,003211455;-0,005689964;0,005096879;0;-0,011077232;0,013348664;-0,019444321;0,007957579;0,004315654
2023-07-18;0;-0,010121601;0,009712538;0,008224813;-0,004084574;-0,001807217;0,003325585;-0,007754973;-0,010333978;0,037617299;-0,004892562;-0,013020864;-0,004096251;-0,00253946;0,014571991;-0,008612028;-0,001565128;-0,005832863;0,009904724;-0,014882468;-0,000801534;-0,019424428;-0,002017893;0,005011147;0;-0,017687176;-0,021276544;0;-0,018124475;-0,005344169;-0,009111036;-0,008583787;-0,014536919;-0,018743573;-0,006337436;-0,0143183;0,018130187;0,07105258;-0,003197456
2023-07-19;-0,009759981;-0,002726451;0,001645326;-0,007477914;-0,00273405;-0,003620977;-0,017402011;-0,033997688;-0,004016092;0,012084682;-0,007866236;0;-0,006683773;-0,005374778;-0,010323154;-0,002020267;-0,002463004;-0,009778374;-0,003632351;-0,007440615;-0,004813643;-0,01061158;0,003177325;-0,014958683;-0,006756836;0;0,006211179;-0,015565632;-0,006389952;-0,009402118;0,001242432;-0,005771899;-0,004802588;-0,025296948;-0,002669829;-0,020336939;0,054813465;0,006388278;-0,002452457
2023-07-20;-0,009856366;0,019822142;0,01061414;0,000684782;0,006168436;0,000605665;0,010963296;-0,005663406;-0,001612651;-0,002985097;-0,009910819;0,001319368;0,003105505;-0,003128595;0,001360526;-0,003441232;-0,000673261;-0,00197488;0,003280986;-0,0052251;0,000403174;0,018591102;0,007486339;0,00562459;-0,013605376;-0,011080415;0,012345678;0,002459729;0,013933546;0,005423566;0,0101762;0,015965129;-0,016546032;-0,000529534;0,002230801;-0,00415206;0,006594751;-0,002441377;0,00451715
2023-07-21;0,01907935;0,025469134;0,025006283;0,03833002;0,028610671;0,032687503;0,011887543;0,004475208;0,01534713;0,026946055;0,014514621;0,017127707;0,017543888;0,014835904;0,014039732;0,021734756;0,00853529;0,02110804;-0,010901201;0,019410594;0,004431965;0,017900666;0,005001358;0,023489761;0,041379336;0,011204566;0,020325133;0,020679876;0,008808802;0,025749618;0,009827989;0,012142717;0,025937537;0,011658682;0,00608403;0,028588448;0,019129805;0,027899983;0,018072034
2023-07-24;0,007325873;-0,011764682;0;-0,004614331;-0,017218662;-0,026963526;-0,019579692;0,015795844;0,008751142;0,026239344;-0,005426791;0,016839361;0,018762713;0,005903831;0,011612406;0,011530787;0,012026847;0,012273958;0,029390418;-0,009856243;0,008022255;-0,015862009;-0,011090445;0,030601181;-0,003311297;-0,03878118;-0,043824633;-0,005151026;-0,00244474;-0,007664113;0,002919916;0,001411575;0,0088828;0,019381776;0,030235897;0,024898814;0,072143915;0,009047737;0,009358077
2023-07-25;0,004444456;-0,005952406;0,012441957;-0,007284845;-0,005391051;-0,003614433;-0,005255356;0,022727261;-0,000788735;-0,022727595;0,00148823;0,02547784;0,019910348;0,000559054;0,03752765;0,006092644;-0,018486024;0,008295993;0,034974806;0,002262238;-0,002785324;0,002102333;-0,019985643;-0,011664955;0,019933567;-0,015850131;-0,027083365;0,007939119;-0,003501513;-0,011081178;0,003881709;0,000704624;-0,002708953;-0,007194193;0,030923675;-0,007909815;-0,02503597;-0,011797979;0,005488619
2023-07-26;0,0036203;-0,003326678;0,001927849;-0,002668353;0,008130326;0,010277774;0,008453432;-0,011695877;0,007103429;-0,017441584;0,004457552;0,031055833;-0,011224921;0,00810063;0,003404145;0,005860616;0,001121167;0,013924227;0,001724159;0,012415444;0,009577055;0,005594619;-0,001613929;0,019313286;0,006514589;0,011712954;0,017130691;-0,006164205;0,009838373;-0,003395731;0,051232141;0,033098736;0,009507465;-0,018115868;-0,00347195;-0,011958857;-0,000493881;-0,006685914;0,004524293
2023-07-27;-0,024048026;-0,018691635;-0,00396834;-0,023411381;-0,022177401;-0,022740387;-0,020536715;-0,0331361;-0,01880875;-0,032544365;-0,002465581;-0,028915704;-0,025666412;-0,004987563;-0,00720953;-0,021363318;-0,008062698;-0,012484511;-0,019621384;-0,017168333;-0,002766798;-0,022253314;-0,027920433;-0,019473675;0,025889985;-0,014471747;0,00526314;-0,005168851;-0,006958884;-0,032368;-0,029655211;-0,019086541;-0,017154371;-0,014232904;-0,018673188;-0,023631052;-0,003211457;-0,012019193;-0,020969321
2023-07-28;0,004927852;0,017687185;-0,007726692;0,00821918;0,013745496;0,011022506;0,011553219;0,002447959;0,006389864;0,027522791;0,001977378;0,002481312;0,000506622;-0,000278456;0,005126138;0,002381426;0,004289808;0,015802785;-0,003511096;-0,001814855;-0,006341778;0,014935943;0,008918955;0,000536777;0;0,041116025;0,024083644;0,01454778;0,019971929;0,01373267;0,003790668;0,004864398;0,007588788;0,009625448;-0,039619642;0,001180637;-0,000743627;0,048661748;0,001641803
2023-07-31;-0,006538407;-0,006684562;0,002555091;0,012228228;0,006779684;0,009085193;0,019247022;0,033781031;0,005555406;-0,002976212;-0,001479965;0,012376338;0,009620339;-0,003342757;0,012324748;-0,006335318;-0,009892026;0,00248922;0,030655285;-0,016818148;0,001196882;0,003503762;0,007192035;0,005901381;0,056782372;0,046544549;0,031697461;-0,022533241;-0,004809415;-0,007989202;-0,006136716;-0,008298684;0,012324588;0,000529649;0,022623193;0,010023584;-0,009920596;0,029698544;0,014610565
2023-08-01;0,020979111;0,008075379;-0,032766962;-0,010738375;-0,003366891;-0,002400993;-0,017223443;-0,011023574;-0,003157071;-0,008955374;-0,084486082;0,009779988;-0,003009142;0,000559054;-0,012594571;-0,004383504;0,006130852;-0,018622004;-0,003076747;0,00392978;0,013944124;0,003062876;0,004165534;-0,005333546;0,023880612;0,004043109;0,012884059;-0,017114934;-0,003106608;0,00245111;0,012761625;0,00069742;0,001352734;0,004764548;-0,01388087;-0,004086471;-0,001502861;0,004957013;-0,005699384
2023-08-02;-0,003626319;0,004672984;0,012421629;0,002035475;0,002519958;0,004154869;0,004434;-0,021894949;0;0,03313261;-0,011333174;0,021791697;0,003018225;0,00223473;0,024659882;0,005403244;0,000676907;-0,001265078;-0,013717586;0,013585109;0,007465685;-0,003134927;0,002222245;0,018766861;-0,029154602;0,009395958;0,00195698;-0,001066146;-0,010387724;-0,004191491;0,004481091;0;-0,004728141;0,004214982;-0,016275661;0,010551216;0,004264928;0,000896908;-0,0032083
2023-08-03;-0,006065398;-0,027906894;0,006072527;0,006770351;-0,010121541;-0,007198604;0,001682048;-0,006512;-0,012668424;-0,02040807;-0,006549979;-0,015402828;0,001504423;-0,013935389;0,02780089;-0,018710168;-0,013757217;0,013299594;-0,009387954;0,007950749;0,00077987;-0,007687453;-0,013747179;-0,023684014;-0,051050987;0,010638227;0,029296772;-0,014941264;-0,008397523;-0,002455328;-0,003756781;-0,004878124;0,003393278;-0,001573941;0,006260268;-0,00116031;0,009992464;-0,04121869;-0,002258831
2023-08-04;-0,016273377;0,005468041;0,018354249;-0,010759828;-0,047716521;-0,066465173;-0,00524672;-0,03113479;-0,023255601;-0,00892872;-0,010439665;-0,00481353;-0,013019568;-0,004804966;0,008477882;-0,006490907;-0,006174313;-0,003750021;-0,014741992;0,004958206;-0,004286881;-0,018309624;0,004496385;0,057681801;-0,03164559;0,056578954;0,015180328;0,000361264;-0,01729009;-0,021800159;0,005420453;0,015406126;-0,008792672;0,001050948;0,000740602;-0,006387849;0,010388237;0,009813249;-0,008939678
2023-08-07;-0,006203551;-0,002039412;0,002782226;-0,005438573;-0,006442484;-0,007119535;-0,00168789;-0,013953485;-0,013136394;-0,003003026;-0,009994575;-0,007255184;-0,00913237;-0,009372337;-0,003202459;-0,013066531;-0,004832022;-0,01568389;-0,010331402;-0,001569726;-0,012524327;-0,007891109;-0,009400147;-0,031600475;-0,016339844;0,007472018;-0,007476572;0,004693058;0,002513502;0,00071884;-0,004688066;-0,006896588;0,010576672;0,011023599;0,005032527;0,002922267;0,001958296;0,008329616;-0,001071058
2023-08-08;0,009155343;-0,012261556;-0,006634537;-0,009569297;-0,003602042;0,004563035;-0,006973768;0,022727302;-0,000831892;0,030120455;-0,001121593;0,010962378;-0,006656395;0,00286691;0,002811177;0,001241308;0,00023119;-0,018483006;-0,029877711;-0,022012659;-0,004756405;-0,002168765;-0,000301382;0,007894798;-0,006644522;-0,018541399;-0,00094173;-0,008623696;-0,005014401;-0,012571764;0,005416933;0,011805751;-0,005064241;0,00155771;-0,006480097;0,005244609;-0,006596696;0,039926348;-0,002429218
2023-08-09;0,003299004;-0,008275871;0,005707315;-0,013112524;-0,007230571;-0,005191255;-0,00553317;-0,019287253;0,010824434;-0,046783487;-0,004491908;0,003614412;-0,005154701;-0,006289329;-0,004004812;0,003512332;-0,04415153;-0,004545542;-0,040445051;-0,006430722;0,000796427;-0,003623318;-0,002260081;-0,044386492;-0,006689042;-0,017632284;0,013195035;-0,004349356;-0,011878965;-0,012731825;-0,008901403;0,009608769;-0,040040635;-0,00622081;-0,009042319;-0,022028987;0,002951424;-0,041041415;-0,005718364
2023-08-10;-0,005754202;-0,000695457;-0,020164263;-0,002098031;0,010924626;0,008480088;0,005136078;0,06840532;0,003294826;0,012270115;0,001128062;0,006002483;0,002590756;-0,000863006;0,00804183;0,003088327;0,002418351;0,007827757;0,000773184;0,021959895;-0,001193451;0,003272371;0,00498344;0,022950919;-0,040404069;0,010256415;0,028837411;-0,000364157;-0,006193159;-0,002947569;0,006617875;0,010876669;-0,013785893;-0,03495055;-0,011817572;-0,023117815;-0,013241616;0,021168916;-0,000498273
2023-08-11;0,017362513;-0,000695862;-0,020455868;-0,004905281;-0,005042842;-0,005821548;0,010858108;-0,03441379;0,017241588;-0,00606065;-0,003380229;0,022672923;-0,01602069;0,012957059;0,025528505;0,007799708;0,007961387;-0,012944882;-0,008500756;-0,014928455;0,016732872;0,001812316;0,000901587;-0,011217739;0,010526363;0,002538037;-0,022603989;0,030589868;0,004765446;0,005173369;-0,001878802;0,001345287;-0,020430164;0,005945928;-0,008325662;0,007281553;-0,010934666;0,081568153;-0,002408112
2023-08-14;-0,019910521;-0,002089119;-0,014593135;-0,006338048;-0,000724184;-0,005204844;-0,009899144;-0,023622035;-0,002421441;-0,06097554;0,005652991;0,00350067;-0,007878194;0,011938619;-0,040451108;0,002036628;0,003590303;-0,018360555;0,007014915;-0,010792315;0,000391957;-0,014471615;-0,0351299;-0,050783561;-0,013888821;-0,022784785;-0,030527423;-0,019434589;-0,000729417;-0,004411518;-0,000705439;0,001343158;0,006586192;-0,001074667;-0,026599935;-0,01506024;-0,0123113;-0,144583201;-0,010629738
2023-08-15;0,002487421;-0,009071854;0,037916546;-0,006378401;-0,005797403;0,002616078;-0,005318055;0,008064539;-0,032362754;-0,00974033;-0,003934864;-0,011627999;-0,023822049;-0,008707842;-0,001216035;-0,018089373;0,000953871;-0,00935214;-0,002321949;-0,009981318;-0,020760035;-0,005506607;0,011202788;-0,007399023;-0,024647864;-0,005181277;-0,006595613;-0,014774772;-0,00328611;-0,007016388;-0,008474543;-0,002683034;-0,000363526;0,008068787;-0,009854544;0,077675682;0,001017349;0,042863944;-0,005470422
2023-08-16;-0,030603722;-0,001408465;-0,001475958;-0,014978474;-0,014576908;-0,005218741;0,008554284;-0,033263196;0,000836217;0,016393194;0,034988576;-0,005882367;-0,011930686;0,001416801;-0,007711087;-0,000419991;-0,002859255;0,003371732;-0,000775784;-0,020867831;0,00880011;-0,000738366;-0,013848295;0,002867087;0,072202049;-0,009114568;0,019531115;-0,013533432;-0,006593366;-0,01078464;-0,00451088;0,008742594;-0,003999945;-0,000533606;-0,003915881;0,028944313;-0,044218257;0,05091081;-0,004984032
2023-08-17;-0,018771379;0,002820984;-0,011209743;-0,02751651;-0,018491215;-0,010491362;0,009330161;-0,012630619;0,003341772;0;0,000545306;-0,01775139;-0,018111956;-0,003395548;-0,042535887;-0,001050766;-0,006690453;0,014784818;-0,004658421;-0,000718212;0,002775479;-0,011821289;-0,02090818;-0,021726696;-0,050504974;-0,0354797;0,015325699;0,008528186;-0,015486805;-0,010902216;0,008347235;-0,014000058;0,012048173;-0,008008476;0,014086864;-0,023717392;-0,018612239;-0,011111075;-0,005277182
2023-08-18;0,013912889;0,009845153;-0,014451113;0,017125928;0,008289634;0,006626593;0,003991586;0,014997801;0;0,006451752;0,004359652;0,001204782;0,006707695;-0,000773701;0,012388023;0,008624227;0,005532853;0,00529794;-0,005460244;-0,007908185;-0,003163224;0,007850122;0,003505876;0,014611285;0,063829749;0,007072296;0,005660423;0,011764799;0;0,004941012;0,008278239;0,007437562;0,007215071;-0,001636823;-0,011145226;0,007344562;-0,017610597;0,008988754;0,003713625
2023-08-21;-0,018009965;-0,003481813;-0,032612957;-0,013177124;-0,005232109;-0,007241716;-0,003557235;-0,029117778;0,016652905;-0,012820338;0,035811314;-0,010830257;-0,004441964;-0,02063351;-0,010548538;-0,01564128;0,002392316;0,008563935;-0,00598325;-0,006038467;-0,006346714;-0,004079543;-0,007463678;-0,01440087;0,016666715;-0,034013609;-0,008442751;-0,033430252;-0,000374483;-0,004538496;-0,014074504;-0,023489895;-0,010387;-0,002731964;0,00130676;-0,012899677;-0,00606716;-0,038560075;-0,008491539
2023-08-22;0,024890671;0,007686894;0,060891414;0,028189903;0,006762129;0,006631232;0,024906532;0,013428793;0,003275788;0,029220716;0,020953408;0,006082603;0,01728948;0,020474727;0,016204599;0,012076265;0,007086882;0,011103776;0,010834759;0,000972196;0,001197358;0,015642474;0,035199951;0,004091168;-0,003278727;-0,018309836;0,059602655;-0,001879839;0,017609733;0,012537984;0;0,012370984;0,009048236;0,014794219;0,020880869;0,076136582;0,011931177;0,030487824;0,015092328
2023-08-23;0,027268746;0,002080427;0,020568976;0,024530966;0,01119403;0,013834036;0,004377509;0,010600697;-0,002448893;0,003154597;-0,036942163;0;0,000548176;0,002907932;0,015526784;-0,002302657;0,005333491;-0,001291897;0,002381635;-0,00728329;0,001595143;0,012467783;0,026275255;0,013387589;0,006578952;-0,015781921;-0,021428653;0,003389816;0,006259061;0,011257089;-0,002617225;-0,00339437;0,013629857;0,00323983;0,007350654;-0,012143676;-0,000548343;0,012744713;0,017037432
2023-08-24;0;-0,017993034;-0,035602314;-0,035915409;-0,019926524;-0,024041428;-0,013075752;-0,010052428;0,004910181;-0,022012826;-0,005327658;-0,008464201;-0,013150649;0,004928882;-0,017355508;-0,001468574;0,006751775;-0,014877122;-0,017029634;-0,018586435;0,005175145;-0,01158989;-0,013102479;-0,029867877;-0,013071831;-0,010204044;-0,021897715;0,017642659;-0,001463551;-0,006308103;-0,005725655;-0,001362372;-0,002476933;-0,00645862;-0,013324921;-0,006413815;-0,012894372;-0,013483088;-0,009387565
2023-08-25;-0,014101966;-0,014094501;-0,043423813;-0,014609232;-0,005271049;-0,01265005;-0,013038889;-0,022958078;-0,003257484;-0,038585227;0,005356194;0,008536455;-0,006663001;-0,005770381;-0,026492873;-0,011977496;0,007664534;-0,014445203;-0,001208621;-0,000996799;-0,003960437;-0,015756696;-0,038455868;-0,01657776;-0,033112602;-0,042709905;-0,024253739;-0,00184423;-0,009160862;-0,001120261;-0,006717592;0,00272838;-0,012061086;0,002708634;-0,002090067;-0,00699294;0,010561546;-0,041457764;-0,010160135
2023-08-28;0;0,015725603;-0,014782759;0,002965056;0,019682232;0,032367186;0,028766041;0,020786309;0,007353051;-0,013377745;-0,005327658;-0,007255184;0,003912748;0,006674389;0,006047662;0,000212781;0,001188711;-0,000666213;0,01653908;0,000748453;0,003976184;0,033879257;-0,002380395;0,005418289;0,003424622;0,035384642;0,042064965;-0,003695521;-0,004437817;0,015701164;0,015700586;-0,008843292;0,01472173;0,005402633;0,014338738;0,012459304;0,007150589;-0,008555215;0,011084541
2023-08-29;0,007572432;0,003518566;-0,023369991;0,002956446;0,008166187;0,011756851;0,005592523;-0,003098703;0,007299379;0,006779806;-0,005356331;0;0,008908772;0,004324088;0,007299106;0,009568391;0,009496524;0,006666729;0,019047444;0,006978687;0,002772277;0,015844733;0,012408518;0;0;0,106983655;-0,182568813;0,001854491;0,033060836;0,02723579;0,016884512;0,028826306;0,013092634;0,012896184;0,031925079;0,020331796;-0,003549967;-0,010067263;0,010954483
2023-08-30;-0,012525869;-0,005610078;0,006118201;-0,025792201;-0,013254555;-0,021304547;-0,014418355;0,002664275;0,015297629;-0,006734149;-0,011846907;-0,001217852;0,004414999;-0,004018344;-0,016624009;-0,015796109;-0,003998059;-0,009271549;0,007398917;-0,017573983;-0,007109154;-0,019142081;-0,002671303;-0,015568963;-0,003412933;-0,010738247;-0,034792313;-0,017400733;-0,006472525;-0,013615218;-0,017305678;-0,018012149;-0,004191306;-0,006366108;0,000153879;-0,004195005;-0,00520708;0,008232441;-0,007339279
2023-08-31;-0,037209299;-0,023977367;-0,045000144;-0,021936353;-0,011940463;-0,013851891;-0,015673863;-0,01505758;-0,022204437;-0,010169471;-0,023433146;-0,01219515;-0,037362588;-0,01585012;-0,027308215;-0,013481827;-0,005430843;-0,013369032;-0,000773176;-0,017636608;-0,008750817;-0,008673885;-0,003466173;-0,024938981;-0,054794554;0,005427366;-0,023255883;-0,016578794;-0,00542891;-0,015256058;-0,015944943;-0,021059797;-0,027008185;-0,030432382;0,001538857;-0,02790949;-0,011570152;-0,02161369;-0,01525503
2023-09-01;0,009661658;0,00216753;0,042734004;0,003866862;-0,002265991;0,002675574;0,006793844;0,003147468;0,010543285;0,030821759;0,034598078;0,014814836;0,022830986;0,019326507;0,015597373;0,010845943;0,000237316;-0,002032571;0,005802711;0,020774366;-0,005216679;0,008669525;0,007588875;0,046163338;0,036231827;-0,006747624;0,019047654;0;0,002183417;0,008483787;0,0118951;0,007633529;0,002162997;0,013766307;0,058543321;0,026002302;0,001950874;0,03632794;0,018584438
2023-09-04;-0,001304891;-0,000720947;-0,002307082;0,006163438;-0,00399825;-0,004744154;-0,003162805;0,011653977;-0,003210062;-0,023255615;-0,001618064;-0,004866232;-0,008370471;0,013501815;-0,014480233;0,010515176;0,003560477;0,002036711;0,006923002;0,005025213;-0,000806805;-0,009041787;-0,005962582;-0,019678091;-0,02797197;-0,00271737;0,045560764;-0,00344843;0,003631052;-0,004754783;-0,001439171;0,000688857;0,005036052;-0,003802153;0,007403197;-0,000528115;0,005007158;-0,025580442;-0,000983943
2023-09-05;-0,004790753;0,010822584;-0,02298681;-0,022205257;-0,012176732;-0,021476441;-0,003596569;0,002658372;-0,012077376;-0,027210891;-0,012425741;-0,004890028;-0,003376607;-0,007369601;-0,024933213;-0,01677649;-0,006622497;-0,019243533;-0,01489674;-0,015000259;-0,019781993;-0,014963304;-0,017995314;-0,022506073;-0,032374081;-0,001362425;0,004469199;0;-0,005426872;-0,011392846;-0,003844474;-0,014452998;-0,00751619;-0,000545271;-0,004322827;-0,006867472;-0,006089103;-0,034029996;-0,003786817
2023-09-06;-0,013566892;-0,00214139;-0,041208417;-0,018011056;-0,013867122;-0,01371748;-0,006794032;0,053910794;-0,013040038;0,013985821;-0,015317351;-0,009827979;-0,014680792;-0,02941173;-0,019634713;-0,022246148;-0,017857272;-0,000698789;-0,015509795;-0,021573243;-0,005354087;-0,009633153;-0,026040685;-0,031113844;-0,037174744;-0,0040927;-0,028921036;0,000769026;-0,024372501;-0,007434923;0,006512265;0,00418995;0,001081924;0,000545569;-0,016063677;-0,006914894;-0,010025239;0,023150419;-0,011471819
2023-09-08;0,002661988;-0,02002858;-0,019892713;0;0;0;-0,002992799;0,012578584;0,004128923;-0,0068967;0,001111141;0;-0,007449934;0,004118832;0,005123499;0,004638842;0,002666709;-0,003496627;-0,003151069;-0,002594246;-0,001656371;0,00149647;-0,003961161;-0,003211277;-0,030888051;0,0410958;-0,003436341;0,003457534;-0,000372807;-0,007490786;0,003115565;0,004172551;-0,002161295;0,002180968;-0,01882633;-0,023567155;-0,004219001;0,025086169;-0,005793853
2023-09-11;0,022566264;0,012408683;0,018074165;0,029505584;0,014062123;0,018776012;0,015866198;-0,031884077;0,018914572;0,006944595;0,013318612;0,014888359;0,019053107;0,004980872;0,029193616;0,011433458;0,013781509;0,014035184;0,009482282;0,025487853;0,006636278;0,02540127;0,014747317;0,014819744;0,015936266;-0,018420984;-0,016091968;0,018759423;0,01491968;0,01773586;0,01505001;0,018698209;0,011913265;0,031556091;0,014390689;0,01755362;-0,0033902;0,001919235;0,013615117
2023-09-12;0,029424553;-0,011535647;0,02371946;0,019364832;0,010015646;0,012286619;0,005403274;-0,022668896;0,009685031;-0,003448302;0,006571709;0,011002375;0,010764857;0,01078719;0,014858276;0,032391477;0,00643924;0,015916901;0,007045035;0,024600198;-0,004944347;0,005828678;0,015186169;0,016507888;0,027451042;0,020107195;0,004672934;0,003382422;0,019845749;0,005932636;0,006589844;0,012916303;0,021048975;0,007911497;-0,000738914;0,020485038;0,010487682;-0,012452095;0,009282787
2023-09-13;0,006725392;-0,005105775;0,023454102;0,00379936;0,003051056;0,004046239;-0,000845885;-0,018380747;0,004796065;-0,003460331;0,019586688;0,008464404;0,001121156;0,005191827;0,000887333;0,01937247;0,000947895;-0,002043607;-0,014379892;-0,007920568;-0,014079056;0,005070809;0,012224464;0,014990564;0;-0,017082764;0,012790684;0,013108426;0,003243187;-0,002948824;-0,001870399;0;0,002795203;-0,040816434;-0,003844936;-0,00158472;0,035904271;0,022793543;0,00176319
2023-09-14;0,007098376;-0,008064477;0,003472303;0,006813122;0,003802242;0,004029363;0,002750824;0,008470822;0,010341983;-0,006944108;0,008537912;0,008393292;0,031914844;0,011477724;-0,023936145;0,003304987;0,004261418;-0,009556309;0,011435296;-0,026696783;0,010079945;-0,003964078;-0,017638624;-0,011692269;-0,01526727;-0,013368955;-0,004592459;-0,000739214;-0,001795962;-0,001848381;0,016631509;0,003355642;0,012543457;0,022913302;0,040973855;0,024338557;-0,023016305;-0,00900918;0,010289737
2023-09-15;-0,023217582;-0,008130041;-0,026851276;-0,007518812;-0,005303013;-0,002006637;0,003376463;-0,030504001;0,007874215;-0,034965289;0,014814807;0,015457838;0,006511051;0,010212802;-0,015440571;0,049001466;0,010136633;0,008270199;0,005068448;-0,036400795;-0,000831429;-0,002170508;-0,024587558;-0,029887939;-0,03875963;-0,017615228;-0,010380706;0,009618853;-0,0071967;-0,024074216;-0,002534566;-0,005351311;0,015141086;0,015466862;-0,008271586;-0,005165354;0,000554384;-0,031100498;-0,005310239
2023-09-18;-0,00381977;-0,002235535;-0,002275674;-0,00909107;0,001523251;0;-0,004206261;0,058367477;-0,000781341;0,018115977;-0,018248431;-0,016393586;-0,001078031;0,003369852;0,006457512;-0,014327749;-0,008168092;0,000683504;-0,032583565;0,022612359;-0,001664643;-0,002537866;-0,005638462;-0,009627724;0,040322516;-0,016551673;0,008158574;-0,009527213;-0,003262068;0,005692627;0,019403784;0,019502475;-0,041016793;0,006827692;-0,01179168;0,003634411;-0,00858734;0,047407458;-0,003957628
2023-09-19;-0,010651897;0,002987335;-0,010691311;-0,012232234;-0,00836523;-0,011394292;-0,00147834;-0,005600998;0,009382282;-0,024910819;-0,043547422;0,005952396;-0,007015723;-0,007556759;-0,011457396;-0,010354315;0,00117647;-0,00204919;-0,014033687;-0,015868943;-0,003751491;-0,002963102;-0,001000606;-0,053791457;-0,023255744;0,040673169;-0,003468122;0,006289235;-0,018181737;-0,008679247;0,007478019;0,009894512;-0,049134102;-0,021909384;0,001891624;-0,01086375;0,005308808;-0,041489805;-0,003736643
2023-09-20;0,012058448;0,002978354;-0,008069172;0,016253894;0,001534045;0,004067856;0,008883265;-0,041594415;0,018590427;0,007299016;0,013881162;0,003550252;0,005978258;0,008742373;0,021326011;0,006639809;0,020211615;0,018480584;0,015453464;-0,001057175;0,004602265;0,016936909;-0,002504128;0,004109737;0;-0,017520193;-0,004640523;0,0029412;0,006666549;0,011039256;0,007647524;0,002612779;0,004089237;0,011199964;0,006681248;0,013598195;-0,005280773;-0,007378175;0,007204317
2023-09-21;-0,025531646;-0,017074952;-0,05708879;-0,041127318;-0,042879154;-0,03713717;-0,022850995;-0,037522599;-0,015208884;-0,043477876;-0,004381139;-0,002358417;-0,025931856;-0,001118298;-0,028143502;-0,01439143;-0,010366336;0,00336018;-0,023227802;-0,014289821;0,001249823;-0,022809203;-0,020753208;-0,048431043;-0,067460315;-0,020576163;-0,036130424;-0,004398862;-0,011773323;-0,01769588;-0,010937569;-0,013029383;-0,024805609;-0,012658123;-0,026114677;0,008255999;-0,022632019;-0,027254849;-0,021483635
2023-09-22;-0,004803907;-0,009063454;-0,018333286;-0,012358624;0,000800207;-0,007713856;0,001716247;-0,03287932;-0,004633319;0;-0,024878508;0,004728117;-0,003327914;-0,00111955;-0,026155999;-0,008314753;-0,001629436;-0,003348927;-0,005330181;-0,004026656;-0,006239814;-0,002594131;-0,006152858;-0,004301315;-0,046808587;-0,014005572;-0,003627598;-0,004418216;0,021220951;-0,000383209;-0,011961219;0,007050566;0,003037082;-0,004807938;0,007407537;-0,019931226;-0,011149563;-0,016301488;-0,00117095
2023-09-25;0,00745958;0,007621945;-0,004708056;0,000810969;-0,00479623;-0,00282661;-0,005782786;0,0126275;0,003878791;-0,007575811;0,008046078;0,009411933;-0,012799033;-0,001400977;-0,012949573;-0,000409105;-0,007227758;0,018817116;0,005770672;0,010781742;-0,003767295;0,002972361;-0,00481511;-0,006479237;-0,040178649;-0,00852274;-0,009708815;0,003698254;-0,013488828;-0,00115033;0,007804124;0,008620434;0,019682161;0;-0,020588191;0,002669512;0,046331726;-0,013982474;-0,000724082
2023-09-26;-0,034407539;-0,013615706;-0,030589658;-0,0218801;-0,014457936;-0,010630738;-0,01421813;-0,027817742;-0,021180699;-0,019084213;-0,014823364;-0,017482622;-0,025930056;-0,019640846;-0,02721088;-0,030687275;-0,016439559;-0,013852236;0,001229635;-0,012533476;-0,016806694;-0,014815074;-0,009158405;-0,046376838;-0,023255677;0,002865307;-0,002450879;-0,012159474;-0,005543191;-0,007293637;-0,00204538;-0,009861798;-0,019673468;-0,028448374;-0,015615727;-0,022896749;-0,001384096;-0,002100787;-0,014940694
2023-09-27;-0,010374604;-0,005368111;-0,007482107;-0,00331401;0;-0,002865428;0,008741307;-0,001973405;-0,008814151;-0,011673457;-0,024305644;-0,026097387;-0,025463062;-0,017458366;-0,00599415;-0,011608256;-0,019818642;-0,002006699;0,000818645;-0,012422146;-0,025213719;-0,001879859;-0,01307986;-0,006186919;-0,028571553;0,008571442;0,00122845;-0,01156249;0,007060558;-0,011214279;-0,016169377;-0,008632197;0,001514818;0,011049433;0,00213537;0,00599448;-0,001663012;-0,006842042;0,001173452
2023-09-28;0,014585073;0,000770975;0,042117345;0,014962763;0,022004703;0,023707063;0,032062387;0,004943173;0,00242513;0,035433566;0,011269334;0,017052459;0,002969098;-0,004952034;0,010050267;0,008968625;0,008282606;0,01407506;-0,006134868;0,004542297;0,020166654;0,026365366;0,017902116;0,040309911;0,004902019;0,002832839;0;0,012452718;0,011439123;0,017207743;0,003009418;0;0,011341991;0,015847196;0,015220744;0,020585302;0,010272154;0,038685653;0,012280564
2023-09-29;0,014825151;0,010015383;0,021544168;0,006551767;0,009569515;0,00350851;-0,009655708;0,009345821;0,000806614;0,011406607;0,015249155;0,007185673;0,014801661;-0,016100679;0,008457859;-0,010582167;0,000966372;0,001321833;-0,006996077;0,019489282;0,005586577;-0,001467936;0,025210193;-0,001490362;0,03414642;0,00706221;-0,007361901;-0,01088867;0,007661403;0,001537813;-0,00346208;-0,00267909;0,009345822;0,008606667;0,013193522;0,004246022;-0,003297804;0,013775591;0,007206366
2023-10-02;-0,02567532;-0,001525483;-0,016009849;-0,023596335;-0,015797916;-0,013985736;-0,002755488;-0,02095518;-0,003223277;-0,022556244;-0,012709403;-0,00073708;-0,040840057;0,005057995;-0,016280218;-0,016042767;-0,009654833;0,033663459;-0,014504669;-0,027733009;-0,009401518;-0,009280289;-0,035177677;-0,041044697;-0,051886773;0,007012529;0,017305208;-0,003803834;-0,008689401;-0,004990328;0,01250594;0,000671492;0,007037081;-0,024533206;-0,008730411;-0,00845672;-0,003308375;0;-0,012936988
2023-10-03;-0,02271685;-0,0030558;-0,034574418;-0,042499829;-0,014687219;-0,012146104;-0,012752415;-0,017421622;-0,022635467;-0,023077308;-0,027501363;-0,017284079;-0,017639958;-0,013321417;-0,039618958;-0,024782493;-0,009505189;0,021711302;-0,020605626;-0,027416101;-0,020276273;-0,012620322;-0,024778855;-0,024902795;-0,084577166;-0,012534762;-0,012150526;-0,003818191;-0,009495859;-0,008487648;0,000457373;-0,008724813;-0,034203854;-0,001093524;-0,00612034;-0,008528521;-0,027109369;-0,021137492;-0,014236422
2023-10-04;0,0288236;0,012260579;0,06174035;0,032201653;0,027732689;0,033788473;0,007535109;-0,007092168;0,009925553;0,023622451;0,018652289;-0,01005023;0,008668798;0,005700507;0,028198524;0,004235291;0,007874025;-0,009375046;-0,012451879;0,015091287;0,002201431;0,022932298;0,007985503;0,031923287;0,027173931;-0,026798297;0,002459922;0,007665818;0,02138634;0,014007796;0,010745353;0,010155741;0,020563666;0,009852134;-0,010663804;0,023118197;-0,000284165;0,076092675;0,001657571
2023-10-05;-0,003162862;-0,024224155;-0,009920557;-0,010961002;0,002380692;0,004172723;0,002991333;-0,01020412;-0,000818945;-0,007692472;0,001771856;-0,015228394;-0,020257876;-0,001193301;-0,024885696;-0,017313992;-0,005615141;-0,009463698;-0,014347415;-0,003366186;-0,007468974;0,015802726;-0,000720064;-0,015467675;-0,04232807;-0,005797137;-0,009815908;0,00646615;-0,001333213;0,023791201;0,011535923;0,017426313;-0,005970202;-0,008130188;0,000455331;-0,006305893;-0,005119346;-0,001433515;-0,002843135
2023-10-06;0,005893016;0,023273839;-0,017881978;0,009377576;0,000792034;0,00207765;0,040690524;-0,014948403;-0,006557667;-0,034883548;0,001768943;0,005154628;-0,006892227;-0,005376363;-0,015104352;-0,007680224;-0,001718723;-0,010190963;0;-0,009850897;-0,012837553;0,00940697;-0,016937041;-0,010997814;-0,016574597;0;0,007435003;0,001889698;0,011589962;0,019115397;0,00268346;-0,001976304;-0,004879793;0,011475491;0,014567644;0,00740355;-0,005145924;-0,076555002;0,007821052
2023-10-09;0,0256874;-0,001516316;0,01177209;-0,005067624;0;-0,008984092;-0,005322484;0,003662988;0,02062737;0,008032075;0,0170689;0,008974357;0,023974728;0,010210226;0,008461217;0,010698884;0,010329569;0,001930511;-0,006175857;0,005400732;-0,008520256;-0,008602227;0,002566;0,007148481;0,044943851;0,001457755;-0,003690066;-0,003395057;-0,006802683;0,008826951;0,013380711;0,004620481;0,018483549;0,024311156;-0,00717931;0,019947494;0,00143664;0,017616571;0,008636244
2023-10-10;0,034709885;0,006074476;0,048712357;0,02292033;0,007911074;0,011157423;-0,001646493;0,021376425;0,009700666;0,043824913;0,004050904;0,025412906;0,025261837;0,013971471;0,034609221;0,021396383;0,012171363;0,024405905;0,00266339;0,02261797;-0,002261498;-0,001084511;0,025045887;0,025236575;0,069892519;0,026200914;0,007407283;-0,005677428;0,013338143;0,01203053;0,014084728;0,005256164;0,018518499;0,030063439;0,006025972;0,044776154;0,012912744;0,061099967;0,013729202
2023-10-11;0,016135782;0,0030189;-0,013017709;-0,001659885;0,009419179;0,014483204;0,009482446;-0,014293042;0,002401974;0;-0,000576417;-0,001239071;-0,000601004;0,005277063;-0,001013709;0,003528096;-0,0012025;0;-0,003098921;-0,007188029;-0,004533139;0,012667438;-0,008560915;0,007692377;-0,040201142;-0,005673794;-0,003676319;-0,002664678;-0,002845844;0,007924984;0,008246068;-0,005228681;-0,000727171;0,01280073;0,00868529;-0,006896727;-0,003682985;-0,021593147;0,002689807
2023-10-13;-0,023401355;-0,023325841;-0,043315238;-0,035743959;-0,014774465;-0,014956465;-0,003063061;-0,015535953;-0,029552435;-0,045801641;-0,010380486;-0,021091883;-0,030667342;-0,032079395;-0,039573634;-0,037134559;-0,016855345;-0,031348067;-0,008436678;-0,05207449;-0,007285897;-0,010364861;-0,03237995;-0,031297643;-0,04712028;-0,022824598;-0,024600319;-0,014122165;-0,009989496;-0,017869858;-0,006026346;0;-0,026200888;0,003538917;-0,0114312;-0,01339279;-0,017912913;-0,03776358;-0,01108064
2023-10-16;0,006846258;0,002311229;-0,004230133;0,012068862;0,01104961;0,010352239;0,020278748;-0,016307178;0,006584284;0,008000058;0,005244613;-0,002534815;-0,009925592;0,000301338;0,008980491;0,005933291;0,007837458;0,009061558;0,009404323;0,016451015;0,002293767;0,001444449;-0,008179982;0,021276727;-0,016483588;0,010219022;-0,002522026;0,004645772;0,003243264;-0,002911183;0,007795486;0,019710945;0,004484345;0,018135978;0,010662276;0;0,003184971;0,02038727;0,006738428
2023-10-17;-0,012749741;-0,01614147;-0,012271884;-0,040033892;-0,01092885;-0,010246169;-0,00903439;0,009090913;-0,017988651;-0,039682493;-0,034202947;-0,01651844;-0,009398486;-0,0153615;-0,021989584;-0,008847657;-0,010449552;-0,012187335;-0,009316706;-0,018786061;-0,001830836;-0,014785116;-0,006747961;-0,011574266;-0,05586596;-0,039017321;-0,013906433;-0,006936222;-0,006465339;-0,022992744;-0,017404404;-0,008376345;-0,005952359;-0,019297377;0,008172309;-0,012066174;-0,010678472;-0,041458542;-0,005371823
2023-10-18;-0,05337917;-0,021093665;-0,052086656;-0,012422438;-0,01104961;-0,008971277;-0,004862156;-0,019077933;-0,027477106;-0,012396783;-0,024009448;-0,027131778;-0,018342817;-0,018354176;-0,034796504;0;-0,014243737;-0,024026068;-0,030004694;-0,00176734;-0,001375343;-0,020863924;-0,036233092;-0,044496549;0,023668722;-0,015037561;-0,01153849;-0,012417681;-0,049168624;-0,009712218;0,002405367;0,000649677;-0,024700704;-0,003027112;-0,036698489;-0,029007798;0,000291663;-0,035434992;-0,015943679
2023-10-19;-0,001364127;-0,000798048;-0,013947183;-0,011680104;0,006384694;0,004874632;0,00773596;0,003781723;0,008561678;0;0,000614981;0,022576295;0,007731937;0,028357758;0,012756385;0,032730641;0,01170895;0,005988054;-0,001384948;-0,002065621;0,005509499;0,011588655;0;0,008170105;-0,069364142;-0,032061117;-0,032425423;0,001178763;0,003802374;0,011316279;-0,001309043;0,001298816;0,003069866;-0,001012282;-0,014381928;0,012578609;-0,010207011;0,007563285;-0,00049097
2023-10-20;0,002731876;-0,002396146;0,003919601;0,013636375;-0,012688376;-0,018711134;-0,00323227;-0,019913931;0,002546593;0;-0,007990299;-0,001298681;-0,008311982;-0,004545533;0,001095378;0,002659639;0,000246439;0,003968274;-0,008321803;-0,002365406;0,011415478;-0,003695294;-0,00137076;-0,009724501;-0,043478288;-0,00315455;-0,00402148;-0,003139496;-0,012878886;-0,007446279;-0,013979556;-0,014915789;-0,015684856;0,003546088;-0,027010188;0,012940141;-0,003830202;-0,019302912;-0,007447107
2023-10-23;0,03814739;-0,000800694;0,020370022;0,014349812;0,000803092;0,001412546;-0,001418626;0,007688155;0,008467359;0,041840957;0,015489608;0,026007818;0,010315896;0;0,01258205;0,005526008;0,004677301;0,025033088;0,014452031;0,003260344;0,009932187;0,00111277;0,014117792;0,014730042;-0,01948046;0,006329065;-0,006729462;-0,00393729;0,01688423;0,022128825;-0,001329342;-0,001316539;0,000777426;-0,004038367;-0,001914482;0,004087887;0,002662;0,008201225;-0,003269851
2023-10-24;0,020559855;0,003205162;0,006820823;0,025640929;0,002407834;0;-0,004668357;-0,016893704;0,001679298;0,016064487;0,003660847;0,005069766;0,032546255;-0,001522034;0,009184202;-0,00021973;-0,006370879;0,005783943;-0,009650789;0,005317557;-0,002682041;0;0,017207948;-0,001613052;-0,066225205;0,011006248;0,01761525;0,008695775;-0,00490581;0,025382711;0,018461519;0,005273566;-0,005825352;0,008616449;0,022858045;0,012722513;0,032743138;0,005965256;0,008662499
2023-10-25;-0,007715346;-0,006389843;-0,023132835;-0,005172562;-0,006405043;-0,002820936;0,00020408;-0,02106436;-0,006705706;-0,019763097;-0,00486325;-0,006305208;-0,011742936;0,000609779;-0,014454007;0,003737789;-0,007891501;-0,012779567;-0,003712205;-0,024684281;-0,004033989;0,001852588;-0,023759558;-0,002423246;0,02127653;-0,012441671;-0,018641892;0,017633206;-0,017444014;-0,017473664;-0,007201881;-0,003934542;-0,003906168;0,01356778;-0,00093772;0,003517647;-0,101113895;-0,014016158;-0,008192542
2023-10-26;0,019438288;0,015273427;0,033491186;0,016464765;0,023367992;0,025459562;0,020795054;0,005662536;0,026160531;0,024193161;0,015882594;0,016497478;0,02188876;0,029250434;0,034220682;0,042716531;0,003728633;0,002589059;0,015836013;0,030129628;0,010801234;0,024777797;0,017133669;0,026720557;0,020833348;0,02519692;0,031207579;-0,008856401;0,012736424;0,028529079;0,012090653;0,011849941;0,035294001;0,041150182;0,021429758;0,035553123;0,037813943;0,026790724;0,017256049
2023-10-27;-0,019915088;-0,026920133;-0,037643278;-0,045183424;-0,016535264;-0,010344596;-0,025364433;-0,012387349;-0,018914736;-0,035432903;-0,044497952;-0,006242234;-0,020807866;-0,009176979;-0,044117755;-0,015756484;-0,010401345;-0,023886471;0,001375774;-0,0824801;-0,023597884;-0,014795883;-0,034456304;-0,037066146;-0,00680265;-0,019969252;0,001315865;-0,018647979;-0,022865792;-0,02521617;-0,028453604;-0,027325999;-0,031818166;-0,025237972;0,034762522;-0,029013349;-0,031537069;-0,02023445;-0,012859719
2023-10-30;-0,013834892;0,005695702;-0,017687072;-0,010714221;-0,008006182;-0,0111499;-0,006967255;-0,054732095;-0,013411411;-0,028571301;-0,000629222;-0,02135679;-0,021875016;-0,012548595;-0,019780138;-0,015581619;-0,015515369;-0,019841218;0,001831456;-0,047179001;-0,012767791;-0,008058451;-0,002577229;-0,022112964;-0,061643949;-0,015673947;-0,00788436;0;-0,011700435;-0,012934196;0,008271423;0,000668956;-0,017605577;-0,003908265;0,009027764;-0,015936305;0,021182294;-0,03695656;-0,00678723
2023-10-31;0,003945868;0,040453043;0,010907356;0,001805106;-0,008071192;-0,014094485;-0,002270024;-0,030759966;-0,002548832;0,008403542;0,003778419;0,008985947;0,00638979;0,011800282;0,00840802;0,010624511;-0,00101673;0,01147099;-0,005027705;0,013382433;-0,021246956;-0,0096012;0,011130895;0,026800647;-0,02919702;0,028662374;0,002648962;-0,001979556;0,018152981;0,007862276;0,003104548;0,014037492;0,007964867;0,002942595;0,01202689;0,001518218;0,021981587;0,000564439;0,005438453
2023-11-01;-0,002183466;0,01010884;-0,004795459;0,040540665;0,013832197;0,009292166;0,001034326;0,028002537;0,042589296;0,033333224;0,046424065;0,022900679;0,054603243;0,01525125;0,016675893;0,027032669;0,022646091;0,024683066;0,018833317;0,014526138;0,01557335;0,014090321;0,020640825;0,000815493;0;0,006191902;0,003962978;0,015866905;-0,037596762;0,010401201;0,050619036;0,043506802;0,037534574;0,037163891;0,019130607;0,018190994;0,002120684;0,017484462;0,016872304
2023-11-03;0,04551419;0,023094758;0,044570791;0,057142767;0,048803688;0,047442163;0,035123723;0,069007225;0,025326839;0,060483976;0,03597117;0,012437886;0,033714534;0,017378518;0,075451092;0,011071824;0,016919832;0,037760431;0,030207391;0,023104565;0,075743523;0,027593566;0,055662663;0,079054675;0,120300749;0,036923049;0,025000005;0,015618821;0,021747775;0,020588178;0,002524404;0,001895155;0,05521712;0,006129251;0,012514193;0,015880823;0,013603222;0,071507817;0,027004946
2023-11-06;-0,01255771;0,016553804;-0,041350948;0,002456902;0,002298779;-0,000677341;0,006986056;0,003963743;0,010358792;-0,057034314;0,04918975;0,022112941;0,005824182;0,011291177;-0,006100807;0,006404918;0,000244648;0,000627475;0,01181629;0,003498582;0,040604689;0,009308738;-0,014595965;-0,04758311;-0,040268483;0,086053495;0,033376136;0,021145715;0,008277358;0;-0,009024077;0,013240839;-0,000360758;0,023430015;0,004213542;0,000977277;-0,009543744;-0,088463516;0,002767434
2023-11-07;0,025434627;0,004441118;0,075270574;0,017973774;0,0206424;0,026422806;0,01129838;-0,005076151;0,00709738;0,052419288;0,000551687;0,00961543;0,029531024;0,005153182;0,031713629;-0,002258221;-0,003913862;0,025078252;-0,013840706;0,027575326;0,006226764;0,028024651;0,02462524;0,045202379;0,237762326;0,046448031;0;0,017319333;0,01250981;0,024495697;0,017365696;0,031113915;0,035739938;0,007326012;-0,019860299;0,056124836;-0,012948041;0,053348487;0,00659144
2023-11-08;0,004547155;-0,002210741;-0,046987333;0,000802675;0,00674118;0,005280497;0,012740053;-0,02040809;-0,007830535;0,003831661;0,006063836;-0,00714281;-0,013498385;-0,011677528;-0,006940945;-0,010905419;0,018172828;0,014678902;-0,00482472;0,008636796;-0,005775577;0,004485685;0,002891205;0,02048553;0,005649658;-0,019582204;-0,021117997;-0,006661707;0,009266495;0,025668201;0,031848288;0,040434254;0,056465652;0,07272742;0,000713573;0,0087802;-0,010066862;0,026400758;-0,001416977
2023-11-09;-0,011111098;-0,009601241;-0,032030847;-0,008821172;0,002976613;0,001969696;-0,041803663;0,156249928;0,010260186;0,038167784;0,011506857;0;-0,010262201;0,008069113;0,000998414;-0,004368735;-0,010853827;-0,010247073;0,001322304;-0,009785889;0,003734368;0,004465746;-0,004504623;0,00743501;-0,039325807;-0,001331585;-0,134517772;-0,007078956;-0,011859182;0,001371064;-0,001210302;-0,000579687;0,022104966;-0,006779756;0,004848198;-0,017407558;-0,001232823;0,001574874;-0,000730485
2023-11-10;0,027881882;-0,004474236;0,022695703;0,048543559;-0,012611274;-0,014416991;0,014744597;-0,013513537;0,004687673;0,040441163;0,007042439;0,013189371;0,021889367;0,019439709;0,021446395;0,045967638;0,019019795;0,02984164;0,045774512;0,005250116;0,00950799;0,01196987;0,025882212;-0,043542361;0,052631678;0,013333305;0,002932575;0,029268237;0,035617391;0,02259524;0,011916761;0,006384024;0,026468636;-0,000853174;0,015325636;-0,003729374;0,023449625;0,036687693;0,013645683
2023-11-13;-0,002024441;0,005992572;-0,004440254;-0,04089503;-0,015026498;-0,019946357;-0,003781839;-0,011669181;-0,010886498;-0,010600784;0,014523744;0,001183477;0,00450957;-0,007291069;-0,008300706;0,005792905;0,000717715;-0,024246082;-0,008838325;-0,020891048;0,000819029;-0,006758853;-0,02434704;0,030092377;-0,038888972;-0,005263117;0,005847927;0,0051039;-0,005981364;0,006695571;0,011177632;-0,006920484;0,028301921;0,022203212;-0,002096533;0,002807558;-0,013566439;0,008594427;-0,002155244
2023-11-14;0,025963485;0,020104244;0,049055327;0,01850348;0,02364605;0,021031196;0,004795037;0,027720787;0,029874443;0,03571425;0,015376623;0,028368797;0,005611629;0,011299397;0,033973396;0,022442976;0,021520934;0,031515147;0,025902501;0,048007725;0,001227538;0,01497088;0,06690775;0,050936391;0,011560701;0,044973565;0,023255784;0,007616933;0,027454099;0,024276658;0,004935121;-0,002903378;-0,002140555;0,023391827;0,03095235;0,017265448;0,022616128;-0,007017471;0,024523161
2023-11-16;0,009885606;-0,002189763;0,027759449;0,020537305;0,027570903;0,034551491;-0,000198832;-0,01048956;0,024427257;0,072413752;0,00156658;0,013793136;0,01953132;0,024301589;0,021904752;0,011072254;0,016853933;0,009988321;0,003311386;0,024251308;0,071516236;0,016091259;0,032203415;0,026372073;0,251428541;0,062025364;0,02414778;0,014038891;0,020497693;0,038311694;-0,004714293;-0,016307719;0,024517165;0,006530616;0,006656723;-0,003669835;0,000597682;0,027763795;0,010119357
2023-11-17;-0,008613961;-0,005120714;0,002411536;-0,01470582;-0,003626086;-0,008991733;0,007557486;0,010600757;-0,003725797;-0,032154311;-0,012513367;-0,007936567;-0,018062387;-0,005181235;-0,026095058;0,002689605;-0,008747677;-0,010471256;0,011138385;-0,007599978;-0,038138846;0,0046188;-0,001641968;-0,003472253;0,01369869;-0,020262225;-0,011095652;-0,034078967;-0,019009954;-0,030331419;-0,006118173;-0,018354076;-0,026921899;-0,001622104;0,001889335;-0,011049606;-0,006571188;-0,005402924;0,003901233
2023-11-20;0,002369534;0;0,012830838;0,029850617;-0,000727573;0,002592298;0,005329964;0,011488488;-0,028421858;0,003322377;-0,010031534;0;0,020624231;-0,001096533;-0,002392348;-0,014945303;0,003715574;0,002939552;-0,043261259;0,02209109;-0,00515453;0,009852253;0,001315748;0,020906026;0,027026943;0,006082712;-0,008415214;0,002205279;0,045703616;-0,001289856;-0,000396961;-0,004221901;0,015370473;0,02193338;0,024515166;0,01210439;0,006614654;0,005926089;0,008259903
2023-11-21;-0,006698156;-0,011764829;-0,031353938;-0,020594921;-0,002913386;-0,003878667;0,007068451;-0,018271646;-0,032332718;-0,003311375;-0,002666558;-0,009142838;-0,01693066;-0,00219536;-0,041246913;-0,004862893;0,004164792;-0,002930936;0,016521905;-0,016137997;-0,003188726;-0,001626211;-0,013797659;-0,017064915;-0,065789372;0,019347022;-0,015558683;-0,004767148;-0,011888063;-0,008718192;0,006754045;0,015142465;-0,001210911;-0,015103242;0,024191439;-0,00781985;0,005376477;-0,031909791;-0,003870098
2023-11-22;-0,008726719;0,009672679;-0,004904355;0,014018687;0,01826162;0,020766092;-0,008578657;0,010060401;-0,097056341;-0,009966852;-0,028342219;0,008073754;0,002777756;0,00220019;0,00900438;0,011923298;0,014516245;-0,00235148;-0,003421796;0,005857992;0,010396006;0,006189249;0,002664807;0,040277688;-0,023474244;0,055753193;0,018678167;0,014369947;0,004954063;0,010097748;0,012628129;-0,001193353;0,012731031;-0,010088711;-0,009505954;0,019008154;0,013071728;-0,014198744;0,003407453
2023-11-23;0,007202842;-0,001473855;-0,003778586;0,011520747;0,018651248;0,02670051;0,0033431;0,008964159;-0,031718124;0,01006719;-0,007704898;0,00572092;0,002216115;0,006586192;0,020327317;0,009271914;0,009765978;0,004124992;-0,002146153;0,009900919;-0,002770273;-0,001294656;0,008637994;0,003337893;0,043269205;0,012359612;0,001410448;0,013803063;-0,001760535;-0,001934893;0,021239352;-0,000597636;-0,01227172;-0,003261402;-0,006279288;0,010918898;-0,001172808;0,007716071;0,004292458
2023-11-24;-0,012316208;-0,011808076;-0,020118751;-0,018982526;0,006338089;0,000618864;-0,001176098;-0,002467974;-0,03912644;-0,029900182;0,010537766;0,004550677;-0,00829181;-0,007360929;0;-0,006890029;-0,008546852;-0,011150401;-0,040000022;-0,010957195;-0,020237932;-0,005510637;-0,015151638;-0,031270783;-0,082949261;0,012208593;-0,009859164;-0,008957378;-0,001058184;-0,008077539;-0,004197851;0,014943414;-0,020303134;-0,004499013;-0,008469871;0,00044988;-0,009982568;-0,0204186;-0,008169005
2023-11-27;0,011665298;0,014189632;0,012117239;0;-0,009097215;-0,006188178;0,018446077;-0,009401219;0,005681942;0,071917661;0,001646543;0;-0,021181794;0,015655038;0,000485866;0,00809406;-0,009301372;0,001187108;-0,00044801;-0,025947533;-0,010935781;-0,002608171;-0,013377867;0,021291086;-0,015075442;0,019736873;0;0,003976878;0,027542429;-0,003257312;0,003448963;-0,009422851;0,023507603;0,004519345;-0,005966028;-0,024291376;0,012455458;0,107347489;0,00112313
2023-11-28;0,003578372;0,005154652;0,010974328;0,023219753;0,00494332;0,009340178;0,014450764;-0,000999024;0,008474339;0,015974649;0,012054712;-0,011325217;0,004555796;-0,007030815;0,024283669;0,000573518;-0,006640668;0,010077063;-0,000896196;0,004190404;-0,000409613;0,009804399;0,001017008;0,039004784;-0,025510278;0,067741981;0,027026961;0,008642441;0,016151289;-0,001633868;-0,005728458;0,013674287;0,014203858;0,020449931;0,002182492;0,007837765;0,006736891;-0,014588064;0,006802829
2023-11-29;-0,011489492;-0,025641007;-0,014473741;0,002269275;-0,005622037;-0,004935197;0,001519359;0,022500038;0,010270917;-0,015723472;-0,001624122;0,002291039;-0,008503336;-0,012527314;-0,010431521;-0,003439046;-0,002766333;-0,00762919;0,002691787;-0,010432325;-0,012289779;0,006796131;0,002878438;0,041423761;-0,01570676;0,04733126;0,008310316;-0,010710525;-0,041934463;0,004909847;0,010562779;0;-0,002384048;-0,009218517;-0,000272161;0,034766674;-0,006982828;-0,025788115;-0,003453508
2023-11-30;0,025250501;0,029323235;-0,009679568;0,003773693;0,009187398;0,008679636;0,02920547;-0,064547753;0,023105451;0,031948851;0,01355747;0,004571481;0,014865568;0,021787152;0,046478181;0,01188652;0,005547944;0,01537548;-0,02237164;0,017469952;0,00124404;0,015428934;0,013675462;0,017402388;0,074468256;-0,06538454;-0,002747275;0,010465687;-0,008824567;0,009772009;0,002660541;0,011143435;-0,005077421;0,02144011;0,005445861;0,032272358;0,001758028;-0,015196003;0,009754086
2023-12-01;-0,005081913;0,028488043;0,00286479;0,017293179;0,005602352;0,003072909;0,002026757;-0,058546732;-0,006323372;0,018576164;0,028892542;-0,0011377;0,001690261;0,001889327;0,016941335;0,00549446;0,00367813;0,01688983;0,013730081;0,012433325;0,018227239;-0,0022917;0,011658832;0,000610821;0,074257301;0,032921783;0,028925578;0,017499877;-0,001068359;0;-0,006254634;0,006960901;0,015911053;0,013465376;0,018551101;0,03426101;0,017256334;0,028870086;0,006062938
2023-12-04;-0,003929381;-0,001420469;-0,033775693;0,000739119;0,003294514;-0,007424131;-0,003861519;-0,006107752;0,002727169;-0,027355904;0,039001258;-0,012528463;-0,005061894;0,005926671;-0,033768524;-0,00602974;0,013055432;-0,005154534;-0,002708801;-0,005847842;0,001220351;0,001270067;-0,001481706;-0,020146523;-0,078341015;-0,010956173;-0,009370759;0,007370967;0,004634578;-0,001290345;0,009154911;0,001728196;0,009456231;-0,004298588;-0,022467435;-0,039337305;-0,000574703;-0,029511333;-0,010148084
2023-12-05;0,003944882;0,01280217;0,038086887;-0,006646931;0,007643855;0,009270882;0;-0,025698273;0,008159581;0,018750052;-0,000500418;0,019607848;-0,031656437;0,00696303;0,03867675;0,002843492;0,004747877;0,01439268;0,007695915;0,015294277;0,021942371;0,00824369;0,002473314;0,012461095;0,070000047;-0,040281997;0,008108106;0,003484342;0,013839665;0,003875891;0,004158099;0,012650845;0,007953043;-0,021978036;-0,009248045;-0,052586069;0,015535125;0,015453667;0,000788625
2023-12-06;-0,018074865;-0,017556089;0,024962408;-0,01635688;-0,01241344;-0,010410678;-0,021414078;-0,001720223;0,000899139;-0,009202522;0,009514321;0,004524938;-0,002335021;-0,004255261;-0,014804947;-0,002457259;0,002925277;-0,007945577;-0,000449442;0,060254676;0;-0,008805245;0,00444073;0,007999968;0,014018648;-0,010493157;-0,016085786;-0,006249901;0,002099928;-0,015443922;0,002823135;0,009653589;0,006136508;0,025280904;-0,006588818;-0,008644493;0,002549463;-0,006872884;-0,010086444
2023-12-07;0,009203606;0,006433194;0,022392843;0,00453512;0,002793055;0,00247546;0,016223355;0,015508355;-0,005390632;0,021672075;-0,003968216;-0,003378265;-0,008191816;-0,011752141;0,047358945;-0,008338183;-0,026923919;-0,004576704;0,002696627;-0,024043595;0,005964324;0,01110378;0,006877262;0,014651912;0,041474631;-0,014846297;-0,017711178;-0,002446033;-0,011868506;0,00359476;-0,000938341;-0,002812265;0,004937482;-0,001956917;0,00317811;0,00917863;-0,00084766;0,04745432;0,003080646
2023-12-08;-0,009516175;0,016335279;0,036290986;0,018811126;0,010446034;0,016049228;0,010766707;-0,002828119;-0,013550188;0,009090635;-0,005478174;0,004519581;0,033628266;0,001351375;-0,007391432;-0,003439703;0,008761936;0,005172374;0,008964882;-0,004479353;-0,007510043;0,012649714;-0,006667777;-0,010228617;-0,057522016;0,025834271;0,008321704;-0,014360621;-0,001770457;0,012699519;0,005072243;0,010152385;-0,006936262;0,015686284;0,002754876;0,023192291;-0,020079041;0,019820663;0,008602492
2023-12-11;0,004003222;0,000698701;-0,008947918;0,028803677;-0,006202859;-0,007897602;-0,000183723;-0,047078841;-0,007326003;-0,03303286;0,004005971;0;-0,013127887;-0,004588429;-0,013140525;-0,007670187;-0,001142995;-0,00228688;0,001332684;-0,010123757;0,04778974;-0,00687028;0,000818564;-0,010942173;0,046948384;0,002098678;-0,006877566;-0,000355438;0,002128345;-0,00289394;-0,011028017;0,001116859;-0,018044332;0,000772222;0,000824063;-0,019999826;0,006349006;-0,032392464;-0,001400538
2023-12-12;0,004784785;-0,006284943;0,010274114;-0,00574309;0,002774024;-0,004898934;-0,029533498;-0,001785642;0,012914998;0,003105439;0,002992583;0,002249684;-0,008097172;0,005423087;0,01051516;0,00115954;0,003203687;0,010315171;0,007098299;0,006533969;-0,016723706;-0,005031596;-0,009978555;-0,004917112;0,022421387;0,001047141;0,0096953;0,004265919;0,007079536;-0,007739355;0,008505114;-0,005019767;-0,035269724;-0,018518529;0,001784344;-0,025396807;0,004588467;0,000956557;-0,004042044
2023-12-13;0,038491996;0,033028805;0,029583901;0,04187725;0,0345779;0,043691857;0,009142966;0,025044727;0,030965581;0,043343803;0,024863292;0,025813836;0,055976751;0,013753926;0,054837357;0,011773708;0,011177026;0,035167328;0,013215958;0,031329502;0,014688962;0,03034124;0,039656341;0,033353984;0,109649247;0,026150569;0,015089216;0,006017759;0,039015982;0,031849093;0,014242722;0,022421526;0,043010867;0,012578624;0,000137008;0,010237199;0,029403332;0,069278393;0,024224109
2023-12-14;0,025601806;-0,013605356;0,027985726;0,027720026;0,023395886;0,017099331;0,0066061;-0,015706832;0,008833877;0,017804035;0,014892552;0,002188031;0,02816117;0,003724372;0,027472524;-0,013735278;0,008346568;0,008219093;0,020434781;-0,006020783;-0,011890464;0,00828231;0,037984681;0,043036586;-0,039525714;-0,017329263;-0,002702724;-0,004574248;-0,002368285;0,00157476;0,004249825;0,012609666;0,007069294;0,010093194;0,005479367;-0,000921234;0,006655511;0,029043901;0,010636079
2023-12-15;-0,000372571;-0,002068948;-0,044402515;-0,010788969;0,012410054;0,009854953;0,024001596;0,028959797;-0,006129652;0,014577368;-0,000501881;0;-0,010741162;0,001325228;-0,029206093;-0,023210848;0,00469782;0,009782782;-0,010225811;-0,036618922;-0,005050628;-0,004258997;-0,019445807;-0,008596132;-0,090535033;-0,04979255;-0,017615183;0,020855405;-0,000339041;-0,012264081;-0,0134314;-0,018949537;-0,007897331;-0,023059239;0,006267091;0,01383125;-0,007437805;-0,018237168;-0,00492961
2023-12-18;-0,005963451;0,00552866;0,005484542;0,004771637;0,004516114;0,007462511;0,000732462;0,043653086;0,014977828;0,005747249;0,039176207;-0,00764192;0,013572207;0,009793667;0,033050768;0,017425792;-0,017813459;-0,011161775;0,013344782;0,018862666;0,015651441;0,004888302;0,005153093;0;-0,013574619;0,006550229;0,020689684;-0,008310269;-0,017299787;0,007004117;0,005408502;0,012692977;-0,005306486;0,011014998;0,004738661;-0,003183319;0,002278643;0,010172605;0,006812753
2023-12-19;-0,008624023;0,010309193;0,007121152;-0,01289004;0,007707013;0;0,003659629;0,071546463;0,014757113;-0,014285897;-0,028999561;0,00440049;0,00374928;0,013892487;-0,003691472;0,014986372;-0,00022661;0,01656545;-0,024638819;0,020196095;0,052478365;0,000608035;-0,000310612;0,002312352;-0,00917442;-0,00108462;0,002702657;-0,003491641;0,012426666;0,009168527;-0,006306944;-0,010354305;0,021043193;0,012840485;0,007007218;-0,004562153;0,01054389;0,00306472;0,00585121
2023-12-20;-0,018532537;-0,016449707;-0,015345225;-0,02611694;-0,014021435;-0,016524069;-0,011668272;0,009758631;-0,011120552;-0,005797144;0,010950447;-0,003285701;-0,00320162;-0,010858362;-0,011527415;-0,011696949;0,001360516;-0,010320611;-0,008275235;-0,027220168;0,002374197;-0,010330879;-0,017715709;-0,013264217;-0,027777695;0,041259545;-0,018867876;-0,007708434;-0,022161629;-0,019110324;-0,001866523;-0,002753288;-0,040348142;-0,010756866;-0,003211625;-0,004582949;-0,007138831;-0,007420336;-0,007940782
2023-12-21;0,025048335;-0,002911192;0,010848079;0,022583054;-0,000646534;0,000579652;0,001475976;0,070701902;-0,006055418;-0,002915555;0,018710319;0,013186605;0,017130573;0,010454748;-0,009579281;-0,00155223;0,00996372;0,002744364;0,02766779;0,007631614;0,003948086;0,006754423;0,020882761;0,011898449;-0,004761961;0,020855012;0,015109874;0,009886926;0,01356591;0,002235746;-0,005049395;-0,006073814;0,008771713;0,019805868;0,033292962;0,029005793;0,006360391;0,007915552;0,010534846
2023-12-22;-0,007519091;0,000729943;0,007406148;0,001380158;0,014582442;0,015013421;0,00276272;0,017577238;0,011114118;0,017544074;0,004479129;0,014099915;0,010000089;0,002069401;0,018502911;0,008744776;0,00332525;0,015325747;0,010683841;0,015988708;0,006291645;0,015858582;-0,000155052;0,03325567;0,01435413;0,002042942;-0,001353191;0,015734324;-0,004479803;0,005098734;0,007142573;0,009058097;-0,014992269;0,001523189;-0,00753537;0,007158941;0,003297649;-0,027923146;0,004319801
2023-12-26;0,0087124;0,004376305;-0,003750963;0,010337779;0,003986557;0,002970905;0,009184446;0,01774039;0,019073602;-0,011494418;-0,00876359;0,010695019;0,003126542;-0,003355699;-0,0024773;0,020034612;0,004936101;-0,001617252;-0,002114181;-0,006902353;-0,00117234;0,01020722;-0,00495968;-0,007340492;-0,004716932;-0,003058165;0,016260225;-0,001721219;0,018345625;0,005073011;0,00503911;-0,002236098;0,020700028;0,00266167;0,003534626;0,011020157;0,00575203;0,005385954;0,005875573
2023-12-27;0,001126615;0,005083546;0,003463829;-0,00545704;0,007280207;0,005923865;-0,001456045;-0,006421991;0,003564971;0,011628076;-0,007367442;0,006349336;0,015064983;-0,006993085;-0,003311269;0,013219982;0,0100468;-0,001620055;-0,002966081;0,010784107;0,021126629;0,006835107;-0,002361653;-0,001706568;0,066350644;-0,001022402;0,001333344;0,013793112;-0,008837513;0,011987234;0,00758124;0,007283132;0,013420871;0,001896065;0,009652897;0,018344555;0,003267565;0,019196411;0,004950087
2023-12-28;-0,004126128;-0,007948069;-0,031517274;-0,002057601;0,003942182;0,006478472;0,009660933;0,009233646;0,019538104;0,002873584;0,013359568;-0,002103244;-0,009211822;0,004434045;0;0,003354984;0,001989493;-0,024337323;0,009774658;-0,008322189;0,015325765;0,002656283;0;-0,007407414;-0,040000075;-0,00716482;-0,00532634;-0,004495361;0,008230393;0,006857904;-0,005582549;-0,002780727;-0,008534513;0,003406441;-0,00258397;0;0,00190054;-0,017958924;-6,70671E-05
2024-01-02;-0,030131882;-0,001456539;-0,035022494;-0,019341925;-0,01112591;-0,019894724;-0,01137394;-0,034766707;-0,012195144;-0,037249315;-0,013671468;-0,02423589;-0,007231512;-0,002596773;-0,03903649;-0,012114294;-0,017868955;-0,010532161;-0,009680039;-0,016503366;-0,01132074;-0,012733872;-0,036792391;-0,01205523;-0,050925911;-0,005154743;-0,020080217;-0,006262789;-0,006462444;-0,007739794;-0,015344237;-0,011154767;-0,020480691;0,002640505;-0,001943044;0,009226608;-0,009211667;-0,046833128;-0,011089168
2024-01-03;0;-0,008023356;-0,01188375;-0,002823072;0,000480612;0,001134196;0,000912949;-0,028436037;0,011463909;0,002976212;0,013366178;-0,00863929;0,004162319;0,001562206;-0,017286141;0,002299262;-0,000449357;-0,011204682;-0,011049784;-0,008816924;-0,004961862;-0,011038474;-0,005876454;-0,018593687;-0,024390207;-0,004145046;-0,012295179;0,004551732;-0,000342407;-0,001248141;-0,013112877;0,00112804;-0,001212054;-0,001881004;-0,005191415;0,009577676;0,007656377;-0,02152545;0,001032427
2024-01-04;-0,020582596;0,00367647;-0,045018624;-0,029016048;-0,013245082;-0,013731284;-0,010581945;0,008292687;-0,004359364;-0,03560832;-0,001465593;-0,013071809;-0,01347144;-0,005978723;-0,036059829;-0,006882051;-0,002921289;-0,012464476;-0,00515685;-0,008321299;0,003068764;-0,00663649;-0,020853907;-0,039076348;-0,034999968;-0,02497391;-0,017980575;-0,008365237;0,002397182;-0,009372093;-0,0100132;-0,016901341;-0,026092345;-0,001507849;-0,013437664;-0,033203798;-0,01329705;-0,01960795;-0,012105334
2024-01-05;0,000396686;-0,003663003;0,032675282;0,018221457;0,016778605;0,021791728;0,011986113;-0,027092379;0,010508135;0,027692252;0,008316796;0,008830002;0,007878194;0,000522978;0,010948942;0,008662312;-0,001577626;0,006311029;0,000431947;0,019386495;0,000382243;0,023383136;0,01459003;0,025261749;0,020725286;0,010672335;0;0,003866473;0,007857827;0,01324505;-0,018089999;-0,014326723;0,005607474;0,023027623;-0,0128273;0,018287171;-0,010726087;0,014634188;0,006073492
2024-01-08;0,011494042;0,00808825;0,054383614;0,022190425;-0,003300361;-0,007701442;0,008563966;0,019890582;0,018197605;0,008982102;0,022319632;0,003282224;0,017196446;-0,006795597;0,027978432;0,022900649;-0,007223382;0,005701195;0,008635535;0,028384955;-0,003440304;-0,010682566;0,038016393;0,038461642;0,06091375;0,003167845;0,005633778;0,002450828;-0,011186283;-0,006535921;-0,009509013;0,008721098;0,006505492;-0,011070097;-0,00509046;0;0,002502115;0,010576959;0,003060073
2024-01-09;0,007053254;-0,006564613;0,000781459;-0,015406097;-0,026490318;-0,026865936;-0,01499543;-0,034617308;0,021276539;-0,011869606;0,02657783;0,008724081;-0,004610681;0,013157905;-0,002633995;0,013992469;0,00977703;-0,007936452;-0,052226056;-0,02373716;0,025700026;-0,000599835;-0,009394946;-0,027199072;0,023923515;0,001052653;-0,008403428;-0,005937857;-0,005142379;-0,029135418;0,00460017;0;0,001231141;0,01231337;-0,012656585;-0,014454665;-0,02468119;0,004281729;-0,007400304
2024-01-10;-0,001167294;0,010279064;-0,000937019;-0,009957356;-0,017006493;-0,017177746;-0,0016508;-0,040909066;0,000833224;-0,003003026;0,008321751;-0,006486502;-0,010808087;0,001039;0,005721948;0,001655977;-0,002026472;-0,005714485;-0,029810161;-0,009329711;0,01159319;-0,000900612;0,012699063;-0,019036407;0,0186916;-0,004206066;-0,004237252;-0,01370333;-0,011371447;-0,012261798;0,007764324;-0,003458306;-0,002766615;-0,001105738;-0,015000532;0,007999894;0,0042654;-0,017527191;-0,004610223
2024-01-11;-0,011686672;-0,014534882;-0,010473659;0,0021552;-0,001383983;-0,004993822;0,006797881;-0,021063698;0,006661511;-0,006023804;0,011004275;-0,004352607;0;-0,010897806;0,003938743;-0,015613415;-0,013763676;0,007471468;-0,013035292;-0,015126085;-0,004066568;0,001802609;-0,031587482;-0,002425666;0;-0,016895446;-0,009929017;-0,009262684;-0,018124757;-0,003267035;-0,005531485;-0,015616048;-0,000308214;0,007749052;0,005260946;-0,009259155;-0,014156488;0,002410841;-0,00146743
2024-01-12;0,007883183;0,002212358;-0,000789922;0,010752753;-0,009009287;-0,008155316;0,005839219;0,018289411;0,00082674;0,00606031;0,007709751;0;0,015608826;-0,016264449;-0,003487369;-0,001679461;-0,013726744;0,000570451;0,005188457;0,018545637;-0,005196847;0,00119955;-0,000163819;0,031003135;0,036697168;0,026852908;0,008595915;-0,011147021;-0,000710024;-0,005899659;0,008542137;0,011750766;0,009867348;0,021969948;-0,012670293;0,027147272;-0,004308038;0,010100751;0,002594739
2024-01-15;-0,000390896;0;-0,030830014;0,002127394;0,003496456;0,003794913;0,019593651;0,000528274;0,004132249;0,006024226;0,011701264;-0,001092761;0,001536792;0,002666603;0,000437447;0,009532698;0,005335124;-0,003420885;-0,00140773;-0,019061088;0,002238902;0,001796493;0,002950889;0,002358445;0,008849564;0,004184068;0,002840932;0,010909108;-0,00674948;-0,001318849;-0,001575839;0,013937526;-0,009465638;0,005374412;-0,001952891;-0,003032894;-0,010094869;0,014761933;0,004069075
2024-01-16;-0,019562088;-0,017660027;-0,010440478;-0,010615484;-0,016027818;-0,008821588;-0,005693759;-0,02798314;-0,024691254;-0,041916225;-0,005338097;-0,00984685;-0,061381007;-0,011170143;-0,019239337;-0,01981106;-0,023073264;-0,021167007;-0,028195347;-0,017981736;-0,006701373;-0,014050815;-0,014710758;-0,017058855;-0,043859581;-0,025000038;-0,039660023;-0,019064706;-0,008226131;-0,017497602;-0,000394433;-0,017755169;-0,006781619;-0,028510277;-0,012998029;-0,034767423;-0,020687985;-0,027217173;-0,016932657
2024-01-17;-0,00638447;0,005992477;-0,026871082;-0,01788287;0,001416576;0,001906996;0,001968452;-0,029331831;0,001687828;0,009374982;0,005366745;0,01104961;-0,013078982;0,000806833;-0,000445734;-0,002455762;-0,010864439;-0,015195808;-0,005802823;-0,012403799;0,000374815;0,000606464;0,010948812;0,00418908;-0,01376163;-0,011752135;-0,004424814;-0,008434195;-0,008294216;0,010416696;0,005723192;0,014577679;0,001551714;0,016507684;-0,017983598;0,006303395;-0,006248032;0,003376662;-0,005955419
2024-01-18;-0,021686722;-0,006701398;-0,01761817;0,00874025;-0,01131559;-0,005710614;-0,011609338;-0,008953651;-0,019376673;-0,015479644;-0,001779575;-0,019672002;-0,016013302;-0,021768253;-0,028545935;-0,053398965;-0,018624622;-0,023145492;0,012159319;-0,009569556;-0,012364173;-0,00424211;-0,025927014;-0,017282512;-0,069767341;-0,016216181;-0,004444407;0,015162703;-0,00363654;-0,005320786;-0,006671946;0;-0,026650257;-0,011187371;-0,005046896;-0,006711409;-0,007784503;-0,023557602;-0,009399023
2024-01-19;0,005336615;0,000749641;0,008967105;-0,004332185;-0,009298538;-0,001914446;0,010480679;-0,003387886;-0,009450095;0,003144677;-0,010249409;0,00111487;0,015151487;-0,005494487;0,024334229;-0,007801485;-0,007056139;-0,008505409;0,012494125;-0,009359676;0,003414201;0,00243439;0,012297824;0,013947916;0,014999954;0,01648348;0,008928569;0,00910743;-0,018248028;0,010029887;0,00059234;0,012643505;0,009869584;0,009489155;-0,013043465;0,021621514;0,010259524;0,034465734;0,002513431
2024-01-22;-0,002858351;0,000748999;-0,02256026;-0,022480072;-0,005054501;-0,011508932;-0,006616593;-0,022096283;-0,008673062;-0,040752469;0,0036021;-0,008908906;-0,000552831;-0,004696282;-0,002689386;-0,000604854;-0,007841114;-0,001838168;-0,009966532;-0,0128012;-0,004158732;-0,016393597;-0,022965599;-0,054425889;-0,039408785;-0,007567539;-0,004424814;-0,001805109;-0,015241592;0,003450833;0,003751732;-0,006810428;-0,041298917;-0,00036162;-0,004405236;0,005732099;-0,002986852;-0,007615429;-0,008101163
2024-01-23;0,024160556;0,000748599;0,005420585;0,018545798;0,001451359;-0,00517471;0,017821789;0,031865541;0,010498494;0,016339714;0,01615069;0,017977734;0,025995573;0,000555171;0,011235992;0,015130045;0,016300322;0,018416225;0,017737197;0,002778657;0,008731852;0,004629697;0,008686754;0,006325174;-0,005128265;0,018518466;0,056296379;-0,008318205;0,016987524;-0,006018116;0,001179977;-0,002857131;0,018086098;0,010849975;0,020648961;0,008768014;0,011683782;0,017266153;0,013119856
2024-01-24;-0,027988755;-0,006731552;-0,034608783;-0,007283215;-0,005072309;-0,003901013;0,001945552;-0,000561495;0,004329023;-0,019292388;-0,021192334;-0,006622532;-0,00592981;0,001386872;-0,007111134;-0,020071513;0,004617216;0,011452762;0,023080505;-0,008312872;-0,011290833;-0,004608362;-0,009962823;-0,00691396;-0,010309285;0,029946531;0;0,004011556;-0,035263528;-0,007736312;-0,003536097;-0,00114614;-0,001614866;-0,004651137;0,010115604;0,015210708;-0,008883911;-0,037246532;-0,003485027
2024-01-25;0,01563152;-0,006024064;0,031345767;-0,014673451;-0,002185391;0,002611037;-0,001235688;0,027528185;0,005172465;-0,003278712;0,001804459;0,01222203;0,001084462;0,007202318;0,036705482;0,015818234;-0,00266074;-0,006555564;0,002762544;-0,01924861;-0,001522742;-0,002160252;-0,004605043;0,022151973;0,078125112;0,011422636;-0,001402605;-0,015255845;0,000384751;-0,010847395;0,000591342;-0,002294778;-0,000323598;0,004672871;-0,024606531;-0,000856096;-0,006572782;-0,044074453;0,002761783
2024-01-26;-0,002835197;0;0,011528316;-0,015636682;0,003649926;0,010416572;0,006892968;0,014215326;-0,001715186;-0,00328959;-0,02836541;-0,008781482;0,005958934;0,020351956;-0,013816971;-0,003793086;-0,00460833;-0,010797784;0,002754818;-0,016144204;-0,004193445;0,01484661;-0,036326401;-0,022910154;0,004830867;0;0,00983147;-0,010697244;0,006153724;0,006853979;0,008866837;0,007475516;-0,000647213;0,012880036;0,019360555;-0,004712871;-0,002406085;0,012807376;0,006226155
2024-01-29;-0,012591439;0,003787878;-0,015714001;-0,000756544;-0,003636653;-0,009020752;-0,007898959;0,012399;0,000859212;-0,02970282;-0,001853792;-0,008859339;-0,017232153;-0,0134771;-0,012697065;0,013226425;-0,015594631;-0,004851498;-0,021978114;0,027992215;-0,000383019;-0,00518145;-0,014046872;-0,004435964;-0,004807642;-0,027720725;-0,019471506;0,002237124;0,005351663;-0,015997305;-0,004296723;-0,003424683;0,017810952;-0,013422658;-0,004748296;-0,00947058;0,002411888;-0,011633813;-0,00359782
2024-01-30;-0,009872489;-0,015849072;-0,020350943;-0,01589702;-0,004379418;-0,007152096;-0,005131089;-0,056443096;-0,012875589;-0,017007021;-0,00417837;-0,01005589;0,000547984;-0,021038121;-0,01729486;-0,005142355;-0,007425655;-0,013406268;-0,004213303;-0,022848263;-0,023362669;-0,006433429;-0,017312844;-0,008275066;-0,04347834;-0,029567119;-0,031205643;-0,013020747;-0,001900925;0,010031095;-0,001961706;-0,017182327;-0,007954215;-0,003938448;-0,00563819;0,014341591;-0,007819559;-0,029170947;-0,008567893
2024-01-31;0,019941855;0,003067468;0,120881207;0,006923167;0,002932853;0,00523887;0,003912712;0,005079016;0,001739197;0,010380797;-0,003729508;0,012415461;0,000547684;0,012001024;0,0090252;0,006162998;0,011969993;0,004941187;-0,010813713;0,016335671;0,004313752;0,010792329;-0,006790293;0,030166879;0,060606101;0,023939123;0,002928209;0,005653904;-0,036190607;-0,018835573;0,009434258;0,010489592;0,010904456;0,012580836;-0,014829981;0,017566341;-0,019703089;0,016341734;0,00274721
2024-02-01;0,004887894;-0,000764542;0,004153969;0,015278852;0,004385562;-0,00195413;0,022852131;0,002245981;0,017360961;-0,013698922;-0,00093595;0,014492827;0,015872958;0,005240047;0,011628046;0,009681858;-0,008624924;0,009219501;-0,003326795;0,007563878;0,007028461;-0,002208205;0,006651885;0,006853651;0,048784204;-0,022316719;-0,014598513;0,004122902;-0,007114713;0,016753946;0,020638104;0,019031187;0,015862881;0,010294541;-0,004574992;-0,011368422;0,008967309;-0,007780104;0,005706369
2024-02-02;-0,007701708;0;-0,00079544;-0,009029384;-0,006029926;0,001240021;-0,00034653;-0,015126076;-0,03071652;-0,069444388;-0,011241038;-0,010989075;-0,032866275;-0,022496573;-0,004420979;-0,006262303;-0,013174315;-0,009135278;0,023843583;-0,018627763;0,002326497;0,001529477;-0,016886966;-0,025990284;-0,043689363;-0,010869482;0,001481567;0,003359484;-0,010350225;-0,010985175;-0,000190749;0,001697773;-0,010618332;-0,028812256;-0,020311327;-0,006388314;-0,001225901;-0,033455447;-0,010110444
2024-02-05;-0,006944319;0,001530255;-0,054936433;-0,007592903;0,019794796;0,02023502;0,010741596;0;0,000880016;-0,063432686;0,018000731;0,004444495;0,007799338;0,007858496;-0,0173178;-0,003938479;0,012594589;0,003073075;-0,006054935;0,000639338;0,010058003;0,018937084;0,003360954;-0,045743193;-0,010152201;-0,001098923;-0,007396508;0,005952401;-0,01609007;0,01110719;0,008967979;0,010734578;0,003472248;0,019536895;-0,008625866;0,014144877;0,020558404;-0,00919404;0,003231589
2024-02-06;0,010695276;0,01069517;0,002527339;0,010711348;0,043853464;0,062060249;0,021597471;0,010807766;0,009674579;0,011951832;-0,01209864;0,009955595;0,02542837;0,015594558;0,02620865;0,037959648;0,005721323;0,014093222;0,01827558;0,013738028;0,028341635;0,04286565;-0,019538659;0,039281115;0,051282051;0,029702955;0,011922525;0,016272204;0,028209231;0,021626995;0,018910751;0,01397423;0,017615497;0,006032584;0,017707212;0,012256906;-0,000601063;0,036571927;0,022125038
2024-02-07;0,010175011;-0,017384779;0,008907597;0,016654215;-0,130165432;-0,159036065;-0,002684547;-0,010692208;-0,008710691;-0,015747601;0,01884122;0,005476484;0,00161726;0;0,015411666;-0,004571371;0,016819179;-0,003021151;0,002300983;0,0264733;0;-0,007185771;0,01575243;-0,006406288;0,014634126;0,012820414;0,002945459;0,006186191;0,003976175;-0,023521407;0,00018558;0,00440992;0,015456074;0,021164073;0,001949941;0,000417603;0,01173268;0,000526691;-0,006195559
2024-02-08;-0,024577337;-0,003846071;-0,023821427;-0,020104272;-0,008709345;-0,028653582;-0,015141224;-0,003412939;-0,013181074;-0,020000258;-0,014794213;-0,019607772;-0,006996738;-0,020839156;-0,016044961;-0,019135148;-0,011189502;-0,02303019;-0,019743074;-0,014737544;-0,008938438;-0,019687563;-0,016255593;-0,035460966;-0,004807752;-0,026371254;-0,02349483;-0,041952856;-0,005544615;-0,022711488;-0,00389662;0,011526173;-0,097716928;0,005526774;-0,008832369;-0,004173789;0,00505505;0,001052605;-0,010732362
2024-02-09;-0,010325841;0;0,027303776;0,006079001;-0,009584875;-0,00737428;-0,016569799;-0,0097032;0,013357136;-0,02040786;0,026278837;0,01222203;0,00325205;0,004200577;0,019391669;0,003316422;-0,00836404;-0,001240766;-0,017330059;-0,007478862;-0,003006406;0,012699418;-0,00284899;-0,008689926;0,004830979;-0,024918702;-0,015037565;0,006040116;0,012744159;0,004577499;-0,000372623;-0,002713272;0,033063398;0,017863251;-0,004380019;0,028918897;-0,012722125;-0,013669807;-0,001489662
2024-02-14;-0,015025341;-0,002316652;-0,023588052;-0,028700861;-0,012903105;-0,006686657;0,013548484;-0,014409222;-0,007908615;-0,020833543;-0,019204511;0;-0,01512697;-0,008365782;-0,023778626;-0,021777109;0,002232663;-0,011180065;-0,011439514;-0,031397258;-0,002261687;0;-0,009523899;-0,0155091;-0,028846214;-0,018888897;-0,030534367;-0,027767383;-0,005112224;-0,010164934;0,015467584;0;-0,020574844;-0,013162335;-0,003033969;-0,0281061;0,004794989;-0,004797432;-0,007873401
2024-02-15;-0,002542327;-0,005417907;-0,002551847;-0,013219348;-0,001634198;0,004487462;0,000171491;0,020467858;0,014171772;0,008510761;0,010256612;0,012074693;0,019199083;0,014623145;-0,021257625;0,009143273;0,011633778;-0,001256424;-0,001928618;0,034035726;0,001511071;0,008457287;0,002500113;-0,008904037;0,019802023;0,031710024;0,017322817;0,009648577;0,003162113;0,008144418;-0,00844199;-0,015777857;0,021674045;0,007523853;-0,003195366;-0,002514569;-0,009543784;-0,00214242;0,006188099
2024-02-16;-0,00297351;-0,007003874;0,002558375;0,003152075;0,004910236;0,003722917;-0,008396146;0,103151814;0,01834057;0,021097201;0,005537629;0,003253863;0,019375779;-0,00609762;-0,003167431;-0,002954486;-0,002691485;-0,001257863;0,024637597;0,041379498;-0,006789849;-0,001156567;-0,005179319;-0,004837643;-0,009708657;-0,006586119;0,009287923;-0,001528934;-0,005516134;0,020372329;-0,025356049;-0,03814249;0,006527311;0,012559457;0,038009428;0,019327799;0,005721195;0,02522805;0,007214172
2024-02-19;0,008095391;0,003918411;0,003742821;-0,00314217;0,002442837;0,012611485;0,018144115;-0,009870158;0,019725583;0,024793219;0,005965925;0,015135015;-0,006863852;0;-0,008170804;-0,003358444;0,011776245;-0,008186336;0,002357396;-0,020770797;0,004937197;0,01100138;0,013497924;0,013194413;0,024509701;-0,040883939;0,003067509;-0,004594237;-0,013470804;0,001377053;0,003798;0,004597535;0,000972805;-0,00033517;-0,007500011;-0,010717263;0,002694397;0,008900518;0,002408216
2024-02-20;0,013524884;0,003122627;0,023220242;0,019700508;0,022746019;0,023443158;0,006449457;0,017838414;0,010092472;0,008064575;0,01414252;0,006389792;-0,00212647;0,011433411;0,031121386;0,010109007;0,003637166;0,008253905;0,006584973;0,005840744;0,013227679;0,021764171;0,028158204;0,010966444;-0,033492845;0;-0,010703449;0,010769309;0,028915863;0,009281599;0,001324209;0,007437094;0,005830901;0,023809529;-0,021929052;0,037083267;0,023290631;0,011935677;0,006819802
2024-02-21;-0,000417198;0,00389105;-0,005300622;-0,010046285;-0,007148803;-0,003579342;0,002360788;-0,001546329;-0,019983334;0;-0,038686642;-0,022222105;-0,011720929;-0,018472612;0,017310211;-0,015306067;-0,004832004;-0,006297236;0,020561044;0,010391253;-0,037299578;-0,005605299;-0,001665394;-0,000677973;-0,029702932;0;0,020092744;0,001522034;0,007025611;-0,013283403;0,013035831;0,013060695;0;0,018015069;0,007574474;0,02490954;0,068865221;0,00205123;0,000892885
2024-02-22;0,009178453;0,004651179;0,000666225;-0,012490349;-0,002399937;0,00574757;-0,022543748;0,063500232;-0,00084965;-0,024000399;0,008422888;0,004328937;-0,021563284;0;0,008289731;0,001394922;-0,000485539;0,000633714;-0,00869972;0,02026609;-0,002712058;-0,00567232;-0,008155839;0,026458641;0,076530615;0,012672745;0,012121234;0,011778145;0,002713169;-0,002416458;0,047743544;0,038677327;0,023510471;-0,003539281;0,010675228;0,013720237;-0,031668214;0,017400195;0,001607297
2024-02-23;-0,008681399;-0,005401267;-0,001996986;-0,015810128;-0,001603776;-0,012857405;-0,012392274;-0,018932101;-0,013605457;-0,032786678;-0,026914198;-0,006465533;-0,02258951;0,007303358;-0,009087101;0,002189112;0,000485775;-0,00443319;-0,00877607;-0,003084406;-0,015539939;0,002927133;-0,0059802;0,008592209;0,018957386;-0,030716646;-0,026946101;0,004506171;0,011982994;-0,013494607;-0,015485934;-0,008095261;-0,007866614;-0,014853075;0,002380151;-0,004253612;0,014378402;-0,016096489;-0,006311377
2024-02-26;0,002919046;0,011636927;-0,028014108;0,002409503;-0,003212891;-0,001446891;0,009585122;0,03315191;0,003448408;0,00847464;-0,004291609;-0,006507608;0,011273981;-0,013664279;-0,000436586;0,01032574;-0,006797915;0,003816798;-0,012115398;-0,008350754;-0,00513026;0,002919041;-0,020680458;0,001310629;-0,01860469;0,038732387;0,020000008;-0,001869135;0,016042878;-0,004209015;-0,011028875;0;-0,000317109;0,011799452;-0,024191146;0,005825056;0,024884597;0,005623686;0,0014681
2024-02-27;0,027442903;0,020705553;0,020415208;0,021634731;0,008863929;0,015941804;0,012083473;0,011494334;0,00945024;0,071428513;-0,001436702;0,00764192;0,019509434;-0,002827187;0,040192259;0,014150855;0,021510834;0,029150784;0,021226334;0,023458608;0,015866728;0,012223569;0,046266082;0,056937122;0,042653971;0,064406751;0,027149314;0,031460577;0,000375851;0,020781959;0,032175544;0,02013089;-0,008248713;-0,000647965;0,026311736;0,002316603;0,010664787;0,050838836;0,016048268
2024-02-28;0;0,01051831;-0,001344929;-0,008128882;-0,003993752;-0,004279331;0,00204687;-0,02272734;0,009361625;-0,007842756;0;0,001083524;-0,042099485;-0,000567134;-0,010499824;-0,019379811;-0,005025145;-0,02032022;-0,004619088;0,000293959;0,002733238;0,000574961;-0,011743059;-0,027863837;-0,013636346;0,011677281;0;0,059549832;0,002254946;0,000690113;-0,013106457;0,005333125;-0,013435778;-0,010048551;-0,010966151;0,005007951;-0,001352788;-0,017416511;-0,011648657
2024-02-29;-0,000809281;-0,064683967;-0,002861969;0,019872738;-0,013632794;-0,015043189;-0,015148951;0,019379919;0,009274798;-0,003952708;-0,008633405;-0,006493522;-0,029680451;0,003971606;0,020797937;0,004743023;0,01058189;0;-0,002320087;-0,034077676;0,004673011;-0,024712668;-0,01596733;0,006369416;-0,018433124;0,038824726;0;-0,021247335;-0,001124899;-0,013793195;-0,022254269;-0,036074299;-0,004863768;-0,038637787;0,003745883;-0,00881576;-0,005960637;0,002461883;-0,008720372
2024-03-01;-0,004860271;-0,011128758;0,002025909;-0,031956367;0,008130088;0,003636527;0,001037055;0,040399165;0,009189567;0,031745928;0,010159889;-0,011982736;-0,012352893;0,000282664;0,017463583;-0,006294238;-0,024274171;0,009428114;0,043255717;0,04014611;-0,006976786;0,004352752;-0,00943405;0,052531727;0,042253463;-0,010100989;-0,001468368;0,001750753;0,001126165;-0,000349564;-0,008994148;0,013208879;0,015314392;0,001702898;-0,001642069;0,028615653;0,01635347;0,009823035;0,001240118
2024-03-04;-0,01180317;0,003215417;-0,04245996;-0,00966178;-0,015566129;-0,00950774;-0,004143771;0,01142074;-0,012417132;-0,007692472;-0,036398482;-0,005512475;-0,011316243;-0,014124304;-0,011851195;-0,012866068;-0,011951096;-0,010585246;-0,017912999;-0,015789504;-0,042544885;-0,007631724;-0,025333338;-0,027660847;-0,040540487;-0,003061172;-0,013235326;-0,003844925;-0,031121309;-0,002798184;-0,027597576;-0,014123053;-0,012836958;-0,007140405;-0,002242797;-0,001503819;-0,004022775;-0,028696489;-0,006494813
2024-03-05;-0,004942344;0,021634563;0,018828146;-0,008943079;0,010664667;0,005128229;0,006934769;-0,047425441;-0,000838042;0,054263755;0,003976274;0,00665202;-0,015060243;-0,007736358;-0,002481306;0,016041566;0,001234261;-0,015103854;-0,011855862;-0,029114788;0,004484242;-0,000886952;-0,006839968;0,010513328;-0,004694894;0,020470784;0,017883751;0,008420854;-0,018575641;-0,007366029;-0,008190688;-0,013222985;-0,010403059;-0,006849282;-0,013187451;-0,054969821;0,007808208;0,020530804;-0,001893393
2024-03-06;0,009933689;-0,004705815;0,02176157;0,004922038;-0,005681729;0,007288543;0,014807221;-0,041251818;0,007550124;-0,003676498;-0,00247546;0,003303675;-0,004892953;-0,006641624;0,014510642;0,005723274;-0,013806785;0,002555841;-0,01338261;0,021419923;-0,013798785;0,010953124;0,010035406;-0,01774789;-0,02830185;-0,035105352;-0,019033682;0,017049478;0,025236487;-0,007067108;-0,001152104;0,012283408;0,024967129;0,004137896;0,013667411;-0,009960223;-0,00801459;0,023061862;0,006182766
2024-03-07;-0,006147336;-0,003152156;-0,007437414;0,00571421;-0,005714195;-0,004341566;-0,009501128;0,009891235;-0,016652719;0,003690064;0,032754285;-0,001097441;-0,008604861;0,000290619;-0,013485946;-0,01118508;0,021250114;-0,002549325;-0,014967295;-0,015877827;0,016049572;-0,010541821;0,035846559;0,011837904;-0,009708657;0,009355582;-0,008955295;0,056106822;0;0,005338174;0,010574886;0,023717682;-0,035897476;-0,004120845;-0,003445761;-0,034607583;-0,006194572;0,038848946;-0,004267205
2024-03-08;0;0,015019831;0,002554454;0,011363654;0,003283747;0,005814053;-0,009763668;-0,013222353;0,013547783;-0,018382488;0,014896767;0,003296533;0,017358972;-0,006393493;0,020712673;0,012105615;-0,003182457;-0,019808327;0,008547015;0,004566294;0,018630868;0,009174322;-0,000376267;-0,000615625;0,00490192;-0,007209093;0,010542253;0,007450685;-0,001538489;0,009911634;-0,00475643;0,021013123;0,001662306;0,009090909;-0,007666736;-0,002500942;0,000541973;-0,015235459;-0,009887798
2024-03-11;-0,004948553;-0,003115331;-0,006284971;0,009630928;0,007365581;0,005780027;-0,010032879;0,014888395;-0,01002495;0,007490693;-0,019886268;-0,012048123;0,006093859;0,010821956;-0,002029318;-0,009804085;0,007858592;0,001955673;-0,002353901;-0,007272848;-0,007952335;0,004985353;-0,015992348;-0,017868105;-0,024390244;-0,011410787;-0,001490325;-0,004501674;0,015408365;0;-0,000955832;-0,035883989;0,002655014;-0,015592575;-0,031056015;0,01379012;0,006500702;-0,007501179;-0,007452527
2024-03-12;0,014090183;0,003125067;0,035897364;0,019077789;0,013809484;0,012213;0,013728266;0,00244495;0,009282768;0,037174579;-0,012560487;-0,00110869;0,009085452;-0,01620378;0,019926866;0,0031684;-0,006822614;-0,014313613;0,016517123;0,025030584;0,007214473;0,004085276;0,024856668;0,03764101;0,009999917;0,015739735;0,014925418;0,006459935;0,007966587;0,002803914;-0,001722243;0,015325531;0,033101756;0,003167896;-0,006230654;-0,001648772;0,012109668;0,004723645;0,012241921
2024-03-13;0,003678095;-0,007009412;0,014851528;-0,00468008;0,009615086;0,010645803;-0,011111103;0,016097557;-0,031772648;0,02867385;-0,014187889;-0,006659283;0,003601342;-0,009705917;0,016347652;-0,018752406;-0,002453455;-0,019141934;0,014856001;0,013698727;-0,025069529;0,009880803;0,016790965;0,022370237;0,004950557;0,02685947;0,017647053;-0,015404347;0,01994727;0,000699115;-0,003066855;-0,001616855;-0,000320424;0,001754417;0,006410278;0,018166638;0,010901296;0,013634178;0,002647492
2024-03-14;-0,002442952;0,003921569;0,01056905;-0,019592563;0;0,006320149;-0,004389071;0,00816131;-0,041450671;-0,020905885;-0,00347387;0,006703927;-0,008373094;-0,001187924;-0,004707657;-0,014283025;-0,005164802;0,008748327;-0,030192078;-0,037015347;0,00285698;-0,000575676;-0,010642348;-0,023654805;-0,009852237;0,032193248;0,014450839;0,004889046;-0,005534875;-0,001047901;0,021918947;0,012958555;-0,006410282;0,005604141;-0,012738896;0,023114357;-0,006049352;-0,016233746;-0,002468634
2024-03-15;0,006530775;-0,013281116;-0,036524489;-0,014388488;-0,005555562;-0,015352629;0,010227612;0,03380948;0,029729636;-0,117437603;0,004980039;-0,004439442;-0,009650213;-0,007433844;-0,029168404;-0,025306026;-0,007416476;-0,004002597;-0,019811471;0,04026845;-0,002441838;-0,005470705;-0,020771508;-0,067231939;-0,024875623;-0,02241717;-0,001424513;-0,002594744;0,001855077;0,00489513;-0,021260683;-0,007462496;-0,000322659;-0,007314494;-0,011414442;0,002378311;0,005557068;-0,097595485;-0,007424231
2024-03-18;-0,006893908;0;-0,008350017;0,002433034;0,011971853;0,006378627;-0,021993649;0,008751752;0,01312334;0,044354825;-0,006937412;-0,017837075;-0,00365404;0,007789081;-0,026796499;-0,003350074;0,006226564;0,008037516;0,03128045;-0,023166971;0,004487901;0,004053416;-0,005113597;0,007142852;0,071428617;-0,007976121;-0,00570618;0,006503982;0,002592583;-0,002783657;-0,006535828;-0,001074122;-0,02968695;-0,003859629;0,019076324;-0,001186334;0;-0,038139936;0,001672689
2024-03-19;-0,005308286;-0,007125958;0,003705002;-0,004045243;-0,003943285;-0,005633899;-0,003569306;0,056164364;-0,002590845;0,003861032;0,007984059;0,012485552;0,009779923;0,003269887;-0,000417282;0,008403385;-0,001732581;0,00132883;0,010732358;-0,000300313;0,007310995;0,001441539;0,013706535;0,006447593;-0,061904841;0,003015024;0,012912515;0,013570408;0,025489542;-0,013956597;-0,009481612;-0,016129216;0,000997716;0;0,008210302;-0,010292985;0,019999653;0,024986473;0,0045292
2024-03-20;0,020936051;0;0,059060341;0,035743341;0,019793929;0,012748054;0,010746819;0,156939092;0,030303162;0,034615315;0,020791975;0,013453068;0,019370406;0,013629597;0,03672791;0,0122916;0,009670173;0,017263618;0,00877193;0,045044856;0,003225915;0,002015768;0,027230105;0,047238072;0,040609225;0,005010121;0,018413605;0,007331655;0,015850212;0,012384903;0,001563079;-0,005464205;0,018936912;0,00810147;0,006677503;0;0,00180614;0,022787359;0,012514801
2024-03-21;-0,009650189;0,005582;-0,00744614;-0,027450941;-0,009316842;-0,01118884;-0,013999577;0,002615833;0,013445606;-0,11895905;0,008244423;0,002212355;-0,008907295;0,005846285;-0,008856623;-0,002881231;0,003438078;0,001317424;0,009153312;0;0,015273317;-0,010344845;-0,015905;-0,01914762;-0,029268354;0,026919228;-0,004172495;-0,00886062;-0,010283855;-0,012233393;0,000389803;0,002197627;0,010759652;-0,012578605;-0,002426878;0,0108;0,015451881;-0,027461099;-0,007481123
2024-03-22;-0,022330549;-0,015860429;-0,032083;-0,032258123;-0,018808651;-0,012729693;-0,00413382;0,017517679;0,024046291;0,033755049;0,022125929;-0,007726446;-0,01617738;0,00755593;-0,016247006;-0,00165123;-0,014439495;-0,01447355;-0,019954613;-0,017109675;0,004750536;-0,013983527;-0,018205601;-0,015113394;-0,035175903;-0,066019448;-0,008379817;-0,01181362;-0,025797167;-0,008846505;0,008188799;0,000547963;-0,015483907;-0,016277476;-0,011514692;-0,017411983;0,007862131;-0,009589865;-0,008832778
2024-03-25;-0,002491744;-0,014504312;0,012697957;-0,008333542;-0,003993494;-0,00143273;0,003970427;-0,045421238;0,007287452;-0,012244533;0,02117685;-0,020021936;-0,013398287;0,009229994;-0,002064416;-0,013231303;-0,003476572;0,000667506;-0,00185074;-0,000293137;-0,025610615;0;-0,00662238;0,003196962;-0,00520829;0,010395104;0,016901334;-0,000646223;-0,004413393;0,001428103;-0,028427672;-0,013615559;-0,009174387;0,000359703;-0,002132878;0,012887669;-0,016184429;0,003765597;-0,000755745
2024-03-26;0,001665249;0,014717783;0,012212864;0;0,012830829;0,014347114;0,005392728;0,006523411;0,002411395;-0,008264522;0,01983634;-0,015891271;-0,011728377;0,004572672;0,002482424;-0,006285422;-0,001495093;-0,000667061;-0,002781835;-0,022580404;0,007278653;0,01986969;0,027238038;-0,012109712;-0,068062808;-0,036008265;-0,087257564;0,007112912;0,004063557;0,002851895;0,006966503;0,005580278;-0,057870213;-0,01438327;-0,01266041;-0,001988008;-0,00665996;-0,034297996;-0,000535724
2024-03-27;0,003325056;0,003223363;0,021074738;0,014556295;0,014251566;0,015558841;0,00071534;0,045367921;0,024854153;-0,008333511;0,019774046;0,011534219;0,013116688;-0,000853547;0,035905837;0,008011821;0,00224596;0,010680848;0,021385467;0,002100107;0,009233118;0,005524837;-0,000185482;0,054193672;0,02247184;-0,024546442;0,018209403;0,012841135;0,006254619;0,009598513;-0,003953573;-0,006104216;0,01895394;0,026267762;0,009159086;0,010358502;-0,005930983;-0,021642596;0,006526726
2024-03-28;-0,009113529;0,003212834;0,012604219;-0,002496027;-0,005464849;-0,006963785;0,011613356;-0,037199141;-0,003174554;-0,008403424;0,005540265;-0,013683163;-0,001232951;-0,008826774;-0,006374435;0,001254903;0,002490111;-0,009246995;0,010468796;-0,014071832;-0,012728622;0,00173515;0,014095027;0,039167608;-0,01098892;0,128008768;0,005961226;-0,00855783;0,000731312;0,004225318;0,004167614;-0,006141836;-0,022390651;0,012086671;0,003795446;-0,013801199;-0,009078611;0,027226405;0,003250033
2024-04-01;-0,010033263;-0,012810264;-0,029873834;-0,018348435;-0,013343215;-0,009116462;-0,0095374;-0,003787893;0,010350041;0;-0,012855886;-0,019653308;-0,028395074;-0,005458319;-0,019647129;-0,013369408;-0,02011922;-0,007999918;0,004504333;-0,018827805;0,002820234;-0,034149712;-0,037125064;-0,008244978;-0,011111134;0;0,014814787;-0,000875708;-0,02082571;-0,012973318;0,007765931;0,000561634;-0,008809056;-0,011942328;0,006411257;0,007596833;-0,005497732;-0,007178521;-0,008711536
2024-04-02;0,000422192;-0,00486611;0,004330405;-0,003398696;0,006153801;0,005596668;0,001604938;-0,009885868;-0,000787829;-0,00423726;-0,009302456;0,00943407;-0,018424392;0,010687601;-0,023721868;0,01291566;0,027629985;-0,00134421;0,007623554;-0,009594677;0,004821243;0,001195999;0,003304921;0,038004746;-0,022471957;-0,013579106;0,002919731;0,011017442;-0,007835868;0;-0,006691703;-0,000561318;-0,009953728;-0,002488536;0,011760885;0,007539747;0,004738194;-0,023915442;0,004401921
2024-04-03;0,005909656;0,01466989;-0,061801308;-0,002557562;0,022961188;0,019732165;0,003916705;0,00268816;0,003943107;-0,055319263;0,015493023;0,012850456;0,007766969;0,023435269;-0,001675749;0,004598587;0,004439992;-0,003364634;0,008900527;-0,013437415;0,013194802;-0,00746717;-0,011250907;-0,025743691;-0,028735574;-0,002949802;-0,016011557;0,006089789;-0,003384697;-0,004618152;0,012284272;0,012921411;-0,000718235;0,006771266;-0,014368737;-0,028357528;-0,007335682;-0,040455836;-0,001811069
2024-04-04;0,002098157;0,001606374;-0,029276669;0,022222432;0,002322073;0,006219878;0,006738593;0,003829892;0,016496556;0,013513616;-0,018492886;0,014994185;-0,004495829;-0,008656925;-0,018044541;0;0,006385161;0,003375993;0,017644783;0,001900464;0,012233609;-0,013241282;0,030086811;0,021726289;0,047337192;0,009861912;-0,007396508;0,003504327;0,001261591;0,024625325;0,012918441;0,031613923;0,015091718;0;-0,011138518;0,013781888;0,005542607;-0,007719707;0,000863978
2024-04-05;-0,002512613;-0,019246173;-0,007890531;0,003344361;-0,004633297;-0,0027471;0,004227688;-0,018695146;-0,005409354;-0,00444454;-0,00282624;-0,010227175;-0,014838684;-0,015211206;0,001282151;-0,010611915;0,004392246;-0,010767176;-0,01430464;-0,012646306;0,004288439;-0,001829328;-0,004306289;-0,026436799;-0,033898261;0,001953164;-0,01341285;-0,006349186;-0,014722463;-0,021943684;-0,005410525;-0,004301251;0,000353998;-0,012035405;-0,01093251;0,015593762;-0,002887409;-0,003590573;-0,004967511
2024-04-08;0,008816154;-0,004905899;0,000353466;0,010833349;0,00543078;0,006886707;0,015611392;-0,028382565;0,013985892;0,022321785;0,009447572;-0,00114815;0,034708595;0,015732183;0,016218481;0,011987402;0,017978706;0,003401484;0,018029997;-0,002561562;0,007763937;0,014970715;0,013538873;0,012396774;0,040935699;0,035087664;-0,003021172;0,000319355;0,011111001;0,005697934;0,001165771;0,001080224;0,005661749;0,024364041;0,054597166;0,009842488;0,005528124;0,011411311;0,016262471
2024-04-09;0,004577624;0,015612053;0,003533562;0,021434492;0,010802534;0,006155984;0,008462692;-0,005202047;0,019923349;0,026200634;0,017313911;0,005747099;0,009493597;0,025063471;0,023939413;0,017040888;0,021957131;0,010847397;-0,006479289;0,006420588;0,022727242;0,010535873;0,026345002;0,008163249;0,02247184;0,017890818;-0,00606058;-0,005110091;0,017430864;0,001416472;0,006209678;0,012405356;-0,011963439;0;-0,006669838;0,01442492;0,015706651;0,004156789;0,008016639
2024-04-10;-0,028997368;-0,021035529;-0,050175995;-0,034705337;-0,022137384;-0,021074046;-0,013529574;-0,00603385;-0,012772545;-0,008510761;0,000459921;-0,026285612;-0,024451359;-0,018956166;-0,030762933;-0,034327787;-0,030826926;-0,014084569;-0,006521761;-0,018819804;-0,002259818;-0,021149702;-0,031272351;-0,053209913;-0,02747253;-0,034227636;-0,015243874;-0,005457504;-0,017504655;-0,039250254;-0,009064424;-0,024068267;-0,012464437;-0,031129674;-0,015187792;-0,0196004;-0,010309387;-0,035481998;-0,014135037
2024-04-11;-0,005119654;0,008264373;0;0,001672138;-0,005465057;-0,000694386;0,00243057;-0,006879732;-0,0022828;-0,017167031;0,011034472;-0,028169015;-0,035347024;-0,011761338;0,011003;0,002962315;-0,015421632;0,006802817;0,000875262;-0,020806161;0,002264936;-0,00182613;-0,005784956;0,019547844;-0,022598684;-0,006704903;0,006191923;0,000645583;-0,001137243;0,006624941;-0,02164212;-0,018549686;-0,009376179;0,002888016;0,004220744;-0,002351925;-0,004166817;-0,035561009;-0,005138457
2024-04-12;-0,02058331;-0,006557254;-0,023911068;-0,022537458;-0,01491352;-0,012508672;-0,012989265;-0,031377361;-0,019832165;-0,043668132;-0,040472912;0;-0,008660918;-0,004817265;-0,048974444;-0,011603482;-0,000978847;-0,005405451;-0,024486446;-0,002324203;-0,011299421;-0,010365755;-0,026839212;-0,037747049;-0,040462568;-0,040501508;-0,013846188;-0,011612852;0,000379564;-0,010969035;-0,006277824;-0,010881944;-0,003276156;-0,030957454;-0,003718065;-0,025147223;-0,006799077;-0,052129641;-0,011381833
2024-04-15;-0,021891326;-0,0041255;-0,032282585;-0,01964152;-0,00956139;-0,014778375;-0,009299933;-0,019772874;0,009338375;-0,041096316;0,010426441;-0,009661814;-0,032258107;0,000854276;-0,060299301;-0,005336121;0,014208636;-0,02717399;0,034962226;-0,022295983;0,014857066;-0,016943955;-0,024493752;-0,012453276;-0,078313169;0,048241282;-0,057722309;-0,008159329;-0,006069872;-0,003696842;-0,005298657;0,005790552;-0,017531085;-0,00037154;0,005841432;-0,002418476;-0,008952123;-0,04560702;-0,004859225
2024-04-16;-0,011638312;-0,010770469;0,008634257;-0,013066113;-0,010458604;-0,007142831;-0,011335451;-0,016308977;-0,011565083;-0,028571181;-0,02063781;-0,001219625;-0,018749966;-0,007396857;-0,005620524;-0,008583616;-0,030193184;-0,019553005;-0,029017042;0,001361393;-0,013138054;-0,007521184;-0,010082985;0,013871274;-0,006536029;-0,003835061;-0,006622488;-0,016452833;-0,037404501;-0,008534261;-0,002458435;-0,008060009;-0,016356854;0,001114879;-0,008872521;-0,022626295;0,030021335;-0,009135545;-0,007539854
2024-04-17;-0,011322467;-0,002512617;-0,010894953;-0,007943476;-0,003252349;-0,00503621;0,002149702;-0,020942388;0,004680081;-0,024510123;0,016762391;0,006105043;0,019108245;0,006018879;-0,010833761;-0,010606035;0,00896639;-0,011396028;0,00401422;-0,038069405;-0,010650335;0,000631421;-0,001398014;-0,026119354;0;-0,064485088;0,006666638;-0,006022055;-0,012688328;-0,000748483;0,004518656;0,002901834;0,023809513;-0,00556795;0,010904892;0,00620091;-0,01418609;-0,004255361;-0,001752567
2024-04-18;-0,00824549;0,004198153;-0,003933902;-0,008896796;-0,008156361;-0,004338029;-0,001430035;-0,001336929;0,013975231;-0,02512533;-0,012246685;0,006067932;-0,002083276;-0,011111092;-0,020952344;-0,003281643;-0,002962211;-0,000720407;0,000622004;0,00353363;-0,002691289;0,001262287;0,018200047;-0,015964321;-0,013157854;0;0,009933854;-0,002692645;0,001977799;-0,006366955;-0,003680585;-0,008101925;0,024732355;-0,008958585;0,003703245;-0,008217058;0,009942384;-0,000712233;0,000201335
2024-04-19;0,002771525;-0,000836049;0,016785159;0,003590719;-0,007401511;-0,00944102;-0,007876883;-0,00490855;0,003828568;0,015464177;0,026704932;0,022919082;0,003479444;0,006338174;0,016050528;0,014047471;-0,012131738;0,012256631;0,023974331;-0,001760519;-0,026599836;-0,005672768;-0,012571311;0,015574349;0,026666583;0,008230389;-0,003278796;-0,000337427;0,022088353;0,027515871;-0,000410253;0,008751674;0,012247731;0,000753277;0,016361862;-0,009928309;-0,00129564;0;0,00747206
2024-04-22;0,000921112;0;0,029326015;0,008050143;-0,003313844;-0,004398625;-0,01154817;0,010313967;-0,00991621;0,015227966;0,000928813;0,017688723;0,009708745;0,001431459;0,014360879;0,014935052;0,007017546;-0,002136671;0,020811813;0,022927636;-0,000396129;-0,000633984;-0,014521645;-0,003833784;-0,006493385;-0,007142887;0,011513251;-0,003038582;0,003143554;-0,002144653;0,001847633;0,002891699;0,028113909;0,0015055;-0,000473459;-0,005579281;-0,007263058;0,003563776;0,00358844
2024-04-23;0,004601849;-0,007531452;-0,014150875;-0,015971711;0,002493767;0,006627257;0,007666999;0,001331504;-0,008474428;0,005000038;-0,002784377;-0,018450059;-0,009615392;-0,00228699;0,00519125;-0,008957268;-0,003484284;0,050678012;-0,040265157;0,0031034;-0,018224889;0,014906508;0,014130132;-0,001924269;-0,058823581;-0,014388436;-0,009756095;-0,009481881;-0,016843041;0,013806143;-0,011475448;-0,009803959;-0,016614649;-0,021796421;-0,008684716;-0,012947898;-0,007316514;0,006392033;-0,003384486
2024-04-24;-0,010535874;0,01517712;-0,000191379;-0,013525789;-0,002487564;0;-0,003623211;-0,000886461;-0,004662094;-0,004975162;0,001396023;-0,016607444;-0,009015283;0;-0,00234753;-0,015063476;-0,00574426;-0,012907623;-0,024960018;-0,007372216;-0,001614304;-0,004375084;-0,014331322;0,001927979;-0,006944459;0;-0,006568116;0,013333287;-0,01274899;0,001104058;-0,007047942;0,006406567;-0,010559634;-0,016135162;0,012424308;-0,016615586;0,006317627;0,009174377;-0,003252149
2024-04-25;-0,049074352;-0,001661165;-0,013016918;-0,010054788;-0,001662576;-0,000731552;-0,004363584;-0,006654903;-0,015612624;0,075000293;-0,012546483;-0,010856513;0,004898534;-0,009169047;-0,01270582;-0,004369586;-0,01381575;0,008947024;-0,0070809;-0,05663658;0,018997601;-0,005649781;-0,015751181;-0,005131484;-0,027971941;0,009384732;-0,006611541;0,010121533;0,006860402;-0,024264727;-0,004384191;0,008101925;-0,0053362;0,027333068;-0,021082405;0,012894626;0,011508983;0,057342599;-0,000761578
2024-04-26;0,044303899;-0,000831965;0,009115601;0,036011322;0,015820386;0,016105239;0;0,018758378;-0,00158625;0,009302264;0,015058845;0,017073199;0,027855214;0,010410559;0,025843957;0,01755546;0,013499814;-0,003410613;0,02194191;0,051565309;0,004759957;0,016729836;0,036109961;0,012894956;0,028776887;0,009297593;0,019966715;0,012023995;0,026853669;0,03428782;0,00650038;0;0,00429182;0,007221574;0;0,035557439;0,014223093;0,029761916;0,015082714
2024-04-29;0,002331175;0,007493826;-0,002690717;-0,007130323;0,015573713;0,012968287;0,00620895;-0,018851395;0,007942522;0,03686631;-0,00090565;0,002397966;-0,005420039;-0,073554653;0,007651864;-0,010567152;0,022116085;0,000684411;-0,001610218;0,053590219;-0,001973869;-0,007761512;0,000990091;-0,001273146;0,013985971;-0,009211944;0,006525256;-0,007920851;0,004293489;0,024772136;-0,00145847;0,010332932;-0,004629549;-0,002264096;0,027001015;0,004239025;0,00356949;0,003510392;0,006528302
2024-04-30;-0,028837113;0,004132142;0,000578037;-0,031418308;-0,002421309;-0,00426723;-0,004718643;-0,049150961;0,020346567;-0,03555551;-0,05684008;-0,01913867;-0,012261647;-0,014519563;-0,036544879;-0,017000909;0,005655279;-0,009575966;-0,018279575;-0,018616858;-0,012262732;-0,018773386;-0,030069219;-0,02294458;-0,062068956;-0,023760349;-0,008103792;-0,003326563;-0,005829728;0,027372993;-0,007545275;0,000568191;-0,014669052;-0,02231469;-0,009546233;-0,009708564;0,00482752;-0,049511445;-0,011213016
2024-05-02;0,025778474;0,014814868;0,012134171;0,025023147;0,002427186;-0,01142843;0,010576127;0,036654077;0,063460071;0,027649652;0,000510685;0,031707361;-0,003448249;0,012852667;0,014285783;0,014190645;0,014425447;0,005524986;0,020262785;0,009146419;0,029235084;0,014601704;-0,010605816;0,019569358;0,073529416;0,006349216;-0,008169919;-0,003003886;0,002345486;0,02491363;0,04900716;0,030096536;0,007625245;0,01895546;0,009954136;-0,006393872;-0,017699456;0,037697101;0,009513675
2024-05-03;0,035520345;0,003244102;0,001522291;0,029837359;0,009476488;-0,002968443;0,018404864;0,044877597;0,012511797;0,031390371;-0,010719684;0,052009486;0,0200692;0,023831672;0,059251866;0,037603915;0,0277174;0,018543938;0,055287161;0,015776911;0,015175104;0,01257862;0,028241606;0,049264332;0,075342484;0,005257729;0,028006569;0,002343363;0,023401001;-0,000675329;0,013894347;0,025909598;0,015495385;0,011009844;0,001095224;0,033461924;-0,002059015;0,068692159;0,010910779
2024-05-06;-0,002858295;0,006467311;-0,016720486;0,010535627;-0,013611144;-0,000725554;0,005669773;-0,145336164;-0,00855533;0;0,024767635;-0,019101227;-0,034599783;-0,008766677;-0,010086998;-0,012853068;0,015244089;0,004045849;-0,001017133;-0,007600743;0,01379839;0,006210667;-0,020048032;-0,027438936;0;-0,049163233;-0,036858873;-0,004676053;0,00342993;0;0,004171;-0,003224007;-0,00958126;-0,016522635;0,002969146;-0,025736888;-0,003611131;0,01050682;-0,000334607
2024-05-07;0,007166378;0,012048106;0,000772995;0,006081471;0,003246787;0;-0,003171267;0,017766419;-0,010546336;-0,004347736;-0,019637443;-0,013745658;0,030217923;0,003354714;0,006484453;0,0076842;-0,00811009;0,002014773;-0,01680237;0,003662849;-0,013988743;0,020679468;0,015343655;-0,001253916;0,025477761;0,033003351;0,001663824;-0,011073765;-0,006456465;-0,003378413;-0,016218206;-0,061994688;-0,001074789;0,016418403;0,006232506;-0,005112779;0,006989594;-0,003669661;0,005791416
2024-05-08;0,001897842;-0,034126865;0,00366858;0,007772161;-0,006472559;0,002178493;0,003181356;-0,016957614;0,00775211;0,004366721;0,012840257;-0,00580717;0,006821297;0,009726436;-0,001840779;-0,009743756;0,044811929;0,000670191;0,007250054;0,010285471;-0,014186951;0,006350109;0,011081998;0,057752552;0,024844643;0,111820956;0,009966693;0,000678589;0,003058004;-0,008135514;-0,056293032;-0,012068912;0,009684286;0,006761828;-0,009135923;0,001713118;0,004884188;-0,013505323;0,002097361
2024-05-09;-0,025094939;-0,009860346;-0,042901091;-0,039417335;-0,026058433;-0,025362341;-0,043692779;-0,021816257;-0,011538746;-0,056521848;-0,019776967;-0,035046669;-0,014905208;-0,016556391;-0,017058528;0,002353003;0,003899068;-0,012056177;-0,005141427;-0,001970391;-0,015947198;-0,030047974;-0,012554798;-0,064688408;0,012121238;-0,003831388;0,026315839;-0,024414949;-0,002667586;-0,020164088;-0,030038169;-0,01803385;0,013144093;-0,063432793;0,008126343;0,008550542;-0,004860448;0,003111474;-0,009986021
2024-05-10;0,02962618;-0,000829893;-0,038793955;-0,024085797;-0,000836153;-0,005948044;0,017686181;-0,011410851;-0,014591205;-0,046082839;0,01396806;-0,010895878;-0,01788169;-0,007040081;-0,01923075;0,014938106;-0,017592006;-0,020339039;-0,01085287;-0,011846034;-0,002371556;0,011461958;-0,05146316;-0,041878092;-0,077844352;-0,043269245;0,01602569;-0,00834201;-0,01987024;-0,005929482;-0,009224656;-0,011848343;-0,018233055;-0,024701099;-0,003410371;0,012293451;0,001799322;-0,03163778;-0,004587013
2024-05-13;0,008018812;0,001661254;-0,012756225;0,026508281;-0,002510656;0,004487683;0,007603075;-0,001573913;0,003948599;-0,019323881;0,020407991;0,011015906;0,004901965;0,01849575;-0,01482546;-0,017661873;0,021162812;0,001384133;0,008882198;0,010989036;0,004358101;0,012251311;-0,014893671;0,00198679;0,02597415;0,012060321;-0,023659338;-0,015071964;0,03508762;0,002105223;0,006428715;0,005395776;0,002499968;-0,001225547;0,005910581;-0,01046906;0,002822949;-0,118513731;0,00434953
2024-05-14;0;0,008291783;-0,008049054;0,021371379;0,005872618;-0,000744634;0,006467959;0,024697809;0,015732399;0,009852429;0,031500232;0,024213011;0,004181207;0,029963661;0,001456184;0,017123237;0,007287685;0,013130551;0;0,001976302;0,021301994;0,010892444;0,015118846;0,004626445;0;0,008937397;0;0,016726103;0,01958585;0,003151354;-0,001982524;0,006559242;0,011043878;0,012678887;-0,000618514;0,015657981;0,013561833;0,009447649;0,002809098
2024-05-15;0,035563655;0,012335525;0,026478663;0,003487501;-0,005004367;-0,009687029;-0,012852631;-0,012820513;0,014520885;0,014634185;0,011633571;0,026004807;-0,002081899;0,0002939;0,005816894;0,007365219;-0,006104505;-0,021145906;0,027964542;-0,001972403;0,030513638;-0,002693693;0,018723533;-0,019736881;0,018987315;0,062992191;0,016155058;0,09380463;-0,000369559;-0,020593562;0,01191794;0,014217985;0,004580681;0,014943435;-0,002939674;-0,008749898;0,000252439;-0,008639309;-0,003789441
2024-05-16;-0,003614706;0,005686381;0,012689974;0,006081471;0;0,005267089;0,001084998;0,005194825;-0,014313047;-0,004807727;-0,012458025;0,003456054;0,00904036;0,001762578;0,008192717;-0,010235936;0,006596878;0,022299604;0,025038289;-0,002635092;-0,029985023;-0,003001221;0,01566394;0,006040374;-0,012422451;0,04444441;0,079491343;-0,01088008;0,021803615;-0,000356321;0,014176859;0,015186978;0,02314974;0,002785616;0,007293535;0,004623746;-0,000504852;-0,048656474;0,001999563
2024-05-17;-0,007256232;0;0,008422235;-0,01381696;0,0075445;0,005239578;0,000361195;-0,008268726;0,005808684;-0,01449286;-0,006307751;-0,004592201;-0,012405305;0,003225778;-0,014340232;-0,012452542;-0,015141159;-0,007498264;-0,025423567;0,001651292;0,011978264;0,000300849;-0,004729396;-0,01734494;0;0,021276629;0,01178198;0,013587937;-0,001808378;-0,012477691;-0,001075388;-0,005753773;-0,015769568;-0,014285869;0,019565481;-0,008786703;0,001010112;-0,015267281;-0,001036762
2024-05-20;-0,012791122;-0,022617089;0,006518697;0,000875693;-0,002496131;-0,007445913;0,008306456;0,032308437;0,010587054;0,004902066;0,014160204;-0,011534211;-0,008374018;-0,003215405;-0,006304708;-0,001923538;0,013997201;0,0192307;-0,013810584;0,0178041;0,051928452;-0,003009043;-0,009917462;-0,002715541;-0,012578578;0,035590317;0,017467245;-0,004149476;0,007246323;0,005415297;-0,019160356;-0,028935158;0,011145945;-0,007648853;-0,000453216;0,002110763;0,005297607;-0,028682146;-0,003121318
2024-05-21;-0,00832927;-0,006611623;0,011535955;-0,001749763;0;0,005251283;-0,00071657;0,014639118;0,019999756;0;0,009629244;0,024504094;0,011963425;0,023460453;0,007808711;0,00128493;0,009956974;0,003369319;-0,017116362;-0,023323613;0,007259411;-0,005131405;-0,027128583;-0,039482644;-0,012738881;0,013411557;-0,007152992;0,001923159;-0,003956806;0,008258345;-0,006584807;-0,014302784;0,019634898;-0,001217095;-0,002872331;-0,007582191;-0,002258468;0,102154862;-0,0026536
2024-05-22;-0,013532673;-0,004159644;0,013405536;-0,030674843;-0,020016695;-0,022388006;-0,014336851;-0,009452763;-0,024276401;-0,019512475;-0,015259932;-0,022778985;-0,021557745;-0,004584465;-0,040677984;-0,02673235;-0,004705314;-0,02887844;-0,020580252;-0,001990067;-0,036396457;-0,01547346;-0,017588943;-0,07087175;-0,051612813;-0,031430921;-0,086455374;-0,040307194;-0,017695935;0,001424423;0,017896797;0,015719532;0,011824304;-0,005686296;-0,007883501;-0,019949124;-0,01207236;0,010861695;-0,013829153
2024-05-23;-0,003784293;-0,000835529;0,005922989;0,004520702;-0,00936138;-0,016793922;-0,020363604;-0,03013563;-0,006698465;-0,004975162;-0,003873996;-0,019813565;-0,010660969;0,000575549;-0,022715787;-0,010547;-0,010355719;-0,012448198;-0,005927007;0;0,004113712;-0,008936754;-0,002183479;0,02212061;-0,034013604;0,013663429;0,011040941;0,006666787;-0,01985287;0,001066992;-0,003690226;-0,017261931;-0,009015021;-0,024918383;-0,005959608;-0,027717524;-0,006364397;-0,014326598;-0,007329885
2024-05-28;-0,012172177;-0,018628317;0,00039237;-0,002702905;-0,002575109;-0,00077334;-0,003283572;0,008355084;-0,017324503;-0,02061871;-0,015526479;0,002401038;-0,013503889;-0,006888658;-0,013244908;-0,010049141;-0,004320251;0,013277442;-0,002160937;-0,001669446;0,010914632;-0,005355725;-0,008455667;-0,010494646;-0,065399372;0,000860603;-0,003086368;-0,006930604;-0,003472352;0,011219659;-0,013063519;-0,005454502;-0,011103404;0;-0,021592646;-0,012340129;-0,003128685;-0,00152791;-0,005751189
2024-05-29;0,00473923;-0,006039542;-0,015885511;-0,017163467;-0,010327129;-0,010061912;0;0,000517878;-0,010773765;0;-0,004435653;-0,008383279;-0,002881836;-0,017341042;-0,005162693;-0,011015105;-0,003425372;-0,02482764;-0,012452627;-0,060200708;-0,013402829;-0,006969042;-0,012567257;0,012121189;-0,017087057;-0,013757513;-0,02167177;0,006646705;-0,001161275;-0,008232056;-0,014780613;-0,007921996;-0,003508786;-0,015435939;-0,010173793;-0,023650201;-0,013078607;-0,037490412;-0,008668606
2024-05-31;-0,010849205;0,003472203;-0,015544028;-0,01654404;-0,004347796;-0,009382559;-0,007320609;-0,021739135;-0,014851806;-0,021052275;-0,002475267;-0,01690811;-0,015895945;0,002941167;-0,008303086;-0,00174705;-0,006874492;-0,006364996;-0,007127228;-0,033807774;-0,051698178;-0,010207277;-0,028863754;-0,017964037;0,02566235;-0,016564994;-0,018987414;0,001980866;-0,028294598;0,001443442;-0,030452273;-0,025798619;0,011267609;-0,018220343;-0,0006325;-0,015539388;-0,004771059;-0,037360919;-0,004963042
2024-06-03;0,009060611;-0,000864978;0,029149791;-0,000934618;0,001746996;0,006314223;0,001106121;-0,014285739;0,022110842;0,010752163;0,001984955;0,028255481;-0,000734267;0,008797746;0,005756137;0,025158552;0,015459278;0,034875522;-0,028713333;0,053775339;0,019100794;0,01411217;-0,001872127;-0,007622025;0,023405895;0,016844015;0,008064501;-0,006919396;0,004387682;0,003964099;0,013856891;-0,001891512;-0,01497204;-0,006473913;-0,021044323;-0,006963692;-0,005592468;-0,009909167;-0,000540549
2024-06-04;0,009924433;0,012121098;-0,001180205;0,001870888;0,00237952;0,009345337;0,002946771;-0,001610241;0,007866199;0;0,009905865;0,009557804;-0,019103512;0,007267387;0,006243627;-0,011310482;0,0015906;-0,002750978;-0,011370259;-0,006990624;-0,001171683;0,003497652;0,004454788;-0,010752668;-0,081230252;-0,030514416;-0,031999939;0,000663645;0;-0,023689821;0,025740334;0,025900063;-0,008483652;-0,001737669;-0,010182669;-0,020570379;0,012319306;-0,014178512;-0,001884752
2024-06-05;0,00280808;-0,010265312;0,003544713;0,002801044;-0,006969129;-0,005447308;0,002203385;0,003763424;0,004878319;-0,037233884;-0,005394695;-0,002366686;-0,005243523;-0,012121255;0,019131193;0,007986296;-0,006352164;-0,006206891;-0,00805039;0,010911589;-0,025019359;-0,001901219;0,004201763;0,000776441;0,04635185;-0,015287777;-0,008264528;-0,004641874;-0,009134166;-0,013970617;0,007994603;0,009236473;-0,001782538;0,001305543;-0,014206438;-0,002864056;-0,006878541;-0,010152285;-0,003242968
2024-06-06;0,015865291;0,021607607;0,003532107;0,031657506;0,014912596;0,021126511;0,013191566;-0,04124266;0,013591903;0,049723747;-0,022682474;0,00355861;0,017264459;0,000584305;0,023338422;0,004496906;0,004794546;0,006245657;0,001739084;0,011838392;0,009222013;0,012698399;0,015806585;0,038013936;0,04183762;0,0045662;0,019999995;0,003331208;0,007214294;0,029455587;0,003524822;0,002440554;0,034285796;-0,00391134;0,013914186;0,007180593;0,007192542;0,004273534;0,012289242
2024-06-07;-0,019292694;-0,021996454;-0,012710141;-0,029783406;-0,007778558;-0,007662619;-0,016997981;-0,015083825;-0,024903999;-0,05263161;-0,005045448;-0,023640601;-0,02528735;-0,026569357;-0,029747131;-0,016201262;-0,012042793;-0,005517287;-0,017939929;-0,012043884;-0,006356638;-0,014106528;-0,021739235;-0,015695081;-0,075590548;0,010909108;-0,003267919;-0,006640155;0,007560709;-0,011952044;-0,012074322;-0,021911034;-0,015884054;-0,033158836;-0,013069687;-0,011406885;0,001057825;-0,031489334;-0,017347578
2024-06-10;-0,010304547;-0,008650518;-0,041394348;-0,02418608;0,000870611;-0,006949992;0,001103599;0,019852547;-0,002947105;-0,00555552;-0,001014229;-0,006053366;0,001572288;-0,014697092;-0,011752579;-0,00650051;0;-0,002080364;-0,007071115;0,003134762;-0,003598582;-0,007948914;-0,020818795;-0,031131344;-0,018739304;-0,003597095;-0,024590197;-0,004010796;-0,00868872;-0,010264081;-0,014000184;-0,010578688;0,001403639;0,015794221;0,010925346;0,024038464;-0,001056707;-0,017574632;-5,79629E-05
2024-06-11;0,005206124;-0,005235807;0,023966931;0,005719869;0,004351791;0,005443341;0,011025425;0,017797536;0,008867013;0,016759904;-0,012690235;0,013398368;0,007064376;0,005175077;0,009824087;-0,002181183;0,002529925;0,006254182;0,023738845;0,007638934;0,001203771;0,011217893;-0,007405517;0,016457786;0,079861096;0,022563128;0,05210084;0,009731616;-0,00119521;0,003333351;0,023213935;0,010691793;0,019621466;0,009773478;-0,001473712;0,01408464;-0,000264456;0,027727961;0,007245777
2024-06-12;-0,013183076;-0,011403284;-0,009281695;-0,014218199;-0,019930798;-0,018561654;-0,018928499;-0,022404364;-0,026367056;-0,071428643;-0,007197933;-0,007211513;-0,040529969;-0,01090246;-0,029697933;-0,022513642;-0,002752978;-0,013121485;0,006956455;-0,011027061;-0,012023946;-0,001584986;-0,01275573;-0,015420439;-0,079582035;-0,03971748;-0,017571867;-0,016616868;-0,013163046;-0,001845718;-0,019163228;-0,016179211;-0,00343644;-0,039595307;-0,013775071;-0,031481536;0,007142853;-0,012184449;-0,013968019
2024-06-13;-0,011450276;-0,015971566;0;-0,030769307;-0,002652528;0,000787973;0,006782091;0,026830714;0,017050968;-0,017751779;0,013464361;0,004842511;0,012185184;-0,003674169;0,001583204;-0,003801323;0,003220719;-0,002799184;-0,002302995;-0,003135709;0,010547731;-0,010476139;-0,020477808;-0,014095511;-0,020087334;-0,018382415;-0,003251978;0,002365753;0,008892415;-0,001479289;-0,011228404;-0,014547789;0,020344896;-0,005496889;0,011473355;-0,013384312;0,009193502;-0,004405317;-0,003068303
2024-06-14;0,004826358;0,013525503;0,023625332;0,0287698;0,008865205;0,010236305;-0,002479878;0,002177409;-0,012820463;0,006024228;0,002044228;0,003614478;0,016853936;0,005838903;0,003161175;0,018406244;0,012611647;-0,003508664;-0,019041974;0,0045438;0,013649131;-0,000962258;0,005973029;0,015885687;0,019607885;-0,014981262;0,004893922;-0,001011542;0,029647377;0,002963042;0,0197595;0,018613636;0,033795134;0,001842326;-0,003452278;0,003875983;0,009109857;-0,007079585;0,000786164
2024-06-17;-0,00816517;0;0,001790608;0,018322241;0,003514881;0,010912138;0;-0,051059236;0,00599406;-0,029939847;0,011218653;-0,014405777;-0,014996096;-0,011610205;-0,017857139;-0,022481789;-0,007246295;-0,015493126;-0,006470536;-0,001391903;0,000792171;0,024405631;-0,025234699;-0,028928751;-0,039335701;-0,025665386;-0,009740257;-0,008437313;-0,024513595;0,01440166;-0,013363104;-0,021424222;-0,005557355;-0,008275855;-0,003959171;-0,025579085;0;-0,039215717;-0,004379001
2024-06-18;-0,002905673;0,000889699;-0,003177784;0,004734848;-0,007310293;-0,015502683;-0,013988779;0,006868966;0,003972001;0,012345857;-0,010590054;-0,00365397;0,0008013;-0,001545558;0,005347552;0;0,000456258;0,002861335;0,005328394;0,004181309;-0,013059128;-0,000626959;-0,006345336;-0,004830815;-0,00363968;0,030243967;0,031147464;-0,004424883;-0,022736331;0,004368558;0,000677219;0,010302744;-0,022353713;-0,004636054;0,004637368;0,012877504;0,002321486;-0,013914657;0,004129665
2024-06-19;0,000971451;-0,004444444;-0,005578721;-0,006073078;0,005464129;0,004846501;0,007285305;0,009096069;0,008902346;0;0,005096769;0;0,02241799;0,004334338;0,002659611;-0,00180388;0,003191947;0,008559193;0,014723357;0,020471832;0,018043326;0,007841939;0,019816048;0,021844568;0,011872029;0,030303005;0,028616846;0,002051225;0,011020326;0,001087251;-0,000450985;-0,00063736;-0,01042366;0,009315393;0,003132215;0,001467041;0,024446704;0,043273722;0,005274597
2024-06-20;0,001455656;0,007142915;-0,00120211;-0,013384438;0,002717827;-0,002411742;0,004567958;0,011267649;0,004901798;-0,012195296;0,00862067;-0,017115007;-0,00704778;0,002157816;-0,013793087;-0,004291748;-0,000909131;0,0014144;0,009866606;-0,021081146;0,003544811;-0,006847176;-0,009497648;-0,009501077;-0,037003459;0,02297789;0,017001606;0,006482405;0,000807504;-0,00108607;0,007898725;0,001275532;0,00203869;-0,006460582;0,009038671;0,002929669;0,024365461;-0,010820466;0,001538321
2024-06-21;0,009205158;0;-0,005215671;0,006783104;0,006323361;-0,000805768;0,008336401;0;0,025366002;0,074074193;0,038210197;0,019900473;0,016561517;0,003691249;0,020979053;0,020644294;0,003639631;0,003531044;0,019540061;0,009030854;0,038853889;0,006980748;0,052233145;0,001598531;0,014995248;0,010781688;-0,019756921;0,008474784;0,040742259;-0,001812348;-0,003806546;0,005095485;0,011529298;0,002786741;-0,009283395;0,018987281;0,007356677;-0,011850564;0,007430716
2024-06-24;0,022563865;0,003546175;0,012300834;0,011549486;0,008078978;0,00322594;0,007516094;0,002228357;0,015464885;0,02298811;0,03874091;0,007317179;0,024049609;0,001838742;0,027924126;0,004667619;0,007932908;0,010556016;0,006200743;0,009901266;-0,000755577;0,014429209;0,011510915;0,017558014;0,122807043;-0,000888907;-0,003100724;0,021176339;0,014728651;0,016702925;0,016183278;0,0092023;0,012403698;0,022232563;0,001150636;0,005255675;-0,005112007;0,02490775;0,010680644
2024-06-25;-0,000938865;0,005300277;0,014541864;-0,018078096;-0,005342787;-0,008038513;0,002983835;0,001111754;0;-0,005618021;0,00559447;-0,009685217;-0,001515114;-0,001835367;0,002562713;-0,013053027;-0,007645575;0,004874751;-0,000560324;0,005130055;-0,007561483;0,003091987;0,001185197;-0,007059038;-0,029605155;0,000889698;-0,003110445;0,002304235;0,007257395;-0,004999958;0,003096929;0,001898814;0,002317851;-0,016311626;-0,00410504;-0,028992235;0,017127712;-0,028802819;-0,002495169
2024-06-26;-0,013157989;0,006151085;-0,00922836;-0,009689839;-0,001790529;0,002431105;-0,006693874;-0,008883945;-0,017110601;0;-0,021018742;0,004890002;0,015933235;-0,003371101;-0,02453984;0;0,00385224;-0,002079155;0,020740049;-0,010888094;-0,009904655;-0,001849676;0,004025655;-0,030716372;-0,027118699;0,016888832;-0,00780022;0,003940776;0,001516941;-0,012921664;0,018302026;0;-0,000330374;-0,008751806;0,012366105;0,017621034;0,009140962;-0,012975105;0,002534108
2024-06-27;0,011428669;0,000873475;0,026753854;0,017612352;0,001793741;0,004041956;-0,000374247;0,033053229;-0,029013396;0,0621469;0,001446504;0,021897732;0,028379395;0,018757668;0,022012587;0,023313036;0,002257402;0,036111184;0,002745671;0,008599972;0,013466714;0,001853104;0,022361083;0,038778933;0,063588756;0,063811209;0,056603756;0,011776269;0,004922341;0,012727242;-0,004857018;0,009475583;0,020819622;0,025092915;0,002605745;0,026454993;-0,005959225;0,036619819;0,013592518
2024-06-28;-0,005649714;-0,004363095;-0,008878611;-0,015384348;0,001790328;-0,003220565;0,000374387;-0,031453357;-0,014940163;-0,058510645;0,005777249;-0,013095245;-0,016703013;-0,012073671;-0,033333348;-0,000656988;-0,002477503;0,007372548;0,006571903;-0,021146061;-0,00303714;-0,000924643;-0,019836718;-0,00873714;-0,013103956;0,015612109;-0,005952428;0,000646626;-0,032403908;-0,014003717;-0,01112304;-0,006257829;-0,014891559;-0,020852193;0,010721323;-0,020618465;0,011750602;-0,057065217;-0,003225858
2024-07-01;-0,001894247;0,003505678;-0,005063231;0,02246082;-0,007149416;-0,008885372;-0,013103641;-0,013437837;0,03134474;0,011299602;-0,046912274;0,002412623;0,003692776;0,002138697;-0,012732133;-0,000438517;0,003612645;0,02262143;-0,003264553;0,008362453;0,009139262;-0,004703273;-0,005476065;-0,001602564;0,007468852;0,016990364;0,001497018;-0,01227789;-0,00311532;-0,003641698;0,012130494;0,010705294;-0,017745639;0,006481421;0,01478621;-0,023645585;-0,003732483;0,017291066;0,006545232
2024-07-02;-0,014705723;0,000873475;-0,00548053;-0,001910223;0,003358406;-0,00171645;0,003414311;0;-0,011764816;-0,072625937;0,007031546;0,004813439;-0,008830014;-0,004878045;0,012896331;-0,014254452;-0,002474848;-0,019518454;0,008733616;-0,008293102;0,011320657;0,013027231;-0,001676052;-0,024076866;0,002471218;0,022275264;0,023916262;-0,00621522;-0,010937499;0,002193101;-0,008934341;-0,016199339;-0,0207427;-0,010579514;-0,003325975;0,017543934;0,001429657;-0,01794152;0,000553248
2024-07-03;0,022628938;-0,006980858;0,010824661;-0,001913781;0,007187969;0,003270919;0,009829753;0,034619675;0,027777795;0,060241691;0,009975444;0,010778308;0,031922743;0,013786813;0,013793087;0,015350481;0,017591481;-0,002654376;-0,007575778;0,006271749;-0,00373112;0,00612361;0,01079154;0,0222039;0,033689428;-0,064591438;-0,021897769;-0,010533324;0,012638218;0,005835152;0,00043949;-0,008866366;0,012982533;0,016736485;0,019863382;0,035467974;0,001903391;0,072115389;0,007011948
2024-07-04;0,028719124;0,006151085;0,009929878;0,014381466;0,002675952;0,004074864;0,00524152;0,001097118;0,00096517;0,045454314;0,005925813;0,020142228;0,01726624;0,007555096;0,037153405;0,013584522;0,005540648;0,000665509;-0,005452529;-0,001731238;0,00786505;0,0015217;0,034400894;0,064360329;0,047694687;0,00249589;0,01194032;0,002661364;-0,017778678;0;0,014285981;0,015335536;0,000674499;0;-0,004985963;0,022359726;-0,005224454;0,049327326;0,003994843
2024-07-05;0,01601845;-0,011353581;0,017543733;-0,005671086;0,007117425;0,011363498;-0,004469125;0,003287642;0;0,016304621;0,015709429;0,004645786;-0,002828852;-0,007798365;0,008577138;0,006052803;-0,002644971;0,001994605;-0,013157994;0,004162336;0,002601279;0,000607602;0,003211122;0,009070296;0,038695114;0,023236426;0,011799358;-0,007962688;0,00596666;-0,017041381;0,005850334;-0,010698696;-0,005729676;0,010516626;-0,004071443;0,028850479;0,007161548;0,00085476;0,000816398
2024-07-08;-0,009008907;-0,006183877;0,006441953;0,016159673;0,001766732;0;-0,016460963;0,013107579;0,016393629;-0,016043045;0,010149587;0,009248481;-0,009219866;0,01148724;-0,013006488;0,016759814;0,007955825;-0,00132704;-0,01111093;-0,007599331;-0,000741294;-0,001821852;-0,002286357;-0,018726724;-0,058436933;-0,015409519;0,004373141;-0,010367969;-0,005535837;-0,021025377;0,002154395;0,012086549;0,01355931;0,022171787;-0,007861609;-0,004070659;0,054041174;0,010247652;0,002225443
2024-07-09;0,005908741;0;0,015625025;-0,006548234;0,000882253;0;-0,003423321;-0,005929849;-0,002846356;0,021738758;-0,010047608;0,019473189;0,007873991;-0,002689788;0,015712132;0,012256802;0,003508092;0,0279068;0,00617961;0,011834347;0,014094959;0,006997152;0,017873485;0,010687114;0,048099243;-0,018945648;-0,018867789;-0,006421064;0,001590461;0,007535707;0,005158856;-0,004399746;0;0,017264326;-0,001267807;0,008174594;0,001799138;0,018596847;0,004425198
2024-07-10;-0,010392785;0,013333238;-0,003707129;0,010358071;0,017620515;0,016854176;0,015648628;0,011930548;-0,004757389;-0,015956974;0,002899794;0,001123541;-0,00355115;0,002697043;0,025449041;-0,008350658;0,000218573;-0,002585527;-0,001674883;0,004815884;0,0065838;0,010573979;0,018685405;0,004531636;-0,002960699;0;-0,013313715;0,001360627;-0,001984939;0,036275238;0,014756485;0,016414173;0,009364626;0,000870301;-0,013487858;0,012612541;-0,011223484;-0,012448219;0,000865406
2024-07-11;0;0,01140366;0,012981575;0,029822778;0,003463683;0;-0,004885325;0,032690279;0,02294453;0,027026693;-0,007228831;0,01795739;0,019244509;0,007471614;0,030170353;0,010315765;0,003931731;0,012313615;0,013422919;-0,014378478;-0,015261639;0,005979062;0,029834177;0,030827206;0,01781741;0,010075489;0,02398805;0,004415649;0,010739941;0,032479266;0,032665776;0,040993707;-0,01126577;0,006521857;-0,002573545;0,023131602;0,020658352;-0,008403245;0,008457923
2024-07-12;0,009132315;0,009540348;0,007421111;0,041629022;-0,002588409;-0,002367907;0,013217617;0,006746194;-0,001869118;-0,005263124;0,002912463;0,003307626;-0,001398633;0,002373212;-0,042040568;0,010627298;0,014142856;-0,002560841;0,008278037;0,023619147;-0,042435517;-0,005646406;0,002145947;-0,011670315;0,011670262;0,019118978;-0,00146414;0,038214474;0,013774035;-0,006990634;0,009591808;0,011336615;-0,018766645;-0,019438428;0,014675077;-0,010869498;0,020462743;0,013559204;0,004700142
2024-07-15;0,012217336;0;-0,008287386;-0,004344099;-0,005190543;-0,002373351;0,004472614;0,006701086;0,003745354;0,021164107;-0,014520644;-0,009890282;0,002100888;-0,017756795;0,014299764;-0,017938229;-0,005578288;0,001283815;0,018062252;-0,01934157;-0,003853503;0,003885248;-0,005567532;0,0140221;0,033165175;0,006525235;0;0,001628676;0,004658317;-0,0024639;-0,010511379;-0,011799356;0,011270441;-0,013215909;0,001112559;-0,00351645;0,013731383;0,032608784;0,003289448
2024-07-16;-0,004023389;0,005154657;-0,008727859;0,001745026;0,006956412;0,003171908;0,003339485;-0,002048178;0,013992466;-0,041450579;0,009822927;0,014428613;0,001397589;0,008135009;0,014584336;0,000839829;0,002157497;0,006410131;0,021505466;0,003460152;0,020889705;0,005954142;-0,012489161;-0,001455604;-0,048848598;-0,011345267;0,007331364;-0,003902606;-0,011205453;0,015525748;0,002247297;0,00179092;-0,035461132;0,006250037;-0,010477927;0,007057717;0,003655118;-0,024291497;-0,001631599
2024-07-17;0,004937014;0,010256263;0,009741521;0,000871303;0,012089935;0,011857904;0,009985266;-0,016418661;0,028518929;-0,021621931;0,002432052;0;-0,002093491;0,007172769;-0,008624794;-0,002727056;0,001722294;-0,006369303;0,001052711;-0,0075863;-0,012504729;0,010950134;-0,01591811;-0,005102084;-0,012472475;0,011475459;0,004366775;0,007182624;0,000781518;0,010076454;0,016510219;0,015494733;0,012955263;0,029724865;-0,009305262;0,021025265;0,007926316;-0,012448219;0,002633413
2024-07-18;-0,031710331;-0,012690265;-0,02448976;-0,027850345;-0,018771345;-0,018750081;-0,004394159;-0,039645291;-0,022361542;-0,04972367;-0,013100553;-0,019693643;-0,029370634;-0,011275963;-0,040599337;-0,011569214;-0,009886117;-0,013461668;-0,017875873;-0,021195261;-0,027628464;-0,004683906;-0,036782606;-0,035897317;-0,058692506;-0,090761682;-0,044927467;0,002593143;0,001952465;-0,004815996;-0,009624961;-0,01701875;-0,030763885;-0,027574288;-0,009392736;-0,010725235;0,007439057;-0,032773024;-0,013889533
2024-07-19;0,000461003;0,005141315;-0,005515469;0;-0,003478255;-0,00557318;-0,002942212;-0,004888656;-0,034766518;-0,029069985;-0,000983301;-0,002232155;0,010806889;-0,013205287;0,007052863;-0,014683963;-0,010201915;0,014295008;0,005888603;0,007099934;-0,031176019;0,007647082;-0,00138001;-0,008358707;-0,007892595;-0,001782567;-0,006069776;-0,020045069;0,004286739;0,006567705;-0,007288791;0,001193858;0,000713157;0,028799152;-0,000817473;0,001300954;-0,002320779;-0,018245094;-0,000282017
2024-07-22;0,024896457;0,006820174;0,021801531;0,010743078;0,006980692;0,011209008;0,001106644;0,025109225;0,02464484;0,011976224;0,048228532;0,021252791;0,001425549;0,01125306;0,034517279;0,013390877;0,00657901;0,000640638;0,005321947;0,021501348;0,004480679;-0,000583659;-0,010596774;0,038314181;-0,019093036;0,006250026;-0,006106843;0,002969128;0,012805635;-0,000609351;0,011013632;0,008944654;0,016037129;-0,006029048;-0,001145176;0,008228702;-0,002537477;0,013274337;0,001911986
2024-07-23;-0,014395052;-0,002540184;-0,015347237;-0,009743105;-0,012998026;-0,007125954;-0,005895343;-0,031948901;-0,012026213;-0,029585524;0,03661963;-0,010953079;-0,025622819;-0,013533882;-0,025628728;-0,027493533;-0,008496832;-0,009603136;-0,044997237;-0,010006778;-0,00283889;-0,001460222;0,010011667;-0,027306234;-0,012165433;-0,020408177;-0,029185871;-0,006578856;-0,000383239;-0,013588936;-0,020173552;-0,018912575;-0,013328682;-0,010831991;-0,013431645;-0,0158935;-0,002544104;-0,037554557;-0,009932739
2024-07-24;-0,011410359;0,000848824;-0,017297069;-0,013416881;-0,00175607;0,000797515;-0,004077168;-0,022002179;-0,003745121;-0,036585803;-0,01539852;-0,009966595;-0,008765514;0,005487824;-0,017865952;-0,020162292;-0,025708617;-0,002585527;-0,00498912;-0,024050277;-0,001626419;-0,001462505;-0,001844246;-0,023520619;-0,041871964;-0,001811631;-0,007911455;-0,006622635;0,00306647;0,003532343;0,01070624;0;-0,010664814;-0,002628149;0,006143108;-0,003491991;-0,008501632;-0,034482697;-0,00131922
2024-07-25;-0,010157168;0,005089168;-0,025145058;-0,01178601;-0,012313329;-0,01593616;0,000744273;0,008436424;-0,000940063;-0,006329163;0,003679816;-0,004474297;-0,001473803;-0,020315331;-0,011116704;-0,013643318;-0,00383393;-0,016202284;0,020612836;-0,000119009;-0,006109927;-0,004393942;-0,005542673;0,024087164;-0,005998254;-0,001814919;-0,014354102;0,003333429;-0,004585567;-0,02428715;-0,006111311;-0,012650596;-0,008983077;-0,024154652;-0,000495097;-0,003942081;-0,015005252;-0,009398561;-0,003709768
2024-07-26;0,010727863;0,0025317;0,008730146;0,004587116;0,008904955;0,008096756;0,008553449;0,013943112;0,014111052;0,006369476;-0,000458205;0,016853903;0,011070082;0,015165552;0,004598917;0,009070215;0,008603135;0,009222702;0;0,057706118;0,011475207;0,007355408;0,020204295;0,011380837;0,024999917;0,031818215;0,022653823;0,003654371;0,036468392;0,018037399;-0,001844649;-0,006711464;0,019941996;0,030603269;0,014858926;0,021987549;0,02110988;0,043643331;0,012210807
2024-07-29;-0,002768603;-0,005050703;-0,02124307;-0,009132249;0;0,00401631;0,00147506;-0,015951645;0,014842209;-0,012658326;0,012838167;-0,001104978;-0,018978119;0,002439054;-0,005595216;-0,000674175;0,004264843;-0,000652692;-0,010916852;-0,002033264;0,004862177;0,007301184;-0,030275507;0,013503464;-0,058031953;-0,013215831;-0,018987414;0,001986182;0,011111172;0,011339624;-0,001125593;-0,010442197;-0,01599715;-0,010043699;0,001789516;-0,006024063;-0,009377653;-0,008181912;-0,004219873
2024-07-30;0,00231349;-0,0152283;-0,02150331;-0,008295176;-0,007943523;-0,008000042;-0,007732013;-0,004471768;-0,006398513;-0,032050814;0,00135791;-0,003318721;-0,004464246;-0,005778651;-0,017391301;-0,007195841;-0,010728664;-0,009144463;-0,00496698;0,002716495;-0,003225649;-0,003769073;-0,013145417;-0,03552941;-0,010714402;0,029464182;0,017741997;-0,00132145;0,009157473;0,008058764;-0,019896435;0,016139144;-0,005780384;-0,009263397;-0,022085158;0,003896202;-0,013339059;-0,010998989;-0,006419648
2024-07-31;0,008310246;-0,005154749;-0,000821467;0,008364562;-0,000889902;0,002419377;-0,014842382;-0,014598553;-0,000919714;0,006622565;-0,006781019;-0,003329652;-0,000747401;-0,006423943;0,014575786;-0,004982932;-0,00067776;-0,00065922;0,012756404;-0,024720566;-0,006472531;-0,013969632;0,042578414;0,01765171;-0,000902388;-0,019080561;-0,003169675;0,012239517;0,001814904;-0,004170963;0,025798237;0,068417862;0,008357707;-0,011131005;0,023414146;-0,001293562;0,104666214;0,013901664;0,011994704
2024-08-01;0,007783929;0,013817037;0,035765649;0,00184304;0,010686245;0,01287208;-0,006779595;-0,020512748;-0,000921019;-0,039474064;-0,06918534;0,013363224;-0,022438309;0,011391581;0,006157022;0,027316155;0,004747867;0,01319265;-0,004928787;-0,022222366;-0,00895762;-0,014539802;-0,001596994;0,0022624;-0,024390154;0,037135237;0,027027086;0,008169925;0,002536219;0,017801084;0,043083767;0,007432768;-0,004684675;0,014408051;-0,022391717;0,011226117;0,043032156;-0,021937844;-0,002013286
2024-08-02;0,000908677;0,011073217;-0,000793838;-0,000919825;-0,000243023;0,006282356;-0,00796357;-0,036649276;-0,015668207;0,027397471;0,027383801;-0,006593442;-0,005355753;0,010045698;0,017847952;0,012186921;-0,00742582;0,001302131;-0,046230172;0,003196036;0,009038584;-0,012586123;0,030164532;0,035364897;0,0712962;-0,017902794;0,001547923;-0,002917295;0,026382365;-0,031207181;-0,010276424;0,003405111;0;0,013759378;-0,013941823;-0,004696612;-0,057153628;0,00467293;-0,012096236
2024-08-05;-0,011348008;-0,001684866;-0,023038743;0;0,082965963;0,075889392;0,001529109;-0,027173845;0,005617972;0;-0,000951842;-0,004424862;-0,015384601;-0,027124808;-0,025551044;-0,03590195;-0,005214183;-0,009102771;-0,006347325;0,028318643;-0,006921777;0;-0,025288459;0,015261672;-0,002592873;-0,01909722;0,023183959;-0,003576237;0,058802782;0,002831876;-0,023562188;-0,029977289;-0,023171763;-0,03064798;-0,005167862;-0,013728368;-0,015563543;-0,0009302;-0,004640297
2024-08-06;0,021120181;0,013502036;0,003862697;0,002762388;0,034229471;0,03306386;0,017175483;-0,006828095;0,000931079;-0,026666866;0,022867908;0,021111288;0,015624985;0,017348286;-0,005655405;0,009082784;0,005013659;-0,006561698;-0,00116129;0,012048257;-0,007380118;0,022154716;0,013655139;0,020042952;-0,02079727;-0,003539796;0;0,003262806;-0,023278965;0,002117834;0,000817825;-0,000583267;0,01000741;-0,00090332;0,005085922;0,022618661;0,002251397;-0,043761574;0,007958809
2024-08-07;0,014838269;0,041632062;0,019035936;0,022956923;-0,002363973;0,002133603;-0,013133221;0,043125033;0,004651178;0,054795038;0,015370544;-0,004352697;0,014615352;0,001827047;0,044467273;0,00697567;0,000453501;0,011228647;-0,004069718;0,010203934;0,000413055;0,002672106;0,090031201;0,024561366;0,078760999;0,009769092;0,048338456;-0,00065048;0,004426312;-0,007749257;0,015529116;0,014002533;0,015174012;0,08001814;-0,001919337;0,02509557;-0,013273352;0,05160655;0,009875898
2024-08-08;0,002658105;-0,011990492;0,019872879;0,018850969;0,009478387;0,011355595;-0,004182504;0,027561358;-0,009259289;-0,006493644;-0,005963402;0;0,008339698;0,000303932;0,022277214;0,024581023;0,017678999;0,016329132;0,014593949;-0,001683431;-0,001651356;-0,003553388;-0,001647599;-0,006849237;0,028712164;0,038698322;0,050432177;0,002928687;-0,020339094;0,003904965;0,015895355;-0,004027808;0,040831178;-0,059439237;-0,006118932;0,000415159;0,028352616;-0,009259323;0,008995091
2024-08-09;0,01944321;0,007281623;0,050467605;0,059030879;0,019562099;0,024561655;0,013745651;0,004081615;0,014953529;-0,006535904;0,032764148;0,015300631;0,02330823;0;0,054237451;0,015921391;0,017372013;0,018637491;0,007480136;-0,008094445;0,010338911;0,027043199;0,007839783;0,065517207;0,033492809;0,026248903;0,030178432;0,011680814;0,015225017;0,0137906;0,005347752;0,017908919;0,037478222;0,02581232;0,003693886;0,026544837;0,00020115;-0,034579409;0,015187197
2024-08-12;-0,000866926;-0,004819294;-0,007976218;0,014975063;0,00997684;0,006849242;0,02146893;-0,039488875;0,012891062;-0,026316074;-0,00089367;0,003229181;-0,009551809;0,004253999;-0,005512288;0,002146801;0,001532386;-0,015772739;0,012075881;0,022781326;0,000409425;0,001446679;0,007574199;0,017475767;-0,000771647;0,004125404;0,001331503;0,010262996;-0,014996692;0,010115167;-0,002364145;0,003405111;-0,00405147;0,001735316;-0,005082281;-0,01090909;0,017706354;0,023233302;0,0038357
2024-08-13;0,01214769;0,014527809;0,016267713;0,036065458;0,011398323;0,012245026;0,012905618;0,001209102;0,009090939;-0,040540185;0,02728084;0,004291869;0,017062352;0,012102896;-0,016166305;0,013572716;0,000874419;0,016025506;-0,005113593;0,035571832;0,005319001;0,028315421;-0,022755017;-0,001272338;0,026254802;0,018898946;-0,006648989;0,042539591;0,038062332;0,011740331;0,007503941;0,009615452;-0,007118448;0,035946337;-0,004403782;0,033496947;0,010873864;-0,040681142;0,009777602
2024-08-14;0,013716238;-0,000795477;0,014903431;0,004746843;0,006010449;0,008736458;0,016745626;-0,000603879;0,078378476;-0,021127012;0,010013322;0,018162493;-0,014587878;0,00956651;0,015492928;0,0436285;0,011574524;0,001892743;-0,006282123;0,016051356;0,005698041;0,024725899;-0,168399188;0,031210232;-0,041384471;0,034677399;0,016064319;0,000609083;0;0,025255985;0,011760162;0,014005585;0,012632104;-0,013377954;-0,009200272;-0,002371721;0,00801876;-0,01183432;0,006948745
2024-08-15;-0,015222072;0,037420327;-0,022117491;0,000787443;0,012696293;0,00999312;0,007876825;0,021752304;-0,038429507;0;-0,047413842;-0,009443913;0,013323416;-0,01302926;0,02357841;0,00682952;-0,009283194;0,005622339;0;-0,010742504;-0,008498458;0,015903588;-0,019999917;0,033971555;0,043171084;0,020265065;-0,006587603;0,005173437;-0,02333335;-0,00033282;-0,013366896;-0,006629928;-0,018880503;0,006355867;0,004107144;0,022979606;0,022506698;0,007984067;0,00626322
2024-08-16;-0,001287872;-0,001534952;-0,052651084;-0,017309231;-0,016224452;-0,012532902;0,007815341;0,014192772;0,009557133;-0,043165891;0,039366301;0,001059214;-0,018991913;0,002700156;-0,034327112;0,003083236;0,00653737;0,00639782;-0,010344974;-0,010220345;0,006938817;-0,008366977;0,086734618;-0,036439705;-0,053423546;-0,01527889;-0,011936434;-0,008779769;0,001706437;0,006992836;0,024936075;0,017241318;0,014432995;0,021276617;-0,002667582;0,008133051;0,010436434;-0,029702969;-0,001490835
2024-08-19;0,006878383;0;0,025440303;0,024019252;0,056221853;0,044756386;0,026788737;0,001166207;0,019793348;0,105263358;0,007401082;0,011640276;0,037974629;-0,006582826;0,019644639;0,027664019;0,010175219;0,008264473;0,024971057;0,041303784;0,019051326;0,005988229;0,038732592;0,053936809;0,106518255;0,131885245;0,03489941;0,003359699;-0,009539987;0,016865187;-0,001532486;-0,001093214;0,012872517;-0,002083318;0,016048458;0,00845199;-0,027417753;0,082652952;0,013624182
2024-08-20;-0,002134602;-0,005380509;-0,002671815;0,008600363;-0,002129006;0,003836048;0,004462774;0,031450146;0,004219318;-0,034013105;0;0;-0,005021499;0,00150605;0,016972453;-0,017547394;-0,002785999;-0,001260967;0,0056657;-0,014564704;0,003977749;0,007305048;-0,028926653;-0,002352941;-0,008620708;-0,004112488;0,016861225;0,005479428;-0,027175755;0,0104065;0,005947646;0,002736454;0,004013464;-0,014196259;0,003861058;-0,004571601;0,025487594;-0,029217688;0,002275774
2024-08-21;-0,001283836;0;-0,009376159;0,004651328;-0,001422737;-0,004458418;-0,004442946;-0,005081776;0,006722648;-0,021127012;-0,000432159;-0,001046031;0,004325913;0,010526249;0,002255234;-0,011162969;0,01160545;0,013257522;0,038309893;0,001886909;-0,009508687;-0,004028921;0,016988702;-0,003537736;0,003623234;0,021335215;0,007652996;0,006357839;0,000707179;0;0,002861192;-0,003820837;0,034310449;0,003811951;0,019230733;-0,001913655;0,006025048;-0,014563208;0,002770287
2024-08-22;-0,011139669;0,004636802;-0,029360578;-0,032407531;-0,000711984;-0,007037837;-0,022520931;-0,027241852;0,001669621;-0,043165891;0,006052754;-0,00209414;-0,017229054;0,001785721;-0,027902633;-0,025041131;0,001812575;-0,006230537;-0,008138762;-0,031701288;0,000800005;-0,009169508;-0,040274785;-0,021301846;-0,048375514;-0,012803267;-0,018987306;0,003911044;-0,014134235;-0,003218698;-0,01179162;-0,019725877;-0,015458953;-0,004641369;0,001372171;-0,034509026;0,014411352;-0,046305254;-0,009460371
2024-08-23;0,033795572;0,006153896;0,044179098;0,015948988;0,012116812;0,00902061;0,007497299;0,020420093;0,000833315;0,07518867;0,011173187;0,013641094;0,020452936;0,003268006;0,044907363;0,024210565;-0,004564288;0,003134869;0;0,005834573;0,005995064;-0,007621126;0,00858371;0,073155966;0,033383907;-0,006143316;0,025806466;0,023074405;-0,001433695;0,010332716;0,023287036;0,013974019;0,029113455;0,002543485;-0,016786562;0,010722703;-0,007195439;0,065082642;0,003218098
2024-08-26;0,002933642;0;0,002287025;0,004709583;-0,004929698;-0,00319285;0,003897975;0,014293882;-0,001184725;0,013985429;-0,00467487;-0,012422317;0,005010715;0,001776792;-0,001772269;-0,010482966;-0,015065514;0,001249933;0,007658367;-0,009023414;-0,014302655;0,002194147;-0,00047276;-0,002816805;-0,019823793;-0,00618129;-0,021383631;-0,004100668;-0,004666216;-0,000319662;-0,014669833;-0,009371621;0,004450139;0,003805415;0,011324028;0,004715127;0,005017775;-0,005819693;0,009446345
2024-08-27;-0,009611408;-0,00382263;0,023008163;-0,011718728;-0,009907924;-0,012171749;-0,011295454;0,002818554;-0,018260909;-0,013792535;-0,009820648;-0,010482237;-0,005698;-0,027194851;0,004438396;-0,009140074;-0,008645372;0,001872661;-0,008143181;-0,026016244;-0,005642743;0,001094602;0,014664251;0,036723136;0,008988783;0,009675154;0,001285294;-0,003235318;-0,001803051;-0,003196883;-0,003947225;-0,006677581;-0,007278446;-0,007582067;0,030146452;0,000391202;-0,001479544;-0,005853659;-0,000825486
2024-08-28;0;-0,006139644;-0,015613411;0,003952535;0,012866306;0,016212578;0,006069274;0,008431681;0,023029275;-0,020979173;0,010349277;0,005296639;-0,021489985;0,00395016;0,002651499;0,003983093;-0,006932165;0,00373839;-0,01149423;0,009014853;0,004458884;0,021596661;-0,009324114;-0,037602217;-0,021529332;0,026009572;-0,019255483;-0,000590212;0,011560645;0,010904357;0,001155124;0,014565791;-0,019445377;-0,002546635;-0,007190643;0,008991368;0;-0,01079483;0,004152775
2024-08-29;-0,026160236;-0,00694979;-0,042296042;-0,012598444;-0,004939898;-0,002552352;0,004258305;-0,011148314;0,004329009;0;0,005121542;-0,004215099;-0,016105437;-0,005447961;-0,021154756;-0,011693353;-0,006079722;-0,010552532;0,022702037;-0,036068757;-0,006456947;-0,010971192;-0,017647015;-0,03454118;-0,022003042;-0,022014674;-0,015706738;-0,002952299;-0,006428621;-0,00222069;-0,003461611;-0,00938696;-0,008452409;-0,014893684;-0,001178983;-0,008523856;-0,008518431;-0,007936542;-0,009487127
2024-08-30;-0,011698293;0;-0,033911677;0,011164292;0,002836847;0,000639881;-0,006360447;0,016911;0,002586168;-0,02142883;0,007218533;-0,007407335;-0,005952375;0,037431535;-0,017559589;-0,000422551;0,023108389;0,000627353;-0,009204123;-0,020254037;0,003655497;-0,007034815;-0,009101959;0,014662588;-0,056633049;-0,006821268;-0,003989459;0,008587567;-0,009345706;-0,001589972;0,000193033;-0,004459413;-0,01737719;0,009071261;0,004721646;0,005080138;0,011393337;-0,015000001;-0,000271977
2024-09-02;-0,007891557;0,000777538;-0,020408142;-0,019715998;-0,008486465;-0,002557745;0,010668627;0,002771576;0,005159097;-0,007299326;-0,000421412;0,011727143;-0,018712575;-0,02552065;-0,010082473;-0,000211365;-0,016829105;-0,011285212;0,001092936;-0,013664966;0,00121418;-0,007969875;-0,002900425;-0,020809253;-0,015624991;-0,042582433;-0,033377776;0,021432735;-0,013788091;0;0,007524518;-0,003359541;-0,023690337;-0,031678063;-0,01409859;-0,012441647;-0,033241002;-0,018274112;-0,007521838
2024-09-03;0,007512101;-0,005439039;-0,012291748;-0,022526179;0,014800318;0,010845104;0,009148511;0,023770055;-0,005987969;-0,007352998;0,013918141;0,008429859;0,000762794;0,009632744;-0,018518572;0,00866807;0,005855832;0,022828043;-0,033842817;-0,00355247;0,000808501;0,016213129;-0,013333332;0,017119282;-0,024227243;-0,019368714;-0,013812128;-0,001437327;-0,003679295;0,00191084;0,018958336;0,013483337;0,003075921;0,003094695;-0,037282996;0,012598392;0,008595913;0,018614272;-0,004652507
2024-09-04;0,022368462;0,014843733;0,010757244;0,032921775;0,005629846;0,007618917;0,010808851;0,014038889;0,028399196;0,029629964;0,014975204;0,019853819;0,021341443;0,024746494;0,018396255;0,029553596;0,01186743;0,035957957;0,030508447;0,008199669;0,018578107;0,007031115;0,030221174;0,014509612;0,030821984;0,074615901;0,037815081;0,00287867;0,008124207;0,009853914;0,02443144;0,015520807;0,02112429;0,009255164;0,007780757;0,014385719;0,011174337;0,025380782;0,013084933
2024-09-05;-0,001715908;-0,001539514;-0,008764535;0,003187175;0,006298324;0,008821864;0,008968562;-0,022896714;-0,003347364;0,014388698;0,01885251;0,004098273;0,001492572;0,010765341;0,005558045;-0,01669389;-0,006860068;0,005385872;0,008771918;0,011315455;-0,004757896;0,006444658;0,013355465;0,031464634;0,021594643;-0,007488011;-0,028340041;0,004879363;0,022344314;-0,005665758;0,011190741;0,016921338;-0,006339586;0,018340492;0,007194206;0,015714713;0,011238061;-0,008910891;0,002872655
2024-09-06;-0,009024538;0,001541888;-0,003368457;-0,028594167;-0,01460372;-0,019363253;-0,016410197;0,02997271;-0,005877261;-0,0141846;-0,002413642;-0,015306206;-0,039493273;-0,002590742;-0,007369798;-0,004140834;0,002228435;-0,004166607;-0,012500018;-0,009790233;-0,009960219;-0,014140716;-0,011061444;-0,017193599;-0,040650323;-0,006858772;-0,027777793;-0,013424653;-0,016840004;-0,010446342;-0,002903018;-0,011808829;-0,014103496;-0,012864489;-0,01254355;-0,02226412;-0,020559351;-0,039960108;-0,014138987
2024-09-09;-0,004770021;0,009237908;-0,017744012;0,005723847;0,00282275;0,00318502;0,012513079;-0,04179889;0,000844616;-0,014388698;0,00604823;0,001036387;-0,010085346;-0,005194764;-0,002320217;-0,002494812;-0,010004547;-0,005977294;0,018162026;-0,003177979;0;0,009742617;-0,011185069;-0,008464979;-0,023728862;-0,008977851;0;-0,00636935;0,000364598;0,000959699;-0,014010134;-0,01520924;-0,005108918;0,033449219;0;0,005403377;-0,008131574;0;0,001226109
2024-09-10;0;0,009916143;0,023440934;0,011381882;0,002815041;0,003174555;-0,014761307;-0,027609055;-0,005063316;-0,021897978;0,017635397;0,006211214;-0,02115991;-0,006382423;-0,000930185;-0,002709276;-0,000898277;-0,009621179;-0,00054067;0,002833819;-0,00523142;0;0,010830197;0,006260639;-0,016493045;0,007665504;0,007142844;0,005536109;-0,011293266;-0,001917558;0,003321716;0,004964296;0,004450564;-0,039091924;-0,011997156;-0,0076776;0,008388881;0,010405792;-0,003094918
2024-09-11;0,001307047;-0,015105739;0,013238009;-0,024919532;-0,015438439;-0,011392527;0,000348296;0,026121469;-0,002544491;0,067164811;-0,020086816;-0,007201796;0,038430785;-0,005255493;0,002327779;-0,005015693;-0,005843986;0,00728605;0,004326602;0,033203813;0,0012136;0,001876304;0,008571546;0,026583614;-0,005295686;-0,008298768;-0,001418451;-0,003767113;-0,005895444;-0,008965795;0,00496585;0,00878152;0,001363177;0,003936923;0,028392893;-0,003094924;0,011533357;0,080329563;0,002657832
2024-09-12;-0,008268009;-0,009969292;-0,013894704;-0,006595229;-0,006415041;-0,004481494;-0,01028613;-0,004980639;-0,005102168;-0,020979173;0,004019446;-0,003108826;-0,010023139;-0,007631274;0;0,000209937;-0,007461084;0,000602773;0,001615459;-0,030085271;-0,00161626;-0,010968521;-0,002596985;0,012672147;-0,008873133;0,005578835;-0,008522655;0,009598427;-0,001111993;-0,009693046;-0,000731903;-0,009793241;-0,000680694;-0,005664519;0,009029334;-0,003104355;-0,003551342;-0,007626245;-0,004811512
2024-09-13;0,002193896;-0,013942729;0,016614152;0,006639015;0,000717411;0;0,006730359;0,077864274;0,005983055;0,049999669;0,018414784;0,017671616;0,015576309;0,005619577;0,034835089;0,014489791;0,00501149;0,004216872;0,010752647;0,025026331;-0,000404608;0,001081829;0,046154031;0,030468031;0,038496005;0;-0,010028662;0,005762255;-0,009276478;0,003915267;0,004578901;0,010989146;0,027929142;-0,000876528;0,006711401;-0,015959309;0,005814954;0,048030673;0,006364294
2024-09-16;0,016199882;0,010212147;-0,012825811;0,002473169;-0,005017717;-0,007716911;0,005277819;-0,006707903;-0,002548916;-0,013605547;0,026729503;-0,010214451;0,006901852;0,007647045;0,009874307;0,000206895;0,003399745;-0,004799046;-0,017021147;-0,0006878;0,002024304;-0,000269943;-0,009276001;0,022175231;0,007758592;0,001386913;-0,015918941;0,000859176;0,011236094;-0,004549985;0,017319747;0,014130461;0,002650797;0,01184222;0;-0,021360845;-0,011562822;0,002749771;0,001749677
2024-09-17;-0,00990975;0,007776049;-0,012154285;0,008223781;-0,007204719;-0,006480711;-0,006300262;-0,01870133;-0,001703518;0,02758652;-0,006891387;0;0,020563557;-0,007005219;-0,003111096;0,000827786;-0,002710594;-0,001808386;0,002164362;0,007570582;-0,004040428;-0,002432534;0,011418166;-0,014979489;0,016253108;0,018005517;0,02205878;-0,006296312;0,001111095;0,000979368;-0,002508964;-0,001071896;-0,009253165;0,001300362;-0,004786365;0,00808395;0,006037706;0,016453383;-0,001169348
2024-09-18;0,006962858;0,001543077;0,013364562;-0,010603646;-0,011611206;-0,005871157;-0,004931248;0,047644339;-0,000853365;-0,033557488;0,000906631;0,001031886;-0,022388003;-0,007936536;-0,004012519;-0,003515183;-0,011098508;0,003019393;-0,005399548;-0,010928998;0,000811453;-0,005689502;0,01196654;-0,003670537;-0,030302921;-0,054421729;-0,037410085;0,031106034;0,012578681;-0,008480019;0,002694916;0,006437859;-0,011674433;-0,03116889;-0,01167974;-0,011226792;0,005251192;-0,026978419;-0,008980439
2024-09-19;-0,01037155;-0,002311133;-0,030772595;-0,010717121;-0,01027924;-0,013779422;-0,012035394;-0,034866119;-0,008539617;-0,020832623;-0,019133072;-0,014432959;-0,008396993;-0,008296244;-0,022829049;-0,019298613;-0,004580818;-0,004214334;0,001628725;-0,023480679;-0,004458973;-0,002724917;-0,011379042;-0,00736824;-0,031250065;0,043165454;0;-0,005586811;0,001461457;-0,007236817;-0,010929924;-0,014392392;0,005400004;-0,011617393;0,011991584;-0,006488362;-0,00634315;-0,025877973;-0,004672967
2024-09-20;-0,024017782;-0,014671797;-0,035637032;-0,033333466;-0,017061957;-0,018629214;-0,014690186;-0,020942388;-0,003445391;-0,063829654;-0,009156084;-0,016736381;-0,033102337;-0,002688985;-0,050389375;-0,037240778;0,005752423;-0,005441295;-0,021680243;-0,034299811;-0,004885934;-0,010928829;-0,029564275;-0,043478502;-0,072580661;-0,016551673;-0,023916262;-0,000842763;-0,016052716;-0,021537293;0,001449181;0,012980051;-0,028197458;-0,034810168;-0,015112547;0,011428602;-0,013894046;-0,057874732;-0,015459387
2024-09-23;-0,007606115;-0,0007838;0,012317987;-0,034482638;-0,024150972;-0,025762934;-0,003636283;0,002673756;-0,0034572;-0,022727647;-0,013660265;-0,015957306;-0,024681561;-0,001198368;-0,026049126;-0,003736236;-0,005719522;-0,02127662;-0,017174472;-0,007689547;-0,002455007;-0,005844763;-0,006744291;-0,018292527;-0,031883976;-0,013324016;0,003062811;0,007028567;-0,004449249;-0,021673009;-0,006331263;0;-0,012089793;-0,011241271;0,00313866;-0,040355152;0,034272585;-0,05337365;-0,003792012
2024-09-24;0,003155847;0,000784415;-0,00862824;0,004464247;-0,004640355;-0,001391752;-0,000729896;0,02506663;-0,003061747;0,023256206;-0,011812445;0,001080971;0,038367369;-0,002999328;0,012877646;0,004632636;0,003221375;-0,000621119;0,041713686;-0,003592098;-0,000410355;-0,000279992;0,008663068;0,053641849;0,016965947;-0,01208245;0,018320529;0,00279152;-0,011173321;0,005538209;0,006371604;0,009886327;0,014335726;0,018948424;0,048844132;0,02781876;0,019698134;0,021276633;0,012162245
2024-09-25;-0,014381918;-0,006269558;-0,041731861;-0,032663364;0,001554025;0,006271961;-0,002921867;0,044224787;0,000882436;-0,053030893;-0,010305047;-0,015118873;-0,017295618;-0,000902592;0;-0,004172214;-0,013761497;-0,013673173;-0,011363614;-0,028347546;-0,000820596;0,012601543;-0,027854989;-0,022780422;-0,018645619;0,020863248;-0,017990926;-0,000835136;-0,013182534;0,001032783;0,003979873;-0,002660939;-0,01309902;-0,028823899;0,00447466;-0,007851146;0,00523569;-0,05625;-0,004313085
2024-09-26;0,003192022;0,012618227;-0,012109877;0,005560655;0,020946397;0,025623014;0,006593427;0,02092676;0,010582068;0,071999884;-0,009579377;0,013157968;0,036800003;0,006323357;0,020537905;0,005292293;0,001395292;-0,016383064;0,038861391;0,008061429;-0,000821179;0,012721374;0,007702873;-0,003873797;-0,020000042;-0,018322661;0,004580114;0,01114525;0,002671896;-0,005845979;-0,00792797;-0,003735395;-0,019210591;0,016754505;0,060055947;0,003748408;0,006645086;0,028697495;0,01082182
2024-09-27;-0,005909137;0,006230496;0,010608223;-0,011059995;0,00607895;0,00877796;-0,008369665;-0,008784788;-0,012216419;-0,007462745;-0,046677913;-0,016233739;0,014660461;0,010173565;-0,008145713;-0,006580565;-0,003251234;-0,001281232;0,00105378;0,016755568;-0,004521285;0,003822725;-0,010287068;-0,009444495;0,020408207;-0,006460925;-0,01367792;0,004408961;-0,021697894;-0,007955701;0,009807539;0,002142362;0,007122497;0,004708161;-0,00451354;-0,019916946;-0,00035694;-0,005364733;-0,002105105
2024-09-30;-0,000914693;0,012383917;-0,016328497;-0,001863854;-0,011329183;-0,01606428;-0,002568849;-0,018709954;0,007066968;-0,03759365;0,016321141;0,01100116;-0,005323171;0,005035583;-0,008695522;-0,011039791;-0,010950582;-0,010263001;0,005263245;-0,017603087;0,003302984;-0,017682188;-0,008943448;0,012899489;-0,029999958;-0,014450836;-0,023112363;0,01164867;-0,008171165;-0,01011164;0,003956818;0,00106895;0,009900948;-0,006091977;-0,007035628;-0,009314225;-0,028054669;-0,008630027;-0,00688616
2024-10-01;0,000457915;0,039755383;-0,009722536;0;0,005388858;0,012930691;-0,00367917;0,005519348;0,001754447;0;0,00477426;0,002650688;0,017584136;-0,002063058;0,004385793;-0,005358359;0,00494693;-0,018794579;0,001570632;0,014487341;-0,001645919;-0,016411903;0,002438855;-0,010520441;0,002061753;0,008064515;0,014195541;-0,003565548;0,031777175;0,005988138;-0,004478603;-0,006940699;0,003501396;0,008958012;0,004881152;-0,005128164;0,02739466;-0,01632209;0,00515112
2024-10-02;0,016010621;0,008823481;0,01364945;0,021475238;0,032188195;0,036055835;0,002584746;0,011976036;-0,001751375;-0,007812669;0,012527076;0,003311188;0,016528874;0,002658013;0,045123784;0,004489185;-0,001875239;0,00462352;0,012545882;0,004133718;0,00700728;0,00619715;0,01678849;0,02686071;0,013374461;0,003636356;0,004665667;0,023672006;0;0,018907455;0,009357664;0,008064481;0,027564772;0,004205713;0,005484151;0,00472508;-0,009484489;0,01991162;0,007698404
2024-10-03;-0,0013504;-0,023323646;-0,042286837;-0,020109664;-0,009715904;-0,010526613;-0,009207938;-0,022682494;-0,014034857;-0,031496196;-0,009812412;-0,018701862;-0,032520295;-0,004123685;-0,016248762;-0,013854786;-0,015500208;-0,003944778;-0,026845676;-0,008982012;-0,014326645;-0,024636068;-0,030868878;-0,02125339;-0,012182662;-0,012318846;-0,010835923;-0,005377714;-0,024334575;-0,023024054;-0,024960062;-0,036266776;-0,045161391;-0,017682687;-0,019167937;-0,018811532;-0,013550193;0,016268867;-0,013803692
2024-10-04;0,014427502;-0,008955176;0,024420266;0,002798436;0,003018642;0,001329998;-0,001486925;0,017154397;-0,007117476;0,024390436;-0,016372122;0,008968696;0,012223059;0,005915329;0,002359534;0,002719352;0,000476966;0;0,017506626;0,012084456;0,002076516;0,002009112;0,034568049;0,008351979;-0,006166508;-0,012472493;-0,001564958;0,013787406;-0,005940509;0,007738354;-0,001279943;-0,01770872;-0,004623079;0,003315959;-0,007308481;0,006100301;-0,001831505;0,085378909;0,000911355
2024-10-07;0,01005634;-0,008283148;-0,01516958;-0,018604706;0,000752451;0,009296239;0,004839857;-0,00545638;0,00268816;0;0,000438058;0,005555477;-0,015094325;-0,000294012;0,004708163;-0,009717492;0,002622915;-0,005940529;0,012513069;0,020522448;0,002072213;0,006588163;-0,011455799;-0,022639498;-0,016546053;-0,000742957;-0,021943594;-0,007999888;-0,010638409;0,002094254;-0,014280481;-0,014647868;0,000714568;-0,006609901;0,008802871;0,004330812;-0,020183445;-0,001966705;0,001714823
2024-10-08;-0,001767639;-0,006833696;0,022738426;0,014218123;0,005263199;0,001315926;-0,000370492;-0,033416464;-0,002680953;0,126984657;-0,00087564;0,014364648;-0,019157088;0,001176515;0,022492935;0,004107677;-0,006896565;0,00597603;-0,017507737;0,007312683;-0,005376649;0,005976309;0,034765667;0,016949198;0,006309162;0,000743509;-0,014423034;0,00376341;-0,006770155;-0,001044939;0,005386392;0,001715271;0,010353416;-0,002851849;-0,030303114;0,00388105;0,017041279;0,053201978;-0,003832811
2024-10-09;-0,025675148;0;-0,01147514;-0,001869174;-0,023186006;-0,019711218;-0,020385439;-0,036635661;-0,010752746;-0,063380936;-0,022787051;-0,007625303;-0,028125047;-0,034077574;-0,005041335;-0,011818193;-0,018199291;-0,013201336;0,001572278;-0,024319426;-0,01122659;-0,018387415;-0,032197794;-0,020000066;-0,034482777;-0,03417536;-0,035772401;-0,011783692;0,000801975;-0,009414285;-0,004433863;-0,012557304;-0,003533564;-0,013822527;-0,002617792;-0,018470706;-0,005708182;-0,064546216;-0,011785997
2024-10-10;0,007269433;0,002293545;0;0,006554265;0,008422728;0,005362046;-0,008702171;0,011783573;0,007246416;-0,007518013;-0,002242251;0,002195382;0,003215431;-0,006995117;0,003224405;0,000690158;-0,001707294;-0,012708973;0,002093009;-0,007440392;0,053406463;0,005475491;-0,008678994;0,026077117;-0,003246817;0,010769276;-0,021922354;-0,001625971;-0,014823679;0,006687904;-0,001669874;-0,005780109;-0,005673764;0,010633096;0,004757278;-0,003938897;0,003333459;0,006999966;0,003008572
2024-10-11;-0,002255175;-0,017543827;0,010882728;-0,005581533;-0,013667778;-0,013333327;0,004961697;0,000529393;-0,008992801;0,007574962;-0,01528089;-0,014238665;-0,030448652;-0,003981616;-0,0174473;-0,002758101;-0,008306853;0,003387538;-0,03759781;-0,002248889;-0,013573023;-0,007452122;0,011186917;0,033701509;0,026058802;-0,03348562;-0,044827601;-0,015743809;-0,008540182;-0,00069938;-0,021004027;-0,012790735;-0,001426587;-0,003347676;0,014367334;0,004833134;-0,000184622;0,024826184;-0,002769403
2024-10-14;0,009041677;0,003105573;0,005741637;0,017773858;0,013857175;0,014864777;0,007216108;-0,0042328;0,00816704;0,015037713;0,001369163;0,008888739;0,011570197;0,004612436;0,012616936;0,014288939;0,003941814;-0,00067522;0,00162762;0,019158446;0,005261149;0,006353057;0,0211639;0,010689623;0,037036947;0,037007919;0,001805068;0,00965249;0,012715313;0,011546534;0,009872897;-0,004711504;0,009642942;0,006237937;-0,003219064;0,00131185;0,016060569;0,016472903;0,007792787
2024-10-15;0,007616394;-0,003095959;-0,000237903;-0,003676592;0,002277671;0,008655368;-0,001885445;-0,010626932;-0,001800242;0;0,006836841;-0,00660779;-0,009803912;0,003061028;0,015228396;-0,000454427;0,010061385;0,017567588;-0,006500451;0,00036861;-0,009259226;0,011477602;0,003768302;0,002115216;-0,010203997;0,01670463;-0,007207175;0,009287203;0,006885403;0,001037784;-0,000751778;0,022485209;-0,003891059;-0,01573673;-0,012271932;0,016157139;0,027071214;-0,022878934;0,000290065
2024-10-16;0,001778546;0,004658318;-0,015940956;0,012915047;0,002272661;-0,003300238;0,010955799;-0,001074138;0,005410256;0,029629964;-0,004074212;0,001108468;-0,004950451;0,003051498;0,018181774;0,007274443;0,008503426;0,012616144;-0,0043621;-0,014001506;0,005282348;-0,005957587;0,012435397;-0,008443367;0,010309192;0;-0,003629882;0,007307137;0,029364502;0,003455447;0,021636757;0,021412037;0,015624963;0,024224727;0,019127071;-0,007305517;0,011675179;0,032195124;0,005395176
2024-10-17;-0,002663083;-0,006182264;-0,008704181;-0,023679241;0,004535099;0,006622331;-0,001494782;-0,017741931;-0,004484356;-0,014388698;0,004090879;-0,014396348;-0,014096192;-0,004867657;-0,022321447;-0,013315236;-0,005540837;-0,022295109;-0,003833323;-0,030642752;-0,012126096;0,001997859;-0,011587256;-0,004257572;-0,023469385;0,025392096;-0,007285943;-0,005910898;-0,009769424;-0,005165396;0,003683268;-0,005665614;-0,008041919;-0,013718009;-0,025344964;-0,019913519;-0,016961028;-0,035916761;-0,007263757
2024-10-18;-0,004005484;0,00155516;-0,014877904;-0,006529996;0,003762422;0,00789469;-0,001122629;-0,007115548;-0,005405382;-0,014598652;0,00181093;0;-0,006728337;-0,003362919;-0,010958838;-0,00388856;0,002664712;0,000670765;0,011544669;-0,010408578;0,000818245;0,004842046;-0,009378881;-0,016568617;-0,017763829;0,059723219;0,031192637;-0,002432308;-0,007103521;0,005352323;0,00568794;0,00512803;0,005992195;-0,002398164;-0,003456178;-0,001325078;-0,017787223;0,003921535;-0,002247827
2024-10-21;0,006702525;-0,003881987;0,012379288;0,018779494;-0,002248893;-0,002610951;-0,002622748;-0,001653737;0,007246416;0,022222499;0,011748626;0,0078652;-0,006773994;0,003067601;-0,006463496;0,005051702;0,001449566;0,002680895;-0,003260879;0,019088395;0,003679589;-0,005101988;0,006390762;0,002717461;0,028723409;0,011683854;0;-0,003522077;0,007154342;-0,005237272;-0,006567981;-0,0130384;0,010161218;0,003846206;-0,003633268;0,003538162;-0,003259665;0,02539066;-0,001049816
2024-10-22;-0,020230722;-0,00077944;-0,016140894;-0,022119805;-0,005259244;-0,006544535;-0,012021065;-0,01711769;-0,005395765;-0,014492964;-0,003572861;-0,01114835;-0,003410057;0,000917371;-0,005576325;-0,007996281;-0,010373845;0,010695127;-0,009269365;0,074541292;-0,002036672;0,001709289;0,000705414;-0,015718064;-0,038262695;-0,021059753;-0,014234813;0,014137988;-0,003157182;-0,010530137;-0,015427319;-0,011487621;0,00069368;-0,026819885;0,001325927;-0,020273253;0,016533509;-0,012381018;-0,004917077
2024-10-23;0;-0,005460252;0,004225781;0,000942609;-0,003021171;-0,003952546;0,001140714;-0,005617892;0;0,044118194;-0,00134471;-0,006764291;0,003421725;0,00244427;-0,004672861;-0,013127563;-0,002437922;-0,001322681;-0,011557378;-0,028103836;-0,004081567;0,006256935;-0,004230372;-0,011013308;-0,016129011;0,006245634;0,003610048;0,014209187;-0,024148775;0,012415876;0,001119295;0,001162054;-0,006239132;-0,003444877;-0,017546715;-0,00179922;0,004468174;0,040501549;-0,00376192
2024-10-24;0,005459894;0,00627456;0,02698028;0,015065746;0,004545323;0,00198426;0,001139415;-0,016949216;0,014466838;0,042253134;0,010772163;-0,007945608;0,007672648;0,007010041;0,016431949;0,012135367;0,008308884;0,00264901;-0,002227366;0,015373292;0,00819659;0,009044817;0,026669822;0,048440946;0,036065479;-0,005517199;-0,001798487;0,015067595;0,014198694;0,003153284;0,001863406;0,001741154;-0,001395239;0,008888905;0,005897122;-0,000901334;0,001245618;0,02224272;0,00645346
2024-10-25;-0,009049985;-0,006235436;-0,02313835;-0,006493465;-0,011311973;-0,014521581;0,000379425;-0,004022971;-0,006239075;-0,033783471;0,001331796;-0,004576583;-0,00592214;-0,009987929;-0,023094707;-0,007608897;-0,011148821;-0,007265531;0,003906394;-0,055515508;-0,006910611;-0,011204607;-0,031494144;-0,019118311;-0,036919638;0,002080408;-0,010810896;-0,001562784;-0,022399958;-0,002444968;-0,006323335;-0,017960527;0,008382858;-0,016152678;0,034003344;-0,011727601;-0,014217262;-0,03173158;-0,001337772
2024-10-28;0,010958887;0,010980459;0,007402044;0,016806761;0,016781042;0,018084433;-0,00189617;0,035199112;0,012555964;0,013985429;0,005765277;0,002298903;0,027234017;0,006725838;0,002836837;-0,003485222;0,002941197;0,007984042;0,016120207;-0,087022944;0,001637431;0,012181482;0,005934042;0,002165667;0,037239601;0,021453333;0,023679427;0,007042331;-0,000818382;0,010854424;0,008048057;0,014159202;0,013855193;0,04129341;0,018629592;0,019169382;0,014241906;0,014044846;0,01016221
2024-10-29;-0,004968262;0,006982056;-0,016409462;-0,005509778;-0,013503644;-0,014473886;-0,005699079;-0,003344558;0,007086164;-0,020689044;0,00925894;0,005733864;0,001657039;-0,011539691;0,000943005;-0,007227758;0,000733248;-0,023762405;0,010940763;0,007107138;-0,00735599;-0,010635436;-0,00542711;-0,000540447;-0,025343136;0,029810217;0,030249176;-0,003108025;-0,018017914;-0,051264345;-0,036205195;-0,049447371;-0,002391551;0,007644633;-0,003498777;-0,005821886;0,012086804;-0,021237146;-0,003681038
2024-10-30;0,004539224;-0,003851998;0,013446132;-0,004616749;0,003042184;0,003337911;0,007642406;-0,011185619;0,000879331;0,028168526;0,00043691;-0,001140247;-0,004962814;0,005837236;0,030146109;0,009628819;0,007325918;0,007437467;-0,003246873;0,000415041;0,005763633;-0,002828833;0,01138795;0,006486591;0,040086706;0,013815848;0,029360944;0,006755103;0,025854905;0,020445486;0,014833546;0,017747911;0,010273891;-0,012802398;-0,003032154;0,00495495;-0,051633369;0,023584871;-0,000696091
2024-10-31;-0,000451988;-0,022428443;0,013267837;-0,014842138;-0,034116928;-0,043912208;-0,001516967;-0,006787378;-0,000878559;-0,034246166;0,006550231;-0,005707803;-0,017456363;0,000916314;-0,005944356;0,003721881;0,005333371;-0,005369061;-0,006514567;-0,082987474;-0,005730604;-0,006524759;-0,014309308;-0,002685108;-0,014583257;0,018169951;-0,026845603;-0,01548387;-0,010569114;-0,026833728;-0,000759448;-0,00300669;0,011525528;0,003362147;-0,006563185;0;0,002037093;-0,022119911;-0,007088236
2024-11-01;-0,025316254;-0,007911392;-0,030067984;-0,018832538;-0,017268406;-0,018093144;-0,009115001;-0,018223218;-0,000879745;-0,035461449;0,010412314;-0,02181393;-0,027072733;-0,010680621;-0,020239152;-0,028968782;-0,008680965;-0,039136348;-0,00546446;0,028054214;-0,007822106;-0,005495497;-0,02998572;-0,024771212;-0,06342497;-0,020395141;-0,006896521;-0,003931793;-0,001643488;-0,014705776;-0,004749157;-0,003618762;0,037198351;-0,018669123;-0,000483397;-0,008516259;0,010903681;-0,04429777;-0,012273249
2024-11-04;0,032467343;0,010366877;0,035750139;0,042226436;-0,001819574;0,00134671;0,005749241;-0,010440853;0,022887501;0,110294558;-0,004723192;0,015258161;0,050434776;0,014805792;0,030516447;0,030071663;0,01532474;0,02176969;0,001648077;-0,019806319;0,02074683;0,01350217;0,040235544;0,039204786;0,103837456;0,034482729;0,029513779;-0,010526388;0,036214111;0,001119337;0,019087592;0,016343807;0,072051697;0,032682908;0,010317554;0,022604035;0,027239557;0,066074917;0,018685461
2024-11-05;0,005390633;0,000789283;-0,002413748;0,010128901;-0,002403811;-0,012757042;0,000381081;0,024618997;-0,002581845;0;0;-0,011560653;-0,000827834;-0,00091192;0,01002276;-0,003012051;0,00095832;-0,001374647;-0,001096799;0,001347065;0,002845635;0,030044995;-0,001650916;-0,006376176;0,020449835;-0,002515704;-0,021922354;0,013297797;0,030579823;0,001490992;-0,006930334;-0,039309163;0,037372024;0,000472324;-0,008776113;0,008399545;-0,003203537;-0,008325625;0,001118645
2024-11-06;-0,010723653;-0,014195632;-0,007984633;-0,029170514;-0,013654445;-0,008614408;0,001904759;-0,005720846;-0,013805079;0,013245037;0,005176959;-0,00701758;0,004971037;-0,009431042;-0,01262962;-0,012781874;-0,029200639;-0,007570403;0,096101001;-0,009416958;-0,006080385;-0,004677867;0,007559748;0;-0,025049999;0,013240843;0,017241346;0,009448885;-0,016955738;0,008559572;-0,002074525;-0,000619827;-0,012202212;0,0203022;-0,011268537;0,021043432;0,001428434;0,016791045;-0,002449086
2024-11-07;-0,005420143;0,004;-0,015365779;0,005633943;-0,008957729;-0,010861596;-0,004182409;-0,058688067;-0,005249116;-0,07189531;-0,008154485;-0,004711346;-0,006595212;-0,006449717;-0,006852538;-0,009651487;-0,003698215;0,000693406;0,027054288;-0,025803449;-0,008972322;-0,014653064;-0,014068273;-0,033155255;-0,035971138;-0,02800243;-0,055932146;-0,002600067;0,004312068;-0,003320917;0,008126997;-0,002481466;-0,084411892;-0,036557208;0,034842089;-0,037784315;-0,005705155;-0,048623887;-0,005055969
2024-11-08;-0,013169908;-0,017529913;-0,002972404;-0,037348192;-0,010682267;-0,010981106;-0,007636649;-0,037286099;-0,007036303;-0,042254023;0,006490708;-0,008283994;-0,031535279;0,000618261;-0,011039493;-0,019491309;-0,003464513;-0,057518976;-0,001951489;-0,026486998;0,002880586;-0,015712908;-0,027348217;-0,061393741;0,023453983;-0,033290609;-0,032316056;0,005735016;-0,006635386;-0,012217766;-0,025121718;-0,010572102;-0,008673256;-0,013928752;-0,04609813;0,001784768;-0,012192927;-0,013500516;-0,014281088
2024-11-11;0,000920815;0,014598592;0,004472057;-0,014549095;-0,004152702;-0,003700902;0,000769574;0;0,019486326;0,088235461;0,042132328;0,003579813;-0,003427589;-0,001853511;0,014418522;-0,000727248;-0,021604145;0,026470457;-0,000488677;0,000954495;0,006565671;0,001140553;0,040831272;-0,01355334;-0,02083327;0,019867432;0,005565907;-0,000259176;0,000392952;-0,01161904;0,019230668;0,043997475;-0,027867763;-0,001461347;-0,032657126;0,004008877;0,007260858;0,058651032;0,000344207
2024-11-12;-0,006896688;0,005595472;-0,008162375;0,014763897;-0,006672067;-0,00520072;-0,002306626;-0,028571416;-0,013032191;-0,054053895;-0,013613817;-0,009512389;-0,02321586;0,00618995;-0,005501981;-0,025715678;-0,001776626;-0,005014255;-0,037652705;-0,012398673;-0,017529571;-0,011958883;0,067888149;-0,001194569;-0,0180852;0,020129915;0,022140215;0,016593214;-0,009426588;-0,008722271;-0,014150851;-0,004214274;-0,000666692;-0,003414629;-0,022676863;-0,004880207;-0,001261629;-0,034164234;-0,001376355
2024-11-13;0,011110693;0,011923688;0,026932718;-0,007759615;0,004197936;0,006721504;0;-0,003267986;0,011443751;0,00714301;-0,013383528;0,002401015;0,006162029;-0,002460685;0,00829883;0,024402465;-0,002542606;0,00215983;0,005589429;-0,001931412;0,002074884;-0,005187249;-0,00615916;-0,008373282;0,003250334;-0,006365359;0,001805068;-0,011221598;0,019428886;-0,005355571;-0,003636492;-0,010278076;-0,010006657;0,006852658;-0,002791337;-0,004904141;-0,012991606;-0,002868168;0,000281915
2024-11-14;0,005036805;-0,007069896;0,022583819;0,003910198;0,005016832;0,003709219;-0,022350909;-0,016393443;0,052219296;-0,042553699;0,044510378;0,022754408;-0,011373588;-0,002158482;-0,030635638;0,016528803;0,004843302;-0,010775875;0,012127268;-0,003386488;0,002070223;-0,002897275;-0,009960243;-0,005428228;-0,028077701;0,082639284;0,02882879;-0,004900758;-0,010890683;-0,012307731;-0,008835959;0,006719493;0,010781682;-0,062226467;-0,005598378;-0,00492831;-0,006398511;-0,018216651;0,000454069
2024-11-18;-0,013211613;-0,017405181;-0,007361719;-0,026290176;0,0091514;0,014042897;0,013401816;-0,023333359;-0,041356474;0,01481493;-0,000405879;-0,00936771;-0,022123893;-0,003090352;-0,022641576;-0,020803496;-0,008117763;-0,016702997;-0,004493324;0,00533972;-0,005372115;-0,00348625;-0,030851811;-0,011522221;0,025555435;-0,008283993;-0,024518324;0,004924893;0,010224232;-0,012071659;-0,000193696;0;-0,00566675;-0,043027564;0,012491176;-0,018460141;-0,00643979;-0,012695381;-0,000187805
2024-11-19;0,005400234;0,000805257;-0,014832529;0,001999915;0,003297711;0,00728867;0,005445359;-0,005460746;0,031061225;0;0,016646431;0,021276645;-0,004524904;0,007439644;0,007722031;0,024664275;0,003324795;0,022895153;-0,000509174;-0,01013994;-0,002077288;0,009037994;0,012456815;0,015951049;0,016251559;0,017899723;0,00538595;0,003868808;0,003503215;-0,000394199;0,010467124;-0,007281508;0,020449263;-0,005417078;0,002258903;0;0,002407569;0,003956445;0,003357648
2024-11-21;-0,02767532;-0,003218004;-0,033268602;-0,019960037;-0,007395395;-0,003618123;-0,022824044;-0,015099473;-0,03012549;-0,036495812;-0,005990426;-0,033564755;-0,046363657;-0,00092308;-0,022509517;-0,022878912;-0,02651029;-0,027436935;0,004075368;-0,021951197;0,001665564;-0,017335988;-0,007974538;-0,053140211;-0,025586516;0,028136101;-0,001785728;-0,012075951;-0,015903707;-0,001577334;-0,030308951;-0,02995112;-0,017082788;-0,018518426;-0,001040209;-0,013761358;-0,007389853;-0,013792935;-0,009945631
2024-11-22;0,017552151;0,02340604;0,025872872;0,020366554;0,004966996;0,002178804;0,013460011;0,059930288;0,009491068;0,053029937;0,013258208;0,001197411;0,06101052;0,015706798;0,033316993;0,023658618;0,010473869;0,008166306;0,004058928;0,006483743;0,012884166;0,002940133;0,015158578;0,029974603;0,03063464;0,037628271;0,008944527;0,002600853;0,025620831;0,036334908;0,008902183;0,021423994;-0,003342241;0,016648043;0,009718929;0,015348712;0,005211446;0,01398584;0,017364996
2024-11-25;0,000932486;-0,011041076;0,020568109;0,011976042;-0,01482716;-0,014492912;0,005859366;0,014464186;0,005982812;0,035970684;0,006344217;0,022727383;0,009883168;0,005154678;0;-0,004527214;0,021767376;0,023564176;0,026275875;0,004460041;-0,002051535;-0,000293063;-0,015158521;0,003715053;0,062632662;0,008791202;0,017730463;0,001296781;-0,028439665;0,007622098;0,000784384;0,006169118;-0,00167679;0,015829736;-0,000172053;-0,001374245;-0,034438062;0,031527234;-0,000696994
2024-11-26;0,012109723;0,005582;0,018713943;0,003944805;0,00752534;0,006617475;0,01596184;-0,021386903;0,022939576;0,020833597;0,001576097;0,052631637;-0,020462593;0,016591227;0,023233752;0,019148029;-0,017245799;0,010071954;-0,017725191;0,002959853;0,018503311;0,019061526;0,012635177;0,049969239;0,062937145;-0,003268039;-0,005226437;0,008549366;0,01740496;0,004916638;0,01645762;0,000613191;0,019146924;-0,001612114;-0,012721153;0,011467867;0,012080486;0,009551065;0,006866301
2024-11-27;-0,03175307;-0,004757976;-0,072067763;-0,041257397;-0,032365299;-0,02702696;-0,017530171;-0,023178833;-0,014119508;-0,054421521;0,008654436;-0,027777794;-0,023614916;-0,023738854;-0,067655186;-0,020197335;-0,018064421;-0,032051319;0,009022421;-0,016724017;-0,024222819;-0,024460315;-0,057395684;-0,051703925;-0,09398496;0,024590233;-0,010507878;-0,020035833;-0,031492944;-0,033496326;-0,019468119;-0,007965777;-0,052076558;-0,029063451;0,012188701;-0,029024985;-0,012694215;-0,051087987;-0,017341174
2024-11-28;-0,055608523;-0,011952276;-0,094923831;-0,062499981;-0,036878392;-0,042041922;-0,029341658;-0,026440701;-0,033698382;-0,071942479;-0,021060688;-0,016000063;-0,100465109;0,011246156;-0,081014017;-0,027085282;-0,013140695;-0,022810918;0,005961362;-0,01700857;-0,016549359;-0,035988344;-0,061371991;-0,101610889;-0,06742747;-0,020266658;-0,037168175;-0,016251696;-0,015255066;-0,03037395;-0,030076407;-0,039530554;-0,042767647;-0,052660824;-0,010321714;-0,04904243;0,015352165;-0,063808542;-0,023960398
2024-11-29;-0,009058952;0,026612955;0,028883815;0,012021733;-0,008904654;-0,010188128;0,011846287;0,04456827;0,03748897;0;0,011155332;0,013937171;0,053774509;-0,019537148;-0,00486754;-0,009361817;0,011984067;-0,007530047;0,002469181;-0,006615518;0,016407055;-0,002447939;-0,0364101;0,038620733;0,004449514;0,021774645;0,075367614;0,008260032;-0,019975401;0,001205004;0,003648064;0,018649501;-0,002542777;0,049736688;0,021727803;0,013261412;0,019466906;-0,014909515;0,00849049
2024-12-02;-0,012188731;0,040848421;0,004633501;0,011879145;-0,013476989;-0,02137755;-0,00807432;0,021333313;-0,021008247;-0,031007985;-0,007486191;-0,012600125;-0,019627067;-0,012262312;-0,006521642;-0,019149603;-0,016842147;0,004552357;0,008866862;0,008196521;-0,008692015;-0,014190287;-0,025545504;-0,004648193;0,018826;0,007458623;0,027350562;0,001321446;0,000831999;-0,009225915;0,000605745;-0,013257545;-0,021485611;-0,010033347;0,002381782;-0,008240506;-0,001668396;-0,028108147;-0,003437629
2024-12-03;-0,007198046;0,045283015;-0,003255567;0,009605199;0,001573482;-0,003324353;0,012210109;0,001958269;-0,00686709;0,032000248;0,008336774;0,005800505;-0,005005024;0,004655382;0,004376381;0,008874168;0,012312643;0,021148061;0,01904293;0,011178788;0,000417447;0,011208064;0,013653581;0,02735166;0,011956491;0,015335874;0,008319369;0,030350921;0;0,023886642;0,035116114;0,017274381;0,00446575;-0,005067577;-0,007637454;-0,002932638;0,013927562;-0,001112424;0,007210387
2024-12-04;-0,002589345;0,005776219;-0,044910143;0,011627786;0,012750255;0,011382142;0,012062657;0,00195438;-0,012100275;-0,023255988;-0,033464791;-0,008073789;-0,022132729;-0,008649931;0,002178538;-0,009550043;0,001850923;-0,021449809;-0,002395636;-0,014070194;0,012938494;0,006157626;-0,023168074;0,016883178;-0,007518757;0,015104122;-0,001650097;0,022028681;0,020365524;0,000395362;-0,004679453;0,005660394;0,012700941;0,007357024;-0,019497233;-0,001960732;0,007326019;0,002227326;-0,000412244
2024-12-05;0,017653326;0,03517586;0,008834421;0,021943644;0,015287934;0,013665428;0,012316228;-0,011053321;0,021872309;0,015873138;0,021996022;-0,001162786;0,010288007;0,005920783;0,022826215;0,010910911;0,010556873;-0,003023353;0,001440852;0,009174155;0,013596841;0,021419874;0,020408203;0,019157067;-0,005411211;0,019497227;0,00330573;-0,005012461;0,009079361;0,017786525;0,017042313;0,008755429;0,035042296;0,025842693;0,008198176;0,015225885;-0,001272722;-0,010000116;0,014045857
2024-12-06;-0,012244916;-0,013869624;-0,039830578;0,015337545;-0,015057733;-0,022997471;-0,029434924;-0,050624619;-0,015410892;-0,062499706;-0,013551208;0,00116414;-0,042769867;-0,00774474;-0,014877833;-0,019578218;-0,007573794;-0,007581593;-0,018225564;-0,040909073;-0,002845456;-0,020371614;-0,058919018;-0,020676719;-0,070729032;-0,019124355;-0,026359109;-0,012594493;-0,022672064;-0,0104854;-0,005007756;-0,001239861;-0,025302935;-0,032310984;-0,017127966;-0,023221985;0,012197281;-0,069584667;-0,01495409
2024-12-09;-0,000516687;-0,000703174;-0,022590336;0,007049299;-0,000899006;-0,006493396;-0,002426074;0,018698093;0,011304434;-0,041667085;-0,005656542;-0,004651146;-0,004255315;-0,002809812;-0,00809061;-0,015361041;-0,001052639;0,002291912;0,033219376;-0,002106348;0,013452816;0,004893067;-0,03934507;-0,015355114;-0,009367701;0,045151354;0,033840966;-0,005102076;0,00248538;-0,009026603;-0,011420935;-0,031657449;0,013162758;-0,006225383;0,05315958;0,004952982;0,00269781;0,02653802;0,010036047
2024-12-10;0,011886611;0,004222318;0,03796693;0,015999924;0,016201506;0,019607686;0,006485623;0,033990483;0,002579423;0,043478717;-0,011783901;0,011682077;0,026709403;0,009705711;0,013050492;0,006240155;0,000790198;0,016006033;-0,005200758;0,00263852;0,004022639;0,013535106;0,02929747;0,00649767;0,03073274;-0,020618534;0,013093232;-0,000256385;0,011983479;0,010296958;0,007245084;0,013461651;0,04330572;0,040432934;-0,001002829;0,017742587;0,0202691;0,042303113;0,008002516
2024-12-11;0,020939442;-0,032936181;0,00235979;0,022637876;0,023029285;0,017628037;0,021345254;0,001972369;0,0137221;0,058332821;0,002878364;0,013856826;0,013527588;0,012403123;0,035426781;0,03229982;0,006580763;0,030007457;-0,001901176;0,00947374;0,008814067;0,00969981;0,029044337;0,027114373;0,056192665;0,047619;0,008077529;0,031546474;0,028991414;0,002352047;0,015746509;0,009487624;0,07367689;0,012588941;-0,015559671;0,016949164;0,029360098;0,054115116;0,010645101
2024-12-12;-0,032516105;-0,050724707;-0,057386675;-0,010587186;-0,031168613;-0,034645345;-0,013243256;-0,054461938;-0,027072706;-0,078740048;-0,050430528;-0,030221139;-0,049281268;-0,015926465;-0,053913883;-0,021526973;-0,025889189;-0,030589829;-0,019047588;-0,0265903;-0,01667983;-0,024917409;-0,047417366;-0,054179696;-0,090119408;-0,052153095;-0,096153823;-0,010939804;-0,021428638;-0,035588623;-0,047655551;-0,040100162;-0,023840272;-0,054594707;-0,027597467;-0,030952278;-0,01280962;-0,075935863;-0,027401171
2024-12-13;-0,014477861;-0,00152675;-0,033093899;-0,005836524;-0,01161759;-0,013050614;-0,013682066;-0,110340053;-0,006956661;-0,042735488;-0,019861813;-0,008403336;-0,037797017;-0,00404612;-0,010958936;-0,020209784;-0,004832095;-0,013523682;-0,02912636;-0,013390454;-0,023021139;-0,012931142;-0,045037073;-0,001462086;-0,021479698;-0,019808203;0,015957486;-0,02840609;-0,042984553;-0,01662603;-0,006832913;-0,003263789;-0,037293711;-0,036020474;-0,014988557;-0,012776347;-0,002422066;-0,033564795;-0,011345425
2024-12-16;-0,014690549;-0,018348607;-0,015175978;-0,009784813;-0,018987487;-0,016529094;-0,01427987;-0,017160633;-0,002626856;-0,044642279;-0,002643214;-0,015738496;-0,024691388;-0,012187479;-0,01274233;-0,020887672;-0,012408965;-0,008987829;0,00650002;-0,023344012;0,000413488;-0,010916839;-0,047161006;-0,02928249;-0,053658462;0,04927883;0,055846434;-0,01034936;-0,012711839;-0,012371196;-0,004451538;-0,004584093;-0,043880644;-0,027283568;-0,000537014;-0,046789479;-0,009538725;-0,023952199;-0,008442205
2024-12-17;0,001065288;0,020249237;0,013442598;0;0,007373445;0,00756315;0,010761554;0,038095201;0,007901633;0,018691728;-0,015900941;0,022140227;0,014959738;0,017715801;0,022446573;0,026933327;0,02212506;-0,01093746;0,012419306;-0,012229048;0,004545482;0,005361054;0,015304526;0,008295556;-0,037371212;-0,083619654;-0,039669491;-0,000261412;0,024034337;0,027557391;0,001016142;-0,007236863;0,007529529;0,022561089;0,00501521;0,005221732;0,013832998;0,040490801;0,0092101
2024-12-18;-0,034042675;-0,02595418;-0,06179232;-0,025691805;-0,041171345;-0,041701481;-0,02784614;-0,045107046;-0,028745621;-0,09174302;-0,048474073;-0,021660656;-0,053287906;-0,014920659;-0,061470801;-0,036354197;-0,025921956;-0,041074244;-0,037291365;-0,054586484;-0,027560839;-0,02854444;-0,02746712;-0,057591449;-0,100401475;0,018125057;-0,086058442;-0,006537565;-0,064543069;-0,042665583;-0,011979641;-0,01259123;-0,054448442;-0,043530198;-0,023168768;-0,059740159;-0,014680472;-0,066037721;-0,031484066
2024-12-19;0,005506754;0,001567348;0,022413807;0,012170484;0,005725221;0,000870283;0,006318626;0,008006436;0,013452961;0,060605578;0,017924582;0,029520261;-0,007185679;0,009782279;0,028654959;0,023982796;0,005212617;0,022240394;-0,012742028;0,026785627;-0,014382398;0,005489071;0,087537545;0,032539635;0,061011795;0,004910983;0,04143131;-0,000526403;0,016576953;0,007640071;0,01027537;-0,002013429;0,033120153;0,009975132;-0,018974618;0,013812065;-0,010341843;0,046717197;0,003444507
2024-12-20;0,032310938;0,009709025;0,045531176;0,029058247;0,022770726;0,02260874;0,007953001;-0,031771292;0,02123874;0,038095597;0,022706115;0,004778905;0,02774433;0,015937427;0,022171661;0,021578991;0,013387006;0,020145171;-0,006195364;0,046376949;0,015879926;0,011560516;0,034715954;0,032282786;0,023842822;0,026267463;0,001808243;-0,011588285;0,002644384;0,023167603;0,009967803;0,00874261;0,002185706;0,016049275;0,01580801;0,022343373;-0,016294706;0,048250928;0,007542001
2024-12-23;-0,01654555;-0,000817663;-0,053548367;-0,000973816;-0,015769903;-0,017857188;-0,006644368;-0,031173025;-0,038128156;-0,018348758;-0,045310368;-0,032104527;0,00234736;-0,037219303;-0,036707441;-0,040700747;-0,032590959;-0,022906927;-0,025454497;0,033240849;-0,02281364;-0,01936489;-0,023753044;-0,059568181;-0,043835499;-0,008333297;-0,018050596;-0,010391675;-0,005714432;-0,030876843;-0,032427106;-0,006666834;0,005089213;-0,01275812;0,004210891;-0,0133262;-0,022001988;-0,032220964;-0,010933482
2024-12-26;-0,010314609;-0,006546577;-0,017382362;0,006822568;0,011309623;0,00779243;0,011705503;-0,001693519;0,013371788;-0,018691794;-0,012586201;0,012284903;-0,021077319;0,006070353;-0,013279516;-0,001342597;-0,001122982;-0,016976496;-0,002665188;-0,025737088;0,000864588;0,006474461;-0,010644896;-0,003958847;-0,064469974;0,010204086;-0,040441227;-0,011847148;-0,00353658;0,009770601;0,00791001;-0,018553878;-0,012296643;-0,022153887;0,002917049;-0,00646656;0,007743287;-0,020214011;0,002575207
2024-12-27;-0,003291439;-0,005766076;0,010752615;0,002904186;-0,007455499;-0,007732178;-0,003718945;-0,020356215;-0,00090503;0,009523883;-0,009784714;0,002427276;-0,023923423;0,001905308;0,001755513;-0,009411178;-0,017706617;0,006578974;-0,019775671;-0,007704977;-0,004319681;-0,009971006;-0,000922247;-0,015260904;-0,003062714;-0,013666045;-0,007662802;-0,003542345;-0,023957483;-0,005889729;-0,010953742;0,002785516;-0,010252679;-0,002517275;-0,00490812;-0,012686173;-0,017928867;0,009708654;-0,006681643
2024-12-30;-0,003302073;-0,027340494;0,01509958;-0,00386084;-0,000938989;0,000865952;0,002488747;0,002597379;0,00634074;0,028302168;0,028656135;-0,002421399;0;0,001267877;-0,009929967;-0,009771963;0,015736772;-0,013888901;-0,010905109;0,019605798;-0,001735177;-0,001624541;-0,009230613;-0,008183364;-0,001536181;0,025903632;-0,017374466;-0,000546728;0;0,008040574;-0,008269775;0,005555558;-0,010358814;0,001892704;-0,003470991;-0,003351871;-0,016952306;0,0276444;0,000116406
2025-01-02;0,00055213;-0,01192507;-0,014874974;-0,00545704;0,010339619;0,011891952;-0,010343436;0,033678786;-0,002700323;-0,009174315;-0,013928869;0;-0,017156788;-0,005381425;-0,022418882;-0,011787254;-0,003943644;-0,003314015;-0,012679066;-0,014372727;-0,004780654;-0,004634692;0;-0,009900977;-0,010769254;0,007633538;-0,056974428;0,002520211;-0,010909105;-0,002938683;0,006200287;0,002762432;-0,013831777;-0,001259463;-0,005499577;-0,006726537;-0,000947562;-0,009356765;-0,001313569
2025-01-03;-0,013245093;-0,02327583;-0,00892242;-0,009804;-0,013643815;-0,015905713;-0,007525292;-0,040935732;-0,021660867;0;0,013151511;-0,016990179;0,003740615;-0,013367329;-0,008448964;-0,012482679;-0,00141405;-0,006649979;-0,032942539;0,005047628;-0,015283743;-0,024534138;0,002484278;0,012500004;-0,026438546;-0,018065237;-0,008333296;-0,040033143;-0,044117523;-0,013894726;-0,004249761;-0,006887055;-0,009097812;-0,019545962;-0,018617455;-0,006771901;-0,004931692;-0,050767434;-0,013252862
2025-01-06;0,01342288;-0,003530458;0,057825467;0,027722799;0,015504064;0,019642764;0,009267063;0,033972157;0,000922776;0,055555119;0;0,008641949;0,029813635;0,018709722;0,018867881;0,037640509;-0,001132761;0,027614948;0,040993252;0,006138578;0,024390194;0,044936438;0,000619719;0,031275691;0,062300371;-0,026112791;0,042016723;0,040264466;0,053365233;0,024765216;0,01877952;0,011789224;0,047054372;0,018649432;-0,012772384;0,002840869;0,000190479;0,103233745;0,012561903
2025-01-07;0,001103885;0,022143452;0,025204649;-0,0067436;0,011450569;0,01401051;0,012103506;-0,012636868;0,023963143;0,017543934;0,001922933;0,013463798;0,010856472;0,007599708;0,006571139;0,018949617;0,008789317;-0,003257255;-0,004991772;-0,001109377;0,012121094;0,010911299;-0,009287893;0,043096633;-0,007518735;0,023765959;-0,004032191;0,022947221;-0,025559019;0,015416705;0,020527666;0,015078826;-0,013153067;0,036616195;-0,009703241;0,020963178;0,020011434;0,027057499;0,00950659
2025-01-08;-0,025909701;-0,010398638;-0,021392169;-0,000970037;-0,018867793;-0,015544044;-0,003711194;-0,029010251;-0,024302699;0,008620756;0,035028959;-0,018115845;-0,02147975;-0,004085474;-0,034421337;-0,022316709;-0,012085473;-0,010620914;-0,018952077;0,00111061;-0,005132623;-0,016190449;-0,039375102;-0,01530225;-0,06515157;0,008928663;-0,020242975;-0,013243233;-0,010304354;-0,013131027;-0,030172427;-0,016205272;-0,032950794;-0,016443329;-0,009606126;-0,019977852;-0,005792109;-0,01427011;-0,012693644
2025-01-09;0,004527388;-0,001751407;0,001631412;-0,009708719;0,001922663;-0,007017732;0,004552939;-0,030755745;-0,007379866;-0,008547074;0,008344684;-0,007380161;0,00121954;0,008204532;0,017209439;0,002717299;0,004267412;-0,003303069;-0,028409046;-0,005546437;0,008598505;0,002581608;-0,014964108;0,010100923;-0,025931983;0,002359823;0,057851292;0,001917428;-0,001419949;0;0,014391584;-0,001372684;0,020290949;-0,020433517;-0,006207571;-0,002831217;0,020296966;0,014476694;0,001304075
2025-01-10;-0,018028051;-0,021052595;-0,019218226;-0,039215609;-0,010556505;-0,012367402;-0,002472257;0,009972857;-0,026951631;0,017241572;-0,011034422;-0,017348153;-0,012180314;-0,009702737;-0,002416795;-0,009755951;-0,009631639;-0,019055453;-0,017544124;-0,006135041;-0,007945773;-0,013839716;-0,046565413;-0,012307703;0,003327881;-0,00765151;-0,007812562;-0,004374158;-0,006161106;-0,009979243;-0,022115581;-0,050171876;0,002251319;-0,015802731;0,005660799;-0,011925025;-0,0173146;-0,015367653;-0,007722427
2025-01-13;-0,014916703;0,007168476;-0,013616782;-0,001020518;0,001940069;0,003577819;0;0,011669669;0,00191;-0,033898559;0,011157539;-0,001261049;0,012330504;0,012010178;-0,007268409;-0,002736758;-0,008295244;-0,024493296;0,011309795;0,008978812;0,00309585;0,007180316;-0,003810203;0,000778902;-0,036484407;0,00237242;-0,053149641;0,003020367;-0,000953665;0,002939918;-0,000640053;0,001447257;0,000748827;-0,003853617;-0,000194168;0,005746981;-0,001874371;-0,042363472;0,001270445
2025-01-14;0,023296569;-0,002669046;0,02020194;0,005107396;0,021296951;0,018716678;0,018174481;0,03194318;-0,005719516;0,008771998;-0,02252858;0,010100999;0,002435993;0,010930599;0,020744418;-0,00109772;0,000576795;0,006926528;0,004708621;0,005005517;-0,007054673;0,000648161;0,01599439;-0,018677097;0,017211832;-0,023076887;0;0,001642398;0,004295972;0,009212783;0,007258778;0,014450872;0,031425368;0,009671311;0,006600635;-0,006285715;-0,006009281;-0,012805629;0,002453637
2025-01-15;0,043824426;0,016057131;0,036963783;0,067072991;0,035071142;0,034995446;0,025152007;0,074806524;0,01534026;0,078260739;0,009877649;0,031249982;0,042527388;0,010503569;0,072325215;0,018955961;0,021908433;0,011177893;0,033977778;0,018262189;0,019094129;0,043393431;0,059890581;0,046788277;0,07783408;-0,017565167;0,033264094;0,029789817;0,024239549;0,035269726;0,035184341;0,036324759;0,04388829;0,0555555;0,014464812;0,027602143;0,023238203;0,083726463;0,028089087
2025-01-16;-0,021264756;-0,027216744;-0,028007616;-0,021904653;-0,011904842;-0,008452999;0,004352949;-0,016800003;-0,029272859;-0,008064579;0,006520722;-0,01696971;0,005827528;-0,002140005;-0,010590859;-0,029387897;-0,005077574;-0,034863949;-0,022096383;-0,016847593;-0,013072115;-0,003103396;-0,023571228;-0,059848451;-0,06750391;-0,063501836;-0,026156951;-0,009554293;-0,034802803;0,003206423;-0,006961448;0;-0,009381586;-0,03811253;0,001330856;-0,041969687;-0,009047415;-0,009793254;-0,011545047
2025-01-17;0,003342425;0,000902529;-0,007203696;0,007789546;-0,012974662;-0,011935031;-0,001181986;0,030919456;0,017509623;0,016260291;0,005090239;0,02589401;-0,049826222;0,018382418;0,006760583;0,019722246;-0,001984721;0,016740108;0,006373119;0,011055745;0,013245258;0,007160486;0,006613778;-0,006446378;0,020202064;0,019091506;0,037190073;-0,01473731;0,020672918;-0,006791904;0,012371166;0,017869422;-0,010873259;0;0,034554798;-0,005841168;0,009316278;-0,057142878;0,009205338
2025-01-20;0,002221136;-0,003606953;0,034630659;-0,002898478;0,007511323;0,003451068;0,003155747;0,084451436;0,011472282;0,016000012;0,000460466;-0,001201875;-0,068292678;0,002105883;0,004476669;0,013620175;0,003409145;0,019930616;0,009211223;0,004920678;0,012636123;0,009582732;0,004599186;0,005677085;0,008250757;0,006459973;-0,007968093;-0,001903756;0,010362881;0,004424719;-0,001222049;0,002700805;0,00886521;0,012578589;-0,003670421;0,012338473;0,017722187;0,03613068;0,001577442
2025-01-21;0,003323907;0,018099499;0,002550175;0,004845;0,00186413;0,000859845;0,009044529;0,035662284;0,002835595;0,007874187;0,012425148;0,006016794;0,014397923;-0,007505259;0,019498575;-0,008062258;0,004246872;-0,014443331;0,021677183;0,003264315;-0,007314956;0,002143346;-0,000654038;0,009677655;0,008183324;-0,040436465;-0,002008048;0,032697507;0,020978883;0,002803512;0,015905491;0,017508425;0,021089555;0,013664586;-0,004973291;0,02321525;0,009069334;0,004499398;0,006487519
2025-01-22;0,012700159;-0,020444404;0,024165267;0,005785774;-0,011162873;-0,013745526;0,018316404;-0,014054801;-0,00754006;0,007812559;-0,006363538;0,015550237;-0,002580643;0,000302461;0,019125711;0,011920729;-0,00394706;0,012068734;-0,01730875;-0,005965253;-0,001733969;-0,003666318;-0,000981566;0,048721979;0,034090899;0,005351166;-0,034205205;0;-0,045205334;0,012779509;0,015656304;0,017207226;0,008950204;0,007352977;-0,025175845;0,019285263;0,014560529;0,013437733;-0,002967455
2025-01-23;-0,008724217;0,00272233;-0,00186267;-0,007670149;-0,014110987;-0,007839907;0,022579421;0,035637919;0,004748286;0,023256206;-0,009606722;-0,024735031;-0,020698557;0,00241914;-0,005898112;-0,004283657;-0,005094821;-0,025553676;-0,007954578;0,00054561;0,003473776;-0,002146632;-0,016377386;-0,009901138;-0,012558734;0,040585537;-0,066666783;0,005804733;-0,000956402;-0,015124815;0,004940697;0,00195189;-0,002388269;-0,017031605;-0,006456489;-0,016137879;0,014351562;0,027624388;-0,003976515
2025-01-24;-0,007136199;-0,01628954;-0,010886551;0,00193248;-0,005725285;-0,007901577;-0,003742544;-0,006194092;-0,007561332;0,037878208;-0,007852182;0,004830975;-0,001321034;-0,005731585;0,008630015;0,010486639;0,000568918;0,012237813;0,005727368;0,003271435;-0,007356105;-0,002458484;0,009656966;0,013077018;0,012718462;0,00063934;-0,008928533;-0,003148005;-0,005265819;0,010577739;-0,005702961;-0,020779297;0,022913747;-0,004950562;0,01357024;-0,005090526;0,010829541;-0,005376381;-0,000293918
2025-01-27;0,037861996;0,02299904;0,042452943;0,01832223;0,026871468;0,024778766;0,040946659;0,031163489;0,023809479;0,021898081;0,022346533;0,024038559;0,035714283;0,026092221;0,044919803;0,028206502;0,02758044;0,033678848;0,010820017;0,021739186;0,027898958;0,024029371;0,045844336;0,036446341;0,100471016;0,01214061;0,099099114;0,009210566;-0,003850021;0,010466854;0,042919238;0,05106099;0,043463775;0,047263736;0,017537306;0,0454805;-0,078797241;0,032432546;0,019722819
2025-01-28;0,002145813;-0,000899283;0,018099411;-0,000947167;-0,005607569;0,004317698;-0,006495739;-0,019476155;0,002790753;-0,050000471;0,003642998;0,011736984;-0,026819929;0,004139597;-0,009211955;0,005175925;0,017155385;-0,027568898;-0,004507013;-0,03351056;0,000424071;0,001805108;-0,010722166;-0,016117108;-0,035663266;0,005681828;-0,012294978;0,003911298;0,014493015;-0,005179383;-0,025222779;-0,024605653;-0,013457257;-0,028503574;-0,02427722;-0,040783177;0,014631486;-0,026178081;-0,006455126
2025-01-29;-0,004817884;-0,01260129;-0,00444438;0;-0,00563889;-0,010318146;-0,003269252;-0,026712352;-0,009276442;0,007518856;0,002722214;-0,004640426;-0,018372686;-0,007656052;0,009814051;-0,015190478;-0,001088002;-0,012027539;-0,011318602;-0,003852458;-0,007630407;-0,002402449;-0,037934384;-0,002978504;-0,025147981;-0,011927215;-0,002074808;0,009350693;0,021428525;-0,007609015;-0,007003956;0,000646796;0,011692154;0,008557445;0,002848939;-0,018707546;0,006285659;0,013978457;-0,005029986
2025-01-30;0,037654616;0,012762109;0,032142791;0,051184867;0,044423373;0,054735121;0,007288538;-0,012667157;0,02247192;0,03731383;0,015837046;0,031468664;0,073529373;0,021364938;0,042455233;0,056209141;0,003540284;0,037391314;0,017172383;0,0165744;0,023921445;0,024382771;0,04903918;0,038088326;0,10318663;0,011435852;0,027027141;0,026505404;0,027971968;0,038337371;0,010188183;0,010989121;0,046870077;0,035151483;0,042234823;0,025996617;0,032702732;0,098621314;0,028201763
2025-01-31;-0,015033618;-0,000900001;-0,015282428;0,009017115;-0,002714735;-0,004118617;0,001447365;-0,015680636;0,003662899;0,014388698;-0,003117992;-0,020338988;-0,036114567;-0,001162039;0,002453526;-0,018316772;-0,001356874;-0,007543992;-0,030951046;-0,006521645;-0,007092181;-0,006464665;-0,024952568;-0,017985812;0,026134785;-0,001884405;-0,020242975;0,002506934;-0,043537469;0,008938999;0,006012291;-0,001918194;0,044464717;-0,031615863;-0,015627845;-0,050675709;-0,020814848;-0,010617695;-0,006130184
2025-02-03;0,005789374;-0,006306504;0,000585475;-0,002680987;-0,000907633;-0,001654348;-0,002528972;-0,050687961;0,020985465;-0,00709235;0,012957956;0,005767021;0,007751992;0,007271675;0,012726367;0,016893594;-0,013315197;0,003378301;0,015098767;0,025711167;0,0075629;-0,00924316;0,019760223;-0,00659323;-0,032171512;-0,0497168;-0,004132162;0,018004375;-0,026552777;-0,00500772;-0,006169405;0,012171584;0,005578372;0,012696475;0,000738437;-0,012455498;-0,020712154;0,003902405;-0,001308122
2025-02-04;0,001569973;-0,011785883;-0,015217927;-0,008064581;-0,003888929;-0,001744773;0,005794943;0,03890162;-0,008042951;-0,01428582;0,001323419;0,016054997;-0,015384661;0,002310104;-0,000966706;0,006198761;-0,005783466;-0,002525218;-0,022311393;0,012266751;-0,007923219;0,00358424;0,005717922;-0,028023722;0,002770089;-0,024503366;-0,02904577;0;-0,022406343;-0,012775859;0,005431829;0,001265754;-0,022773568;-0,007164276;-0,003504847;-0,007807844;0,002968406;-0,018464396;-0,006533302
2025-02-05;-0,001045045;-0,00733956;-0,003268927;-0,007226617;0,014611938;0,023275162;0,002160592;-0,011013188;-0,002702652;0,014492863;0,013215875;0;-0,022135365;-0,011812219;0,006289248;0,006653522;-0,013019438;-0,026160307;-0,011117467;-0,000527032;-0,000840476;0,015178357;-0,002211044;-0,012139538;-0,049723932;0,017651068;-0,019230712;0,024072896;-0,015944183;0,061960806;0,000771682;-0,017066978;-0,038542117;-0,036079236;0,005368432;-0,018159684;0,007584154;-0,011881291;0,003092363
2025-02-06;0,002091833;0,003696961;0,026535399;0,020928011;0,010800936;0,013809923;0,011498413;-0,010393492;-0,009936823;0,0714285;0,00130443;0,004514609;0,018641793;-0,006122411;0,009615517;0,000244901;0,00701651;-0,005199328;0,011242454;0,001581502;0,001682455;0,001759166;0,009496707;0,023041482;0,074128151;0,016010659;0,015250451;-0,009354812;0,012658303;-0,002954148;-0,016387295;-0,003215331;0,014916116;0,023081641;0,015098492;0,009247848;0,001101439;0,041082306;0,005504485
2025-02-07;-0,00313131;-0,000920812;-0,016264862;-0,023172826;-0,031166352;-0,039262571;-0,013143879;-0,012753194;0,000912357;0,013333527;0,009986946;-0,01460674;-0,061437943;-0,001466671;-0,024761976;-0,009055336;0,001950978;0,018292616;-0,022820199;-0,023684215;0,003780043;-0,007316296;-0,061147671;-0,036786742;-0,043301848;-0,025607315;-0,047210257;-0,013317305;0,005999907;-0,021851976;-0,002351802;0,009032331;0,026944289;-0,018902376;-0,005441718;0,006719404;-0,010819763;0,010587036;-0,012723312
2025-02-10;0,008376981;0,01105984;-0,016533719;0,012773734;0,008272022;0,000833779;0,001439925;0,018237065;0,005469465;0,059210497;0,025795208;0,005701263;0,037604455;-0,004700349;0,007324109;-0,012348645;-0,006954134;0,01710871;0,052095805;0,011320947;0,009623492;0,010907819;0,009685928;0,021823766;0,0268741;0,019541776;0,00900897;0,022085942;-0,017395691;-0,00984463;-0,010805502;0,012148237;0,010435326;0,036668712;0,010395803;0,03033992;0,005005626;0,03619041;0,007647309
2025-02-11;0,003634483;-0,000911579;-0,018312876;0,007207265;0,007292551;0,023333349;0,008626764;-0,017910431;0,009066293;0,024844815;0,015507182;0,021542029;0,01342287;0,007083789;0,025206088;0,02725668;0,020448185;0,050462505;0,009675419;0,022387894;0,0116037;0,010498864;0,026463799;0,011441652;0,001377413;0,007270301;0,017857287;-0,004801899;0,010622296;0,003824012;0,038927466;0,06948834;0,003245639;0,00959233;-0,004332173;0,023557054;-0,020291361;0,041360392;0,007565381
2025-02-12;-0,006725421;-0,003649551;-0,037308922;-0,012522372;-0,037103974;-0,045602636;-0,016393325;-0,053951371;-0,007187784;-0,018182035;-0,019810126;-0,005549512;-0,031788112;-0,024619018;-0,010874711;-0,017526735;-0,017018898;-0,040832618;-0,020856755;0,010948773;-0,019000667;-0,027705708;-0,011279412;-0,040723965;-0,024759338;-0,040682408;-0,04166678;-0,038359387;-0,017517481;-0,00609527;0,002293882;0,021854543;-0,02794097;-0,030878903;-0,006707692;-0,005753659;-0,00771989;-0,027361049;-0,016929862
2025-02-13;-0,005728958;0,005494332;-0,008894523;0,011775275;0,017857297;0,013652326;-0,005434641;0,053815268;0,003619911;-0,006172712;0,007999925;0,004464339;-0,012311922;0,015625035;0,010994271;0,00668979;0,005864218;-0,017529241;0,004605842;-0,00206282;0,003864281;0,005342774;-0,030638782;0,029874186;-0,011283449;-0,032147761;-0,01830667;-0,009282533;-0,006113201;-0,016481428;0,021171189;0,004046528;0,027533986;0,014705889;0,001277582;0,014467516;-0,004364424;0,002722323;0,003778743
2025-02-14;0,021477256;0,013661421;0,026282138;0,037600751;0,025853924;0,026093973;0,047358673;0,009908545;0,026149645;0,05590042;0,024227329;0,032222316;0,049861516;0,017751542;0,032151294;0,036918508;0,015547007;0,057774054;0,007449763;0,019121337;0,017108815;0,026572195;0,062878257;0,041984644;0,05278178;0,020494698;0,05361314;-0,00506455;0,025115418;0,038191759;0,005790023;0,00921116;0,012956368;0,04770539;0,014764855;0,036508873;0,025347894;0,045248902;0,026984381
2025-02-17;0,017435932;-0,002695424;-0,000936993;-0,00086282;0,002700162;0,001640895;0,014260845;0,013584929;0,001757369;0,029412068;-0,002039337;-0,00538225;0,026385262;-0,002034871;0,033898357;0,008782366;-0,003007155;-0,000803259;-0,011945498;0,020284131;-0,000420537;0,002013366;0,027206643;0,033699729;0,078590811;-0,0200831;0,030973371;-0,008653529;-0,014999869;0,001876955;-0,0079852;0,00114084;0,003197747;0,009221905;-0,005388855;0,01981299;-0,02509288;0,042424212;0,005069451
2025-02-18;-0,015625137;-0,000900903;0,025633094;-0,005181302;-0,002692891;-0,000819364;0,009945199;-0,00967983;0;0;-0,021659083;-0,00757568;-0,001285376;-0,000873994;-0,007532168;-0,011058768;0,002193618;-0,024919586;0,004029896;0,018886726;-0,00841392;-0,001672764;-0,014474928;-0,004252261;-0,035176018;-0,007067098;0,027897114;0,011296395;-0,024873284;0,004870754;0,003556735;-0,002139615;-0,00608532;-0,016562068;0,006682252;-0,011872698;0,008388885;-0,016611239;-0,002615059
2025-02-19;-0,014848872;-0,010820675;-0,036269469;-0,013020851;-0,018901998;-0,01803262;-0,020033964;-0,018045095;-0,009649078;-0,034286042;-0,051796097;0;-0,046332064;0,017201247;-0,008482144;-0,017844438;-0,010670328;-0,018961285;-0,004587011;-0,025365914;-0,002969984;-0,009337578;-0,048437562;-0,036298973;-0,02994778;-0,012811409;-0,039665976;-0,001015608;-0,01821964;-0,019388657;-0,0164147;-0,013769512;-0,007580048;-0,026132272;-0,000897028;-0,027307399;-0,012856849;-0,034628407;-0,00951514
2025-02-20;-0,00311862;0,006381055;0,005692544;-0,007036204;0,00091746;-0,0025044;-0,029799088;-0,001531429;-0,007971405;0,005917204;0,014977949;0,001090469;0,008097158;0,008885079;0,002251269;-0,005571736;0,009955831;-0,001680679;-0,053571546;0,001501657;-0,002127648;-0,002736116;-0,003284016;0,012555406;-0,010738347;-0,02162943;-0,013043475;-0,005336703;0,026511186;0,001140859;-0,009102985;-0,00581731;0,030846022;-0,022063317;0,036810918;-0,008422365;-0,002106843;0,025371859;0,002293632
2025-02-21;0,003737535;0,007246394;-0,025157243;-0,006200139;-0,002749661;-0,009204758;-0,000714306;-0,01457052;0,004464029;0;0,006944555;0;-0,024096363;-0,004829582;0,008984656;0,015590877;0,001642883;-0,01178456;-0,01278149;-0,024487761;0,00895537;-0,003049039;-0,03657337;-0,140043797;-0,012211625;0,016212253;0,002202661;-0,007664811;-0,015495835;-0,006836324;0,009378019;0,005851349;-0,000854883;0;0,007274003;-0,004530086;0,01631471;-0,009385784;-0,003706868
2025-02-24;-0,036534115;-0,008093636;-0,074516122;-0,033868011;-0,017463288;-0,017736652;-0,006075649;-0,010894968;-0,005333234;-0,023529753;-0,029741475;-0,009803869;-0,045267479;0,002283726;-0,035618794;-0,028304383;0,000546678;-0,005110662;0,003082671;-0,01639348;-0,010143716;-0,005504462;-0,046853551;-0,050042335;-0,056318659;-0,023930379;-0,039560536;-0,013388049;-0,008394588;0,005735978;0,003033624;-0,006399047;-0,020821434;-0,007316981;-0,009112805;-0,020477616;-0,026440111;-0,024978409;-0,013584733
2025-02-25;0,008667448;0,005439908;-0,033809708;-0,003689974;0,008418946;0,012037887;0,015102392;-0,028324127;0,017873109;-0,042168415;0,011106265;0,015401494;0,022988484;0,008829405;0,006463496;0,031350344;0,009289687;-0,021404058;0,003073013;0;0,018787326;0,010147612;0,016864044;0,009821407;0,074235814;0,01931651;-0,004576583;0,010699329;-0,025926019;0,007224463;0,013278134;0,001171031;0,033498298;0,019655962;-0,009717208;0,056910481;0,016488935;-0,044169643;0,004617188
2025-02-26;-0,011278066;0,055004451;-0,033549708;-0,01481484;-0,01205935;-0,019541228;-0,005667744;-0,02267212;-0,008779737;-0,018868156;0;-0,010834252;-0,016853917;0,006775857;-0,020183447;-0,020310899;0,007038475;-0,021872306;0,020220656;0,00260412;-0,020117553;-0,00243536;-0,024700149;-0,044208619;-0,002710103;0,015306125;-0,013793213;-0,010586065;-0,006518205;0,001887505;-0,07048052;-0,040935805;0,009301116;-0,022289268;-0,006132783;-0,052747263;-0,086832128;-0,026802156;-0,009612637
2025-02-27;-0,007061505;0,052991404;0,010451645;0,005639049;-0,006572575;-0,006065793;-0,003918668;-0,021540951;-0,002657169;-0,006410307;-0,001757611;0,00109536;0,034285682;-0,017666858;-0,001872665;-0,00767855;-0,004301143;-0,005366748;0,012012174;0,000519429;0,002566478;-0,000915427;-0,001447212;0,043478286;-0,006793493;0,089016493;0,048951098;0,009394506;0,008747998;-0,010173308;0,010257321;0,015853695;0;0,053604585;-0,007404812;0,020301659;0,021943657;0,041785408;0,000240444
2025-02-28;-0,010394095;-0,008116903;-0,03952722;-0,028037609;-0,020794193;-0,020052609;-0,023247491;-0,071126175;-0,011545248;-0,019354267;0,024207944;-0,025164127;-0,02071818;0,001427373;-0,026735462;-0,018313086;0,003509775;-0,002697804;-0,011276111;-0,010903506;-0,010238833;-0,024434993;0,018116076;0,004432565;-0,021887802;-0,101516147;-0,017777701;-0,017063249;-0,057994591;-0,041111551;-0,013401391;-0,029411759;-0,023736566;-0,027485505;-0,020426264;-0,032404809;-0,009815938;-0,051959984;-0,016025769
2025-03-05;-0,016031031;0,045826541;-0,009615354;0,012500296;0,01833993;0,020462945;0,016843522;-0,032816828;0,002695471;0,026315243;-0,008165209;-0,007856376;0,002820872;0,009121999;0,006265001;-0,006043143;-0,003766538;0,02705141;0,003601387;0,02887141;0,009051422;0,014962907;0;-0,011473954;0,018181858;0,070432871;0,045248781;0,010520841;0,025891892;0,014291253;0,008067797;0,009276565;-0,007436947;-0,037883292;0,007978229;-0,036427726;-0,009712621;0,019230904;0,00201956
2025-03-06;0,018539389;0,005477321;0,003106838;0,010446332;0,008313982;0,008677406;-0,001440298;-0,001884967;0,01433682;0,006410307;-0,004320513;-0,01018094;-0,007032375;0,050282467;0,010536482;0,010045062;0,008911681;0,018437347;0,012055715;0,003571489;0;0,001851904;0,007829076;0,019642814;-0,023351627;-0,027416077;0,030303166;-0,021603141;-0,001121725;-0,009001811;0,005540897;0,005514674;0,002593586;0;0,010973251;-0,004878061;-0,007765049;0,00660374;0,002527489
2025-03-07;0,012134508;0,019455299;0,029810294;0,005639049;0,011299415;0,012121344;0,011900289;0,019830032;0,003533571;0,050955989;0,01466007;0,017142763;0,029745048;0,013985989;0,0308057;0,02643285;0,01097425;-0,006633993;0,008323466;-0,006609117;0,005980567;0,00431305;0,052966061;0,043782882;0,105485236;0,046511686;0,006302467;0,002128039;0;0,024486556;0,009591529;0,023766015;-0,019258295;0,027663603;0,014590732;0,021446047;0,01290188;0,037488251;0,013594578
2025-03-10;-0,002179708;0,001526644;-0,01203008;-0,021495313;-0,011173164;-0,014542268;-0,003207286;-0,013888942;-0,019366207;0;-0,003940434;0;-0,024759261;0,007957588;-0,00505756;-0,003824646;0,000794369;-0,004520741;-0,005896172;-0,026100216;0,01146494;0,008895594;-0,002347405;-0,005033679;0,049618227;0,012794584;0;-0,007167403;0,001122985;-0,01426375;0,008490048;0,011309337;0,003516974;-0,011264093;-0,016184129;-0,010197936;-0,004385002;-0,025293555;-0,004126844
2025-03-11;-0,011469128;-0,019817043;0,00570776;-0,006686014;-0,01035773;-0,006076454;-0,00893818;0,003755865;0,002693051;0;-0,006153842;0,006741537;-0,015514828;0,030263138;-0,003696869;-0,002303554;-0,016931259;-0,027247905;-0,00355904;0,008933338;-0,01805201;-0,00881716;0,00907564;-0,013490737;0,006060619;-0,031250018;-0,01878919;-0,002941224;-0,007851963;-0,021118468;-0,019041937;-0,024720329;-0,021612152;-0,02594931;0,008334855;-0,004242418;-0,022651074;-0,020389313;-0,008127274
2025-03-12;0,007182217;0,013219237;-0,133938688;0,00961556;0,004757297;0;-0,001092197;-0,04022445;0,003581022;0,042423954;0,009730214;0,005580481;-0,010028678;-0,022477659;0,031539883;0,015905665;-0,004574808;0,000933638;-0,016071224;0,028124854;-0,013251958;0,003067136;0,010992728;0,034188195;0,033734951;0,031571726;0,042553216;0,016358314;0,050310964;0,001198578;0,007151849;0,018708368;-0,008955278;0,019493066;-0,012490838;-0,002434577;0,012875681;0,003784263;0,002890524
2025-03-13;0,015359434;0,023023847;0,048492712;0,104761991;0,011363515;0,017467054;0,016266129;0,040935679;0,003568141;-0,063953316;0,016206715;0,015538129;0,033285098;-0,013587643;0,016187099;0,015151452;0,009191819;0,049440292;-0,003024776;0,019756836;0,009812623;0,016208125;0,029983496;-0,041322438;-0,013985923;-0,005988034;0,036734684;0,014247922;0,002690952;0,011173118;0,008926589;0,003554654;0;0,031230206;0,013764942;0,02867601;-0,009745766;0,014137607;0,014314086
2025-03-14;0,030794256;0,023255793;-0,104166592;0,109482688;0,03838978;0,041201974;0,01418689;0,035580534;-0,02399986;0,086956635;0,034482774;0,029508379;0,046218478;-0,008211931;0,018584174;0,018159293;0,011786571;0,026666708;0,026092294;0,010432166;0,009275776;0,032500821;0,050863689;0,037068969;0,134751686;0,021419053;0,057086583;0,013267645;0,029522324;0,035517056;0,028755271;0,021841742;0,00813265;0,058096309;0,032844072;0,03973898;0;0,059479622;0,026425336
2025-03-17;0,019391854;0,004262756;0,012092991;-0,034964929;0,017132294;0,014839101;0,020803524;0,028933064;0,019125639;0,005714327;-0,010416666;0,002123057;0,044176762;0,00160257;0,013032043;0,015392106;0,020651337;0,01125547;0,016558331;0,009341373;0,010940985;0,030020494;0,015829469;0,039069107;0,056250014;-0,029488847;-0,003724333;0,026700792;0,054744517;0,022484645;0,006645878;0,001733239;0,006871758;0,019275782;0,01438967;0,010268107;0,019469365;0,002631579;0,014555239
2025-03-18;0,006683926;-0,00147385;0,056985292;-0,030595896;-0,005318951;-0,000812369;0,001405446;-0,01405974;0,01251128;0,039772455;0,00842095;0;-0,014102581;0,013066694;0,004288131;-0,000481254;0,003631705;-0,004280946;0,001163109;-0,015587081;-0,004762101;0,005376362;-0,014384153;-0,012799927;-0,010848201;0,066846708;0,026168155;0,009252358;-0,029164587;-0,004845105;-0,003689175;-0,004613702;0,028783204;-0,012607541;0,007355624;-0,013551638;0;0,05511811;0,004899338
2025-03-19;0,006128772;0,009594094;0,019130511;0,02574755;0,011586209;0,00894315;-0,003859673;0,011586463;0,014121704;0,038251191;-0,002922796;0,014830465;0,028608555;0,00157926;0,025619206;0,023591666;0,00491076;0,023215787;0,001743273;-0,006432425;0,010004284;0,002476624;0,021587187;0,004862022;0,039880552;0,011392364;0,018214992;0,029236823;0,00916493;0,010112187;-0,014032427;-0,002317638;0,009229969;0,008125411;-0,001738537;0,013737808;0,010283289;-0,007462687;0,007857007
2025-03-20;-0,013705978;-0,00584785;0,014931762;0,004048453;-0,014977699;-0,00483468;-0,004931294;-0,030837037;-0,012184514;-0,005263124;0,016331826;-0,012526029;-0,013906404;-0,007884283;-0,007077479;-0,011523913;0,008230437;-0,003361269;-0,002320049;-0,023406381;-0,003875774;-0,009264909;-0,013690436;-0,033064426;-0,005752748;0,066958681;0,084078674;-0,000962943;-0,010090797;-0,015943581;-0,029254904;-0,008710607;-0,008288007;0,019573844;-0,003134831;0,009599263;-0,004985465;0,008354103;-0,004173333
2025-03-21;0,011837565;0,009558672;0,008827092;0,012903412;0,016100053;0,013764937;0,004247821;-0,00727272;-0,048458223;-0,005291194;-0,015657298;-0,00528542;-0,0051282;0,010066224;0,002096374;-0,009041271;-0,003061201;-0,004215887;-0,00348834;0,039265621;-0,002161848;0,002182033;0,009655926;0,035863306;-0,02603665;0,068035185;-0,021452154;0,001686674;0,009174375;0,012434078;0,016493506;0,016988914;-0,008645586;-0,003387806;0,003668816;-0,007270727;-0,001043902;-0,03065449;0,002955553
2025-03-24;-0,015767905;-0,013838268;-0,003749963;-0,012739035;0,012323859;0,010383403;-0,000352494;-0,025641001;-0,005555559;-0,021276239;-0,01967351;-0,002125314;-0,021907226;0,007081117;-0,017154796;-0,015125921;-0,014329589;-0,022861948;0,005834135;-0,015701608;-0,009531932;0,000933092;-0,027495438;-0,005636111;0,010891164;-0,019769287;-0,020236083;-0,005532726;-0,006060714;-0,005210396;-0,00380602;-0,002304287;-0,023837235;-0,011897973;-0,005221966;-0,014680043;-0,008568052;-0,021367494;-0,007737353
2025-03-25;0,014026072;0,004431422;-0,005018713;-0,000806297;0,007826259;0,016600972;0,003878727;0,009398442;-0,008379947;0,048912948;-0,082408071;0,006389741;0,007905131;0,00364581;0,010217144;0,00438799;0,0054518;0,019064142;0,004640444;0,007477535;-0,000875023;0,008079594;0,021511992;0,025101145;0,024485696;-0,015686313;0,029259961;0,013062519;-0,025406453;0,012719917;-0,010816029;0;0,008971374;0,014334897;0,003324577;0,025610986;-0,007601421;0,025327452;0,005688351
2025-03-26;0,000512283;-0,016176516;0,018495061;0,004285464;0,017256161;0,016329633;0,011942338;0,096834263;-8,42323E-05;0,005181386;-0,055374789;0,003174586;0,00784313;-0,003113766;0,010956582;-0,007038741;-0,000516477;0,004251649;0,008660543;-0,015338929;-0,001751225;-0,01078909;0,047532928;0,012648261;0,002868125;-0,014797964;-0,031772579;-0,000955224;-0,000521438;0,006649366;0,021194298;0,019630611;-0,01867215;0,001695818;0,006103909;0,005675421;-0,005319082;-0,014480352;0,003422479
2025-03-27;-0,002560209;0,005979043;0,031778783;0,000807767;-0,008481809;-0,003825573;-0,004165116;-0,005093333;-0,003824056;0,051546414;0,004710853;0;0,006485109;-0,016137343;0,007503194;0,000733245;0,008783326;0,013547886;-0,005151755;-0,008542785;-0,008333356;0,001246382;0,011244035;0,011876471;0,036224855;0,030040466;0,048359197;-0,006931179;0,001565026;0,006238594;0,005587641;0,014156252;0,000301952;-0,00507907;0,007973734;0,022573384;-0,007700605;0,049265344;0,004746453
2025-03-28;-0,012320462;-0,002228843;-0,013200011;-0,012106563;-0,005987983;-0,013824918;-0,001742878;-0,017918092;-0,005758103;0,039215496;0,001964439;-0,004219459;-0,016752592;0,000529066;0,005378517;-0,014411262;0,000512172;-0,018379298;-0,027617813;0,016435885;-0,007518864;-0,01369414;-0,007769751;-0,018779275;-0,02851878;0,012899582;0,023064272;-0,01612511;0,007291797;-0,010576268;-0,004762682;-0,007816912;0,008454214;-0,003403294;-0,010146212;0,003863182;-0,011640417;0,001647475;-0,009365448
2025-03-31;-0,005717009;0,005212176;-0,006890969;-0,008169898;-0,023235942;-0,013239972;-0,015712258;-0,044309315;-0,009652527;-0,014150588;-0,031862575;-0,007415287;-0,031454816;-0,003172936;-0,016460954;-0,008674074;-0,012029735;-0,004255355;-0,042603625;-0,019736786;-0,004456103;-0,008835952;-0,02581199;-0,02472094;-0,038825694;0;0,017713427;0,003979203;-0,014994941;-0,015112453;-0,006380973;0,012943124;-0,000898339;-0,026180867;-0,014940914;-0,022539857;-0,012431993;-0,050986872;-0,012448636
2025-04-01;-0,003136688;0,00814821;0,00816329;0,009884666;0,00781771;0,001432703;0,00496635;-0,034545465;-0,016569264;0,03349273;-0,013670896;0,014941369;-0,002706357;0,021220198;0,011297173;0,001499961;-0,005181282;0;0,026576082;0,009292725;-0,005371802;0,000243829;0,044953792;0,031071141;0,02955661;0,035437504;0,030063294;0,017000121;-0,00209988;-0,000748331;0,049568404;0,00688278;0,014983461;0,015195729;0,00864193;0,026996673;0,001545963;0,043327589;0,006809458
2025-04-02;0,018353655;0,004408482;0,013765283;0,013050609;-0,002920823;0,002329079;0,000705982;-0,004708116;0;-0,032407321;0,000513244;0,002102966;0,01628221;-0,006753235;-0,001655038;0,009985053;-0,005989678;0,013675259;-0,013847191;0,031713661;-0,000450022;0,000318486;0,038461486;0,028548787;0,07081335;0,003208527;0,010752621;0,009586878;0,024723802;0,016853697;-0,016252266;0,010602813;-0,003838099;0,00287851;-0,004546236;0,000547506;-0,009922716;0,032392028;0,000327876
2025-04-03;0,042739165;0,013167545;0,021165999;0,024959644;0,018783699;0,019245915;0,005643736;-0,012298971;0,005946426;0,04306211;0,022575699;0,020986391;0,040053431;-0,003399575;0,043928807;0,042263997;0,047419447;0,007588492;-0,028082892;0,018839791;0,01035572;0,017828647;0,021673685;0,022359271;0,054513124;-0,008528776;-0,018237077;-0,000973965;0,022587472;0,013996411;0,018658848;0,014908816;0,022525152;0,020665925;-0,036184838;0,018609877;-0,014031153;0,037811691;-0,000373504
2025-04-04;-0,04049379;-0,010108306;-0,037935101;-0,053417088;-0,019315095;-0,011014848;-0,018590002;-0,06513404;-0,014778186;-0,055045825;-0,015052595;-0,017471678;-0,070603362;-0,00551033;-0,030567711;-0,026559266;-0,008504174;-0,020920506;-0,048366884;-0,010705644;-0,015151471;-0,025961825;-0,030612336;-0,046003036;-0,082203513;-0,002688234;0,001547923;-0,015354393;-0,016173205;-0,033054882;-0,025949287;-0,036093703;-0,010144776;-0,043869508;-0,039912454;-0,049435774;-0,012423859;-0,024030902;-0,029624603
2025-04-07;-0,014410467;-0,038657836;-0,015447108;-0,0082988;-0,012533705;-0,016706331;-0,010721851;-0,033811467;0;-0,014563349;-0,004075604;-0,013598324;-0,031767894;-0,012401116;-0,006552026;-0,015590728;-0,014631701;-0,017093985;-0,036303623;-0,012788879;-0,002714887;0,001926871;-0,008033062;-0,041897225;-0,063711905;0;-0,004636746;-0,030940701;-0,006656605;-0,004507795;-0,029970588;-0,024852153;-0,019619453;-0,01588237;-0,011959014;-0,026003416;0,006404502;0,015091314;-0,013107437
2025-04-08;0,002088503;0,004552233;0,021882691;-0,017573243;-0,025385491;-0,027508146;-0,001806473;-0,056203677;0,000999877;-0,009852291;0,001023122;-0,003181428;-0,059914417;0,033929993;0,011953802;0,004949285;-0,00025602;-0,000869591;-0,041095918;-0,034878019;0,007713134;0,000320528;-0,003071795;-0,010726072;-0,134122269;0,002156384;-0,029503111;0,001276982;-0,001030869;-0,015094418;0,01050081;0,009708779;0,009856732;-0,013150004;-0,054755007;-0,00522352;0;-0,02347426;-0,013185973
2025-04-09;0,020323145;0,032477358;0,039595988;0,036626973;0,032558253;0,037437719;0,004343139;0,098876422;0,013985996;0,119403126;0,020950555;0,013829787;0,037936266;0;0,011812685;0,00197005;0,020742601;0,039164463;0,071428551;0,020134169;0,00675392;0,01826339;0,035574203;0,064220186;0,112756208;0,054868233;0,081600098;0,011989999;0,092879284;0,024904217;0,013788898;0,024639439;0,012718104;0,021805052;0,053861721;0,035589372;0,032045391;0,039262879;0,031178388
2025-04-10;0,002553672;-0,005120593;-0,019432506;-0,025472538;-0,000900555;-0,001604048;-0,006846799;0,010224988;-0,009852124;-0,00444454;-0,018018031;-0,004197213;0,014619869;-0,014211812;-0,004428333;-0,006144087;-0,00752639;-0,000837459;-0,030666583;-0,021255039;-0,008497429;-0,00409054;0,011631068;-0,007053236;0,045035922;0,016318189;0,005917133;-0,021931013;-0,027856519;-0,014953194;-0,001774133;-0,000586337;-0,011098223;-0,004742251;0,01793641;-0,007324121;-0,01101074;-0,013107197;-0,011275783
2025-04-11;0,006113373;-0,008823669;0,040031665;0,006745383;0,008115027;0,013654773;0,008708197;0,029352223;0,005970093;0,004464382;0,006625897;0,014752436;0,014409208;-0,011533532;0,007682977;0,018793181;0,002275061;0,007544053;0,009628521;0,001551225;0;0,005055117;0,031283246;0,010260457;0,025465181;0,011540368;0,024999907;0,004896974;0,038368218;0,010246584;-0,003751797;0,013497554;0,024808121;-0,000595553;0,01667295;0,015891042;0,00467601;0,011718751;0,010502157
2025-04-14;0,015696033;0,014836832;0,020960409;0,019263029;0,016100247;0,008716212;0,009712181;0,017699145;0,008901993;0,017778035;0,014177328;0,023883602;0,029829551;0,01431986;0,011235988;0,023301002;0,002269897;0,009151422;0,032016393;0,018069073;0,005863757;0,016347002;0,017889555;0,0164062;0,001910224;0,016865087;-0,028694351;0,01564484;0,002806387;0,01239679;0,012388246;0,01042269;0,03141216;0,005959381;0,013045108;0,02122911;0,015514095;0,02239385;0,013878229
2025-04-15;-0,002991269;-0,001461999;0,007838695;0,007395266;0,001760714;0,000785358;-0,010687474;-0,047343063;0,009803941;0,026200634;0,001497552;0,002028526;-0,027586181;0,002352896;0,016666672;0,008538885;-0,004277873;0;-0,011221215;0,003042666;0,004035852;0,012681839;0,00356605;-0,016141381;-0,003813164;-0,017073189;0,019202297;0,020707211;0,063432916;-0,000742255;-0,00156877;0,004011386;0,010617254;-0,004739262;-0,010117724;-0,000547087;0;0,020392828;-0,001614473
2025-04-16;-0,001999847;0,016837535;0,008148181;-0,016313139;0,002636199;-0,001569647;-0,004321243;0,010142027;-0,005825188;-0,012766172;-0,006978968;-0,00506084;-0,007092225;-0,002347372;-0,010928994;-0,007996201;-0,004296109;0,018961123;0,006008089;0,004044581;-0,001786512;-0,001527123;-0,016497427;-0,012500059;-0,009569398;0,024813896;0,043478323;-0,000494664;-0,064035169;0,007055531;0,010997794;0,000570782;-0,004976288;-0,001190457;-0,023229882;0,009305028;0,000436723;-0,008882386;-0,007180162
2025-04-17;0,012525169;0,007919353;0,01396028;0,009950153;0,00087627;0,004716914;-0,00795665;0,03112454;0,010742197;0,056034611;0,004517974;0,013224821;0,024285725;0;0,011838982;0,008534836;-0,00279185;-0,005663345;-0,007962832;0,005538796;0,001789709;0,001835245;0,038709586;0,012658288;-0,014492735;0,002421363;0,029166624;0,002475044;-0,030459306;-0,001843735;0,026029385;0,017683925;0,018060394;0,028009484;0,006088304;0,00916337;0,002399442;0,109036623;0,010388335
2025-04-22;0,000989481;0,001428582;0,014492798;0,019704491;-0,005253932;-0,003912321;0,012759846;0,074975606;-0,005797156;0,061224723;0,009995011;0,017068319;0,012552322;-0,006535953;0,020280787;0,007052208;0,002545145;0,007322988;-0,004013407;0,029544284;0,000893301;0,019542163;-0,027329144;0,000781323;-0,005882366;0,021255972;0,036437205;0,01506184;-0,026099515;0,008696351;-0,001893077;0,003363265;0,008733676;-0,019130397;0,017776025;0,001657433;0,006311254;-0,007407431;0,006278442
2025-04-23;0,018466084;0,002139744;0,00928569;0,018518401;0,02904934;0,03299287;0,009359264;0,0344203;0,015549152;-0,080769176;0,021771318;0,004935841;0,034435261;0,003947436;-0,011085598;0,018207319;0,010154878;0,01696292;0,011417154;0,022373659;0,01294081;0,020964422;0,030906743;0,007806182;-0,05917152;0,008987727;-0,086919812;0,011919097;0,010918082;0,005204419;0,020485615;0,015083845;0,000270604;0,028368705;0,011891538;0,013237756;0,000648701;-0,054952511;0,013428992
2025-04-24;0,028780615;0,00711742;0,047062954;0,049011984;0,018819413;0,015969554;-0,012125546;0,021015742;0,018182081;0,054393349;0,014528054;0,036345747;0,039946698;0,020969784;0,041747237;0,032783058;0,019854191;0,031771185;0,020584204;0,122740161;0,010132001;0,019360458;0,030723516;0,057320011;0,107966299;-0,012189415;-0,053030244;0,006250168;-0,013254859;0,038091744;0,0156133;0,020363226;0;0,024137959;0,015607812;0,031028829;0,050140589;0,060301584;0,017879833
2025-04-25;0,001422431;-0,004240244;0,02534639;0,009042867;0,005037951;0,001497192;0,011191321;-0,031732409;0,027255375;-0,007936565;0,013842491;-0,028435963;-0,012804085;0,002310716;-0,0526902;0,009988981;-0,007885643;-0,000769845;-0,002602448;0,018220328;0,015263957;-0,003741179;0,029086514;0,013919379;-0,011352812;0,084480338;0,043999879;0,012661032;0;-0,006768769;-0,006222518;0,00377566;0,01487687;0,010662209;-0,026396727;0,008447823;0,026754534;-0,041299977;0,001181453
2025-04-28;0;0,014904228;0,018457525;0,002240512;-0,002506523;-0,002242004;0,012138533;-0,004428715;-0,009149148;0,0120002;-0,000470905;0,007804768;0,001296985;0,011782757;0,024493644;0;0,013661136;-0,004622392;0,014350943;-0,039533895;0,005154552;0,010687522;0,005839853;0,033237027;-0,014275636;-0,040262585;-0,044699932;0,00967211;-0,00796014;0,012912398;0,002946498;-0,003224107;-0,0087954;-0,001665687;0,003528312;-0,008377055;0,008618811;0,031073397;0,002055826
2025-04-29;0,002367252;0,014685283;0,002588964;-0,014157968;0,013400694;0,011235676;0,005290924;-0,003558716;0,001846705;0,039264461;-0,007065383;-0,004840278;0,001295366;-0,0103798;-0,027932909;0,002197809;-0,001470112;0;-0,011575584;0,010398589;0,00085483;0,008002347;0,002786724;0,016783226;-0,002000121;-0,008207948;-0,028074801;0,009112205;0,000501526;0,005665791;0,00734493;0,010781675;0,001075721;-0,008342555;-0,003700987;-0,010559609;0,002980917;0,01929227;0,000570303
2025-04-30;0,004251464;0,004135041;0,027759882;0,019652306;0,010743811;0,017037039;0,015087739;-0,047321406;0,009216608;0,007812505;0,017077714;0,015564286;0,005174639;-0,023023767;0,017651908;0,007456106;0,020122668;0,005417874;-0,024723454;0,034305236;0,024337889;0,008789256;-0,005094998;0,004814337;-0,066132225;-0,012413814;-0,081861547;0,018522878;-0,002478018;0,039436661;0,013124289;0,010666779;0,010475445;0;-0,018201986;0,003201657;-0,115514059;-0,000699328;-0,00019246
2025-05-02;0,013640806;-0,030885337;-0,001884448;-0,013343274;-0,015535568;-0,021121496;-0,001037011;-0,003748825;0,003771308;0,011628073;-0,022854401;0,024904112;0,030888063;-0,003665966;-0,011294872;-0,011754536;-0,01226852;-0,003079302;-0,003335659;-0,047678281;0,016673701;-0,002596652;0,003258824;0,018480485;0,001072918;0,005121071;0,016920525;-0,00636502;0,008064434;-0,02235774;-0,015832984;-0,01108191;-0,006113766;-0,005608607;-0,001135113;0,001063926;-0,004928425;0,048985261;0,00049605
2025-05-05;-0,012065073;-0,004249324;0,030837026;-0,007513189;-0,005219367;-0,009017612;0,007612505;-0,034807138;-0,019361104;0,088122804;-0,021957055;-0,000934542;-0,032459453;-0,001313975;-0,000816047;-0,00638758;-0,00097413;-0,005405324;-0,008032055;-0,008271585;-0,03690033;-0,017761656;-0,000927922;-0,015457071;-0,050375048;-0,03844372;-0,031614062;-0,006863594;-0,001999955;-0,005544072;0,006946985;-0,006936997;-0,000267388;-0,025944716;0,003030276;-0,003188161;-0,042548322;0,0213476;-0,012158302
2025-05-06;-0,003757614;0,010668643;-0,001831463;-0,003784844;-0,009197431;-0,004511161;-0,007554992;0,030214372;0,000987315;0,021126574;0,01024881;0,002806443;-0,002580643;-0,00052639;0,016741578;-0,007980574;-0,006582121;-0,0031056;-0,002699098;0,021949136;-0,001277161;-0,005166243;-0,024616917;-0,02320808;-0,013544154;-0,014932537;-0,063573881;0,000230389;-0,025551222;-0,008710813;0,023965066;0,06770548;-0,019796874;0,014476005;0,000755261;-0,003198358;0,009875457;0,00391903;0,000187279
2025-05-07;-0,010844097;0,004222339;-0,036697293;-0,000760041;-0,008438526;-0,015106023;0,014186922;-0,017029267;0,007889469;-0,006896743;0,001449276;-0,000932895;-0,010349279;0,002106452;0,002811223;-0,002458021;0,008187841;-0,000778839;-0,011501924;-0,020618679;-0,035805628;0,010963352;0,002142911;0,004192839;-0,022883181;0,005867918;0,025688097;0,004606167;-0,147557691;0,003515044;0,00673766;0,014091642;0,014465032;-0,039954457;-0,001886727;-0,039037394;-0,023283057;-0,007807462;-0,000883789
2025-05-08;0,027168986;0,00700769;0,220317442;0,083650271;0,140425186;0,156441881;0,003411753;0,077959523;0,018590974;0,05208351;0,014954184;0,02614381;0,044444402;0,014188065;0,041249532;0,036290356;-0,009452707;0,027279801;0,019849439;0;0,011052234;0,007991006;0,043003107;0,074460658;0,056206063;-0,005833687;-0,07692307;0,012150552;-0,016284671;0,041330927;-0,016907372;-0,02878422;0,022868027;-0,036860782;-0,003024547;-0,005008269;0,006197907;0,029508237;0,021244696
2025-05-09;-0,005568466;-0,006263095;-0,00650373;0,019649145;-0,010447757;0,002652611;0,004080209;-0,084821413;-0,010566712;-0,01980181;-0,010456282;0,027297583;-0,022528139;-0,012953378;0,010384625;-0,012970208;-0,011803108;-0,054628246;-0,002029778;0,010526467;0,012243113;0,054077021;-0,06605921;0,049222804;-0,069844765;-0,029339871;-0,038759711;0,056625158;-0,049662937;0,008745403;0,004657882;-0,002554854;0,008153613;0,005555561;0,003981776;0,01901548;-0,009950325;0,028025427;0,002055317
2025-05-12;-0,012599255;0,000700285;0,033254902;-0,011699974;-0,009803715;-0,014550456;-0,015577423;0,060487794;-0,011650476;0,006733641;0,00144102;-0,019486317;-0,003841195;-0,01338582;-0,027027119;-0,013359665;-0,005336755;0,015248742;0,027118642;0,004340202;-0,012526976;-0,020145022;0,012195126;0,015432102;0,046483835;-0,00151137;0,022177397;-0,028295921;0,036129117;-0,007335807;-0,029957185;-0,018955014;0,017479794;-0,002455518;0,025117982;-0,003841755;0,021057663;-0,013630707;0,000373594
2025-05-13;0,027410145;-0,002799181;0,046882915;0,04108629;0,019801956;0,021476765;0,020295992;-0,011039548;0,004911596;-0,010033223;0,014388402;0,028906924;0,024421539;0,020750164;-0,015258132;0,037291995;0,021716949;0,018972395;0,023102317;0,012100274;0,012685892;0,012335324;0,00578315;0,024316164;0,043280275;0,013622627;0,007889609;0,019854466;0,008717237;0,018138948;0,042279359;0,021410043;0,037179442;0,055384613;0,016396465;0,020385706;0,031169602;-0,084798984;0,017574306
2025-05-14;-0,011039504;-0,001403519;0,016703;-0,020066867;-0,005974726;-0,00131414;0,003371559;-0,034418594;-0,001955015;0,010134909;0,004728136;0,007901626;-0,021329938;-0,008339843;-0,00913785;-0,00770391;-0,002000483;-0,01706751;0,004516105;0,041844585;-0,004319785;0,006769829;-0,048634467;-0,001187054;0,02074229;-0,014435088;0,007827754;0,045425077;-0,062962956;0,003299341;0,001763603;0,014826123;0,004697196;0,001166222;-0,004893982;-0,010259248;0,001590936;0,026080979;-0,003885926
2025-05-15;0,015348651;0,012649428;0,031190497;0,008191253;0,006761763;0,009868573;-0,012096801;0,024084778;0,031341933;0,040133898;0,049882391;0;-0,010256461;0,045992154;0,020849924;0,002803574;0,020796813;-0,001578578;0,008991603;0,011885105;0,016052304;0,013447805;0,026189821;0,035056533;0,037433263;0,043434376;-0,001941763;-0,015311565;0,007905222;0,000657644;-0,008802907;-0,001511351;0,000738205;0,011065844;0,010018282;0,033824382;0,002269052;0,068227419;0,006581276
2025-05-16;-0,002290164;0,007561915;0,01362271;0;0,007462817;0,003257086;-0,126870726;-0,006585108;-0,004748544;0,012861919;0,043478202;0,006968814;-0,019430003;-0,001005063;0,031029127;-0,004731216;0,000736362;-0,007905042;0,003819302;0,009315643;0,0089665;0,005838747;0,026748434;0,006314647;0,008247297;0,213455948;0,009727608;0,032780111;-0,00522877;-0,010515931;-0,012078027;-0,001009196;0,022375357;0,002880051;0,000721345;0,032189917;0,018791059;-0,036318078;-0,001055019
2025-05-19;0,01331484;-0,004864502;0,025056999;0,00338509;-0,001481646;0,009091054;-0,024542322;-0,006628849;0,007633819;-0,022222188;-0,002577322;-0,000865107;0;0,006036239;0,00190477;0,020743329;0,0127544;0,025497926;-0,005072985;0,005216651;-0,003385527;0,011873497;0,006214136;0,026240637;0,01226996;-0,064220209;0,001926798;0,002237904;-0,027595364;0,014945207;-0,005393684;-0,0136362;0,012265407;0,012636391;-0,002703208;0,002044958;-0,010000069;0,024691349;0,003225876
2025-05-20;0,005437266;-0,002094977;-0,025333394;0,008771931;0,017062473;0,009652257;0,018370657;0,020972381;0,013257243;-0,077922017;0,059862322;0,002597299;0,001320971;0,022000113;0,017110256;0,020110092;0,000726554;-0,00932396;-0,005098726;-0,01197608;0,001273993;-0,001303585;-0,009501154;0,01723166;-0,03030303;0,043052015;0,005769277;0,01299237;0,003378437;-0,00098159;0,002169145;0,015873079;-0,006890118;0,003970644;0,000180657;-0,002040784;-0,000448903;-0,050729188;0,00339454
2025-05-21;-0,020730074;-0,009097225;-0,055403539;-0,030100267;-0,02261135;-0,017845718;-0,009411837;-0,036414598;-0,013083788;-0,017605879;-0,01462821;-0,015544047;0,0131926;-0,019814108;-0,05607476;-0,030919364;-0,006776221;-0,021960775;-0,009609264;-0,041616218;0,000848048;-0,020104849;-0,032134263;-0,037704737;-0,040625042;0,006130018;-0,034416816;-0,043687354;-0,041077385;-0,019980415;-0,007575647;0,00151201;-0,000478356;-0,063276921;-0,012827427;-0,024539928;-0,024253356;-0,012692146;-0,015908929
2025-05-22;-0,005982519;-0,004237299;-0,005551506;-0,011034446;0,001492548;0,002595807;-0,008313506;-0,015503862;-0,016098578;0,025089766;-0,012783514;-0,003508723;0,007812493;0,000499094;-0,023366365;0,005781668;-0,021442579;0;0,000646854;0,020236211;-0,011016822;-0,006927531;0,004955483;0,003407128;0,028230142;0,018683959;0,001980116;0,012992491;0,014747137;-0,008021316;0,008360585;-0,023595463;0,000478585;-0,001809411;-0,007503589;0,001572414;0,005063404;0,021650983;-0,0044096
2025-05-23;0,007978189;0,009929033;-0,060679613;0,003486734;0,00819674;0,012297907;-0,025149757;0,091535464;0,02983614;0,013985924;0,014202097;0,007042246;0,0361758;0,012471948;0,012570999;0,007025718;0,007221062;0,009623127;-0,001292873;0,010330647;0,006855011;0,01207397;0,000739598;-0,003961486;-0,049630331;-0,009569369;0,021739207;0,023996643;0,015224914;0,008423191;0,002693977;0,001037304;0,016746441;0,004833822;0,001659578;0,003662835;0,000457949;0,029139019;0,004013899
2025-05-26;0,00507624;0,001404568;0,022738999;-0,004169557;0,005912751;0,005115066;0,010237597;0,041478813;0,007476763;-0,01724134;0,025947301;0,007867181;0,003740615;0,003449104;0,00720863;0,004862622;0,010136063;0,005559884;0,012297806;0,029856789;0,000851193;0,002120846;0,006405505;0,007954483;0,004444377;0,010869584;-0,025145172;0,001212103;-0,007498195;0,009021024;0,009038341;0,008808214;0,00941182;0,009621198;-0,00570699;0,021376546;0,00091557;-0,027027055;0,002263757
2025-05-27;0,014692546;-0,004207654;0,061141966;0,003489098;0,013960536;0,020356339;-0,004053524;-0,0103896;0,01576994;0,014034902;0,012043365;0,013876827;0,012422289;0,012275973;0,022663992;0,028823871;0,023739571;0,007898879;0,028132958;0,019062703;0,013180294;0,007936454;0,044063781;0,011837562;0,033185955;-0,016726406;0,001984241;0,010290651;0,03021971;0,001324502;0,005732614;0,00410904;0,016316953;0,005360279;-0,003147571;0,03011737;0,019666155;0,041666711;0,010171136
2025-05-28;0,006787151;-0,007042202;-0,003571477;-0,00556323;0,017391196;0,006857718;-0,019943181;0,020997355;-0,013698643;0;-0,024196685;-0,017964151;0,009815942;-0,006791129;-0,007776001;-0,017382423;0,003825039;0,007837057;-0,011194075;-0,016367869;-0,007553546;-0,008136481;0,015709197;0,012256397;0,022483896;0,025111337;0,033663242;0,010385334;-0,003333324;-0,011243411;0,006412632;0,003069039;-0,005734012;-0,016587657;-0,007986541;0,011892989;0,001569796;-0,013968292;-0,004679628
2025-05-29;0,005393285;-0,002836887;0,017204233;-0,01398602;-0,009971653;-0,00433453;-0,015780623;0,002570671;0,010185235;0;0,008943013;0,020906082;0,020656147;0,006349094;-0,02311915;0,007284147;-0,003334214;0,00311043;-0,009433939;0,006339209;-0,004228373;-0,007938441;0,002769906;-0,011557532;-0,049214575;0,021335477;-0,038314106;0,017987747;-0,007357959;-0,003009979;-0,006725605;-0,004079705;-0,012687291;0,010843447;0,000748897;0,013222333;-0,014330589;-0,011590409;-0,002548816
2025-05-30;-0,006705512;-0,002133718;0,037115549;-0,01063832;0,005755361;0,00746288;-0,011814299;-0,058974324;-0,006416118;0,027681961;-0,037872711;-0,005119514;-0,020238105;-0,01747135;0,001604516;-0,018595098;-0,018876937;-0,003876002;-0,031746015;0;-0,006369363;-0,001600278;-0,011049666;0,011135658;0,015418434;-0,017021297;0,003983997;0,011067956;0,000673906;-0,00268373;0,021382611;-0,002048052;-0,013785138;-0,029201421;-0,025257261;-0,024649615;-0,037937201;0,03257326;-0,010878196
2025-06-02;-0,005400286;-0,008553122;0,026047439;-0,017204281;0,002861474;0,0024689;-0,005977773;-0,043596774;-0,017527652;0,003366683;-0,005025045;-0,013722111;-0,021871125;0,008397096;0,004004822;-0,007157954;-0,013151356;-0,002334618;0,050491857;-0,002756046;-0,0136753;-0,007012526;0,008147247;0,010462808;0,03470718;-0,001180665;0,017857286;0,005953618;-0,032323173;-0,007399892;0,010467586;0,001026232;-0,004501249;-0,013505253;0,008829185;-0,002477662;-0,01180651;0,012618222;-0,00175148
2025-06-03;0,008144694;0,007189091;-0,009492309;0,034281566;0,012658147;0,017198425;0,005456094;-0,01234569;0,002816824;0,010067258;0,007996553;0,006956424;0,060869535;0,007347564;0,025927342;0,017175544;0,019249636;0,017160702;0,013732786;0,013817685;0,008232434;-0,003230173;-0,004386975;0,025068031;0,074423435;-0,00472809;-0,015594569;0,001527252;-0,013918054;0,007455059;0,007596733;0,016401733;-0,012137068;0,029869291;-0,000570875;0,015896634;-0,003584032;0,050467336;0,005548773
2025-06-04;-0,005386116;0,004996444;-0,026075215;-0,016220067;0;-0,003030241;-0,027415007;0,009615422;-0,013108587;0,046511742;-0,017536463;-0,004317707;-0,026932031;-0,006564624;-0,011275254;-0,001667696;-0,00702174;0,001533787;-0,006157681;0,024532643;0,004297161;-0,002430596;0,013450813;-0,020733597;-0,020487864;0;-0,071287204;-0,001906212;0,023994447;-0,023545257;0,010966497;0,030257149;0,004818004;-0,015105778;0,004568896;0,001956064;0,035011888;0,043890923;-0,00395504
2025-06-05;-0,009476323;-0,014914811;-0,002746032;-0,02652335;-0,027503525;-0,029179362;-0,004921705;-0,005714326;-0,015180321;-0,03809534;0,014874552;-0,005203788;-0,032491028;-0,008565882;0,002752714;-0,01106691;-0,001706979;-0,004594235;0,034696528;0,003420754;-0,008130104;-0,012181779;0,011441651;0;0,001992052;-0,018606465;0,049040588;0,004583662;0,031013149;-0,003100186;-0,020678088;-0,018600079;-0,022776227;-0,01226987;0,002653009;-0,011713055;-0,014365187;-0,007386482;-0,005591159
2025-06-06;-0,005011579;0,01514063;-0,018127633;-0,000736315;-0,000725144;-0,000626161;-0,023831047;-0,003831414;0,009633921;-0,03960407;0,017169192;0,003487309;0,002487619;0,000246938;-0,011764672;-0,006967954;-0,008304782;0,005384534;-0,000598943;-0,015530201;-0,001725626;0,002466448;-0,009049831;-0,046688343;-0,055665966;-0,010488109;-0,004065073;-0,001711078;0,012700514;-0,007256475;-0,003807502;0,004987643;0,005397409;0,005590068;0,001322994;-0,005925938;0,000705217;-0,022896376;-0,000983587
2025-06-09;-0,010073072;-0,008522749;-0,013788161;-0,030213585;-0,006531257;-0,007518773;0,000921236;-0,011538451;-0,003816757;0,020618851;-0,024289766;-0,007819335;-0,006203497;-0,004935919;-0,014285754;-0,011269373;-0,005665001;-0,007651016;0,064110254;-0,002308556;-0,005617869;-0,005194056;-0,003196326;0,018792677;-0,002105284;0,025682802;0,010204062;-0,006284425;-0,029042905;0,000696243;0,002779695;-0,009925478;-0,001951994;0,017912227;0,005851256;0,018877319;0,006342483;0,012302357;-0,002961015
2025-06-10;0,007400398;-0,011461276;0,015402752;-0,001519931;0,001460957;-0,0006313;-0,008743593;0,046692656;-0,008620759;0,016834792;0,004219241;0,011383627;0,031210985;-0,000743999;0,017713369;0,002365515;0,005697276;-0,012336121;-0,006193701;0,025453101;0,004346068;-0,001550524;0,007558474;0,02347673;0,002109726;0,013116054;0,030303073;0,001916363;0,003399107;0,002782606;0,004851066;0,014536237;0,001222394;0,005461171;0,006755565;-0,000487663;-0,012604925;0,000578784;0,005431138
2025-06-11;-0,007346034;0,007970962;-0,025904276;0,007610392;0,026987638;0,030953903;-0,006499543;-0,030669137;0,002898574;-0,01986747;0,018907749;-0,005194866;-0,001210681;-0,000744655;-0,021360779;-0,005578182;-0,008620675;-0,003122571;-0,036827105;0,009778108;0;0,009166385;0,00022731;0,008738436;0,004210569;0,003530802;-0,0058824;0,003251803;-0,028455381;0,046479358;0,02413783;0,035079054;-0,001465328;0,024743582;-0,008760527;0,024878077;-0,000236343;0,000578218;0,005071975
2025-06-12;0,002775077;-0,007907929;0,018447479;-0,019637464;0,014204461;0,00980391;0,00093458;0,012464057;0,014451087;-0,027027224;0,034226744;0,006092371;-0,001212149;0,002980739;0,002425215;0,005825233;0,002484399;0,011746298;-0,00470594;0,025325862;-0,000432691;0,007707585;0,010454424;-0,001624243;0,008385723;-0,011727883;0,001972402;0,017921823;0,019525916;-0,008617859;0,001683386;-0,001432071;0,010271592;0,007656094;-0,006581387;0,004759665;-0,000709575;-0,030635709;0,004900531
2025-06-13;-0,009225041;-0,011594232;-0,032462895;0,005392995;-0,011904736;-0,011529078;0,007936517;-0,038825832;0,003798431;-0,031249879;0,05741631;0;-0,014563093;0,002971677;-0,016129013;-0,004289925;0,002726183;0,007739923;-0,009456264;0,009807342;0,000865757;-0,012018667;-0,009896536;-0,004338361;-0,070686153;-0,003955711;-0,043307043;-0,00749203;-0,050615673;-0,003677817;0,00134463;-0,017208334;-0,006535904;-0,007013509;-0,013250056;-0,001894807;0,003076221;-0,014311292;-0,004259797
2025-06-16;0,00837988;0,002932559;0,015074154;0,032183944;0,01842682;0,02148564;0,018063938;0,040394169;0,011352978;0,046595056;0,016214113;0,020761131;0,03940883;0,006172845;0,029098375;0,018526423;0,004696016;0,016897017;0,004773328;0,021942659;0,01340815;0,018247074;0,022035491;0,025054378;0,067114212;-0,007148543;0,012345675;0,013210023;0,013688738;0,009731554;0,013427326;0,021400645;0,010477466;0,007063046;0,032610757;0,018509642;0,003538564;0,022988497;0,01488926
2025-06-17;0,009233559;-0,015350843;-0,025628786;0,004454263;0,009046382;0,015024039;-0,003639676;-0,029356099;0,007483657;0,017123436;0,012986948;0,003389871;-0,037914658;0,006134974;0,00995615;-0,002115066;-0,005412127;0,001510618;-0,015439531;-0,021471516;0,001707213;0,005973554;-0,008668753;-0,00903298;-0,022012641;-0,024000015;-0,028455309;0,004097562;0,002842935;0,001994119;-0,003312323;0,006190577;0,006992943;0,007597924;-0,044956318;0,001864102;-0,026563247;0,014192749;-0,002987304
2025-06-18;-0,007776537;0,001484711;0,015732553;0,019216557;-0,003448112;-0,007696948;-0,004109682;-0,009756135;0,008356514;-0,030303362;0,006959787;-0,011824376;-0,014778311;-0,013414565;0,007097853;-0,000847672;0,003957561;0,015837097;-0,003015555;-0,003956709;-0,006817214;-0,005938082;0,006278167;0,003753322;0,002143644;-0,001639304;0,029288729;-0,005008349;0,014883078;-0,002321706;-0,008308425;0,003312842;0,015565261;0,005800313;-0,003306755;0,006046416;0,010867113;-0,01632647;-0,000885912
2025-06-20;-0,01521448;0,002965167;-0,025895394;-0,012327819;-0,011072872;-0,008353112;-0,021091178;-0,031527065;-0,010128864;-0,020833158;0,000727538;-0,003418756;-0,089999974;-0,004202751;-0,010963271;-0,006151989;-0,013303842;-0,030437975;-0,031457922;-0,007945142;-0,012011926;-0,005158627;-0,036096277;-0,008546835;-0,053475936;-0,042692976;-0,010162682;-0,002610004;-0,022346281;-0,020279324;0,014745402;0,015094429;-0,035840721;-0,014417568;-0,025761197;-0,009246371;-0,005255731;-0,019561345;-0,011541484
2025-06-23;0,007958669;0,002217374;-0,040248467;-0,016152746;-0,006997787;-0,007822051;-0,012177999;-0,015259371;-0,001860645;-0,007092299;0,006179576;-0,002572885;-0,046703316;0,000496492;0,00475058;-0,011953042;0,033707948;0,015313906;0,004996876;0,011285003;0,009552713;-0,00218375;-0,019648588;0,024245606;0,00677973;0,044596952;-0,012320326;-0,00149528;0,036428456;-0,011876458;0,005614231;-0,011617265;0,020542995;-0,007606757;0,01262021;0,004666382;0,001301036;-0,016928714;-0,004120599
2025-06-24;0,033906078;-0,003687325;0,045042668;0,014468309;0,00493292;0,00303233;0,016595561;-0,026859527;-0,004884322;0,007142959;-0,024837738;0,010318175;0,024495688;0,003970271;0,015760505;0,016634286;0,051932277;-0,006787372;0;0,007919403;-0,005591289;0,018873026;0,025937231;0,014729186;0,021324285;-0,024220038;-0,014553028;0,010670307;0,034459039;0,018200553;0,004999721;-0,002820862;0,008176984;0,025943407;-0,000197776;0,012540543;-0,003846031;0,008610054;0,004496488
2025-06-25;-0,00404289;-0,026646995;-0,045826;0,006656769;-0,004908706;-0,008464341;-0,008395531;-0,044585995;-0,014326816;0;0,031990896;-0,015319153;-0,033755309;-0,013346562;-0,024437598;-0,022524469;-0,01836966;-0,022019677;-0,014294752;-0,022857019;-0,009515614;-0,017986235;-0,008273985;-0,01555229;0,003296792;-0,042490543;0,014767947;-0,001667101;0,032644829;-0,013828069;-0,022920645;-0,017916155;-0,013835848;-0,025861924;-0,001187219;-0,004587182;0,00916983;-0,004268277;-0,010192104
2025-06-26;0,017591212;0,01292779;0,05970917;0,036002918;0,008456801;0,009146089;0,015992492;-0,003333304;0,026162921;-0,014184501;0,012764378;0,004321438;0,005822411;0,012024091;0,027435432;0,016956556;0,010526298;-0,0031056;0,012610372;0,000730938;0,002183472;-0,007381446;-0,072769416;0,028436117;0,031763348;0,006590493;0,010395094;0,011688214;-0,016774073;0,002052088;0,021447617;0,040326563;0,012578634;-0,008849627;0,030110954;-0,022580587;0,029890071;0,011635054;0,009921409
2025-06-27;-0,00044338;-0,012762795;0,006124428;0,001418479;-0,002096598;0,00120856;0,006018435;-0,003344558;-0,010387274;0,003597174;-0,01332376;-0,01635109;-0,024602038;-0,001732662;-0,008513934;-0,005557911;0,042361092;-0,008567066;-0,00996264;-0,008876855;-0,006971765;-0,001101389;0,013496668;0,001535983;-0,012738875;-0,017896109;-0,008230416;0,002464713;-0,016404154;-0,005119502;-0,002624651;-0,015689853;-0,008122288;0,003571432;0,016730784;0;-0,01671699;-0,020581132;-0,001808714
2025-06-30;0,007538863;0,01292779;0,04699296;0,032577824;0,016106815;0,015690873;0,016567067;0,014541401;0,030534369;0,007168463;0,020803007;0,020122496;0,017804209;0,013141543;0,020296611;0,038692967;0,008438916;0,022780928;0,006289417;0,012662893;0,017112613;0,018748478;0,011891908;0,006135128;0,059139785;0,017777761;0,016597436;0,018826141;0,008672318;0,018524893;0,016118327;0,033755307;0,016618455;0,040332231;-0,004161083;0,021216477;0,010153463;0,019159464;0,014532462
2025-07-01;0,007042197;0,004504516;-0,044186056;-0,005486917;0,007734686;0,008901396;-0,00814858;0,007717823;0,016666555;0,01423498;-0,002502733;-0,00428826;0,03061225;-0,004405302;0,016449904;-0,002690343;0,012992673;-0,001536143;0;0,019124691;-0,00345099;0,004539361;0,002714626;-0,001524481;-0,014213136;-0,013100404;0,022449058;-0,007789878;0,004629591;0,020208878;0,011978115;0,003174619;0,006396513;0,014823199;0,013485163;0,007386772;-0,006544997;0,00727718;0,00499802
2025-07-02;-0,020978944;0,020179349;-0,036982956;-0,003448303;-0,014843482;-0,018067677;0,003651305;-0,001094117;-0,012750298;0;0,010752737;-0,029285002;-0,019802028;-0,009832809;-0,02935641;-0,025731595;0,015652099;0,003846186;0,031249919;-0,009382829;-0,008225304;-0,008086554;-0,057592927;-0,03307893;-0,065911469;-0,020796514;-0,003992146;-0,003103866;-0,004608257;-0,030043012;0,007677483;-0,007233361;-0,016007487;-0,014606681;0,036356877;-0,017873427;-0,001647029;-0,023479906;-0,003568639
2025-07-03;0,011160792;-0,012454244;0,037392596;0,01176469;0,021246515;0,023838523;0,014097421;0,01095284;0,019372692;0,024561366;0,019503503;0,022182818;0,02020207;0,021350485;0,006591616;0,029393046;0,044948795;-0,014559414;0,017575809;0,001821514;0,013967524;0,024728325;0,025071774;0,026229122;0,013230452;-0,008585569;0,02404819;0,036813225;0,006613805;0,001021155;0,020317426;0,029143979;0,023923451;0,015393228;-0,004701613;0,026598207;0,006598985;0,019728824;0,013498644
2025-07-04;0,008829973;0,002967441;0,000730546;0,006155919;-0,000693669;-0,004776039;0,005829602;0,005417139;0,0117647;-0,003424799;-0,003826106;0,002604152;0,009900947;-0,003889106;0,001926128;-0,001034512;-0,05161828;0,01244172;-0,000595497;0,007272737;0,003443998;0,000530278;-0,00178334;0,002592108;0,006528681;0,013217821;0,011741679;0,000883171;0,010363909;-0,003060199;0,008089606;-0,006194811;0,007243036;0,010106693;0,002906951;0,026818245;0,006789924;-0,012696566;0,003902702
2025-07-07;-0,021444147;-0,008875836;-0,019712787;-0,004078837;-0,011797379;-0,00959804;-0,016495782;0,005387952;-0,008944525;-0,017181906;-0,006983156;-0,009523877;-0,033613414;-0,01122496;-0,013456417;-0,014084442;-0,063282879;-0,001536143;0,004171551;0,003609935;-0,008150857;-0,013251837;-0,012506589;-0,003102302;-0,015134962;0,040935666;0,011605412;-0,024885248;-0,035294194;-0,013301543;-0,008950517;-0,005342807;-0,049872447;-0,012784763;-0,01467389;-0,023904478;-0,015581289;-0,024494774;-0,014051655
2025-07-08;-0,000894505;-0,001492467;-0,039225328;-0,004095542;-0,00210674;0,00242261;-0,002719858;-0,003215405;-0,00722022;-0,006992914;-0,029887486;-0,004370636;-0,001449309;-0,016041534;0,000389778;-0,005252253;-0,005994955;-0,006153787;0,001780247;-0,008273319;-0,001730279;-0,002417473;-0,010596827;0,001037215;-0,023051657;0,023336255;0,08221787;-0,016470639;-0,037940341;0,004148011;-0,017128638;-0,022381336;0,018798847;-0,002815528;0,003493282;-0,004081665;-0,040633226;-0,023226583;-0,001340598
2025-07-09;-0,017009884;-0,005231702;-0,043927697;-0,007539484;-0,010555725;-0,011480216;-0,025000026;0,060214995;-0,032727147;-0,028169407;-0,025371528;-0,010535501;-0,040638569;-0,030850218;0,004674704;-0,014994593;-0,016469571;-0,005418034;-0,0053316;-0,01595937;-0,010398614;-0,020732345;-0,024817163;0,005181323;-0,039325843;-0,047297332;-0,031802114;-0,026867767;-0,027464807;-0,015490539;0,003802251;-0,014194197;0,009106072;-0,003952478;-0,009893769;-0,007741324;-0,012312089;-0,027635013;-0,013079402
2025-07-10;-0,005008919;-0,006010534;-0,013783743;-0,026933562;-0,012802338;-0,013447485;-0,011188733;0,009127805;0,014097615;0;-0,001487583;-0,010647771;-0,030257229;-0,011387168;-0,01550995;-0,011149281;-0,002594309;-0,01167317;0,005360179;-0,001474356;-0,000875613;-0,030794735;0,024644993;-0,012371138;-0,024561415;0,063829812;-0,012773735;0,003403925;0,009413523;-0,022377677;0,010101054;0;-0,012111148;-0,007369527;0,022945934;0,013767861;-0,005235508;-0,009253171;-0,005368014
2025-07-11;-0,009611244;0,007558598;-0,022197931;-0,02555011;-0,003602327;-0,005576256;-0,003300425;-0,019095436;0,000926724;-0,039855051;0,016014952;-0,003587486;-0,004680146;-0,003664898;0,008271072;-0,007805805;-0,016788785;-0,006299233;-0,011255874;-0,002953138;-0,00087638;-0,008226953;-0,04156859;-0,024008281;-0,035971223;-0,041666667;-0,005545148;-0,013381257;-0,012195131;-0,007510669;0,003124853;-0,017185275;-0,012259534;-0,023415197;0,013024674;-0,015844314;-0,003759502;-0,074049331;-0,004066022
2025-07-14;0;-0,003000758;-0,013733193;-0,00873994;-0,000723114;0,003738413;-0,02175963;-0,023565624;-0,012963091;0,011320917;-0,029692119;-0,009000821;-0,015673966;-0,011297972;-0,003125045;-0,006774412;0,022125997;0,019017496;-0,002396615;-0,004442791;-0,002631535;-0,001716032;-0,005455617;-0,028342241;-0,01119408;0;-0,024163668;0,008787162;-0,010167055;-0,020540469;-0,030841035;-0,015595583;0,009247998;-0,026900633;-0,011428617;-0,006439739;-0,005534764;-0,002161324;-0,006520446
2025-07-15;0,011552858;-0,001504895;0,028701426;0,008817;0,000723638;-0,000620864;0,010638309;0;-0,003752201;0,011194086;-0,012466932;0,011807446;0,015923551;0,003986141;0,034482767;0,007700842;-0,018117629;-0,006998407;-0,010810855;0,011528477;-0,002198835;0,003438207;0,012342285;0,020363228;0,012578681;0,026086973;0,01333344;-0,004355234;-0,019809252;0,022810833;0,005464532;-0,001920039;0,023390385;0,001802887;-0,026192221;0,006018523;0,003541652;0,026714762;-0,000362161
2025-07-16;0,006395598;0,030896763;0,000276131;-0,003641545;-0,004338465;-0,002484494;-0,000957124;-0,045120605;-0,009416177;0;-0,001530264;0,013465011;-0,018808759;0,015087347;0,009090883;0,000436607;-0,000718959;0,003915379;0,003643122;0,028308794;0,004847973;0,004854437;0,002438426;0,001078722;0,007453366;-0,016949136;-0,003759521;-0,020159752;0,03293415;-0,003597156;0,002237803;-0,001924123;-0,000471359;-0,012597495;0,00908933;-0,006442801;0,036551659;0,003516171;0,00192976
2025-07-17;0,008624432;-0,016081839;0,004970954;0,004385869;0;-0,001867758;-0,006704803;-0,015384652;-0,00570345;0,007380178;-0,003065143;-0,009743113;-0,011182136;-0,008083345;0,00825826;-0,001527788;-0,010071872;-0,003120216;-0,010889336;-0,044333178;-0,011842039;0,015061088;0,009729872;0,008620585;0,011097461;0,002586184;0,018867983;0,0093168;0,015217429;0,018050639;-0,001913861;-0,003373413;-0,00377165;-0,022478721;-0,001838247;-0,022232464;0,023589486;0,007007702;0,000398492
2025-07-18;-0,024752482;-0,010401215;-0,01923597;-0,056040726;-0,02323886;-0,022458081;-0,023143707;-0,075892891;-0,007648188;-0,051282169;0,003843266;-0,0062613;-0,037156707;0,003680313;-0,010424419;-0,009398776;0,010416635;-0,011736947;-0,014678838;-0,011597483;-0,003994831;-0,018197252;-0,041755965;-0,052884545;-0,039024415;-0,026655238;-0,051851807;-0,003653855;-0,034261355;-0,049310201;-0,010866256;-0,014990389;-0,013251256;-0,024238621;0,004788199;-0,041212656;0,006652387;-0,074460671;-0,016102976
2025-07-21;-0,003691758;0,007507527;-0,004483109;0,010023103;0,002230406;0,000638103;-0,019743357;0,018116012;0,009633892;0;-0,010719823;-0,000899961;-0,0218121;0,003404918;-0,009405528;0,003309759;0,00623348;0,148851927;0,031657421;-0,015140067;0,006238995;0,011691084;0,000558723;-0,0146645;-0,03553297;0,00839225;0,00195314;0,004632248;0,03547684;-0,002281265;0,001615655;-0,005890989;0,009831976;0,00254773;0,027309381;0,000494063;-0,009440621;-0,012782003;0,005885352
2025-07-22;-0,015284666;-0,001490391;0,012946863;-0,00229014;-0,005192698;-0,003188609;0,001510576;0,036773364;-0,012404475;-0,007722011;-0,00270888;-0,017117178;-0,015437419;-0,028452075;-0,023547347;-0,007037648;-0,008815753;-0,008270185;0,017448787;-0,003843165;-0,017271854;-0,013528787;-0,000558411;-0,002861922;-0,013157828;0,007446346;-0,007797333;-0,008645513;0,002141242;0,00609754;-0,022258048;-0,019259369;-0,010686264;-0,005717923;0,025869782;-0,012839515;-0,015487206;-0,012947422;-0,000976395
2025-07-23;0,017117178;0,014179141;0,031397685;0,024483625;0,016405476;0,015994888;0,016088406;0,030892502;0,022222094;0,027237526;0,001940236;0,017415279;0,022648104;0,034390085;0,008946004;0,018826146;0,02235565;0,008339151;0,018332207;0,021604922;0,01126613;0,011142824;0,012010989;0,012054984;0,039999997;0,009565188;0,029469491;0,009689909;0,009259242;0,004545401;0,012866972;0,007049483;0,029044625;0,038977636;-0,001391328;0,011005437;-0,08010663;0,003858021;0,009937629
2025-07-24;-0,013475862;-0,006622534;-0,016433298;-0,020164343;-0,010271553;-0,01259463;-0,006927176;0,006659208;-0,004725888;-0,003787932;0,005034784;-0,01441449;0,005110768;-0,009090852;-0,038550495;-0,008695585;0,000940602;-0,024810555;0,003484335;-0,012084594;-0,001782441;-0,009324609;-0,007176206;-0,031196682;-0,033333409;-0,010335908;-0,032442725;-0,009021127;0,004234338;-0,004524833;0,001628747;-0,003000189;0,003498969;-0,00799511;-0,015499827;0,007422163;-0,046829696;-0,00076867;-0,011524142
2025-07-25;0,001413118;-0,002222154;-0,003834503;-0,003811006;-0,008154133;-0,007652933;0,008470266;-0,004410139;-0,004748329;0,011406485;-0,018882472;-0,004570391;0,020338963;0,001310531;0,013231759;-0,004166765;-0,009866099;0,023321504;-0,005786908;0,003822598;-0,001339308;0,004278479;0,005838091;-0,021077406;-0,005304959;0,012184538;0,003944805;-0,006391644;-0,013352096;0,001515108;-0,001626099;0,002507681;-0,000464825;0,025418546;-0,014682508;0,033890076;-0,001656088;-0,046922991;-0,002122444
2025-07-28;-0,009877767;-0,030438013;-0,033269223;-0,028309134;-0,008221094;-0,007712148;-0,014822056;-0,00553712;-0,010496202;-0,015037194;0,005106132;-0,010100987;-0,026578048;-0,020157049;-0,03284527;-0,015194834;-0,003558713;-0,004143553;-0,022118984;-0,014851382;-0,008046355;-0,021016811;-0,027915976;-0,020932919;-0,042666691;-0,015047308;-0,017681773;-0,010916189;-0,017806192;-0,003782078;-0,001878059;-0,002905048;-0,005813955;0,021765318;-0,009694753;-0,001425257;0,020318853;0,022598784;-0,01044756
2025-07-29;0,007600975;0,009954007;0,01393642;0,000787501;0;-0,001943022;0,000501505;0,001113611;0,007714566;0,015266763;0,010160072;0,015769891;-0,008532456;0,004541736;0,008183254;0,019454414;-0,004523894;0,000693501;-0,005356989;-0,002705959;0,002703693;0,005802076;0,008530066;-0,001221778;-0,027855152;0,006110842;0,002000115;0,007292157;0,004350949;0,001138977;0,000327333;0;0,007017581;0,011242577;-0,006163973;0,004281569;-0,004083753;-0,005524841;0,004518312
2025-07-30;0,009900955;-0,003032608;0,030013957;0,003147138;0,014317821;0,016223306;-0,002506268;0;0,004784779;0,041353465;0,004255341;0,014611856;0,0275387;0,015957504;0,005681858;0,013380178;-0,023917684;0,007623014;0,016157878;0,009302385;0,011235934;0,011537211;0,00338319;0,025076385;0,051575943;0,029067249;0,031936084;0,011739306;-0,021660713;0,008721916;0,019640093;0,010606133;0,016956925;0,007606817;-0,01787667;0,03126492;0,007380854;0,046031801;0,009523379
2025-07-31;-0,005135277;-0,052471467;-0,028322479;-0,013333315;-0,004457574;-0,008301541;-0,010050165;-0,030033316;-0,016190721;-0,00361016;-0,003851995;-0,006300565;-0,006700161;-0,007591668;-0,010492358;-0,011688384;-0,021563361;-0,013067425;-0,008244835;-0,012672863;-0,036888737;0,002566489;-0,026973818;-0,029236155;-0,038147247;-0,102023615;-0,044487398;0,003480944;-0,005904043;-0,006390965;0,01059379;0,034982376;-0,003882996;-0,002903466;-0,007057858;-0,025723557;0,007055758;-0,018209513;-0,006858721
2025-08-01;0,010793132;-0,013643695;-0,011771342;0,000794856;-0,001492562;0,001931893;-0,068527986;-0,013761454;0,000968295;0,00362324;-0,001160106;0,012681215;-0,01854969;0,00052764;-0,000407815;0,007446308;0,006761836;-0,007665584;-0,046912147;0,006612227;-0,003230202;-0,006042767;-0,007507993;0,013521793;0,022662977;0,005633842;0;0,007323202;0,017074962;-0,023079803;0,003176646;0,000483006;0,004356757;-0,014560315;0,005424543;-0,000471468;0,001886301;0,00540964;-0,004764374
2025-08-04;0;0,009764061;-0,000283492;0,007148572;0,0095227;0,007655451;0,020163403;-0,002325635;-0,003868423;-0,014440147;-0,022454554;-0,007155627;-0,003436423;0,007909226;-0,009791893;-0,005000044;-0,007711402;0,004213533;0,011214876;-0,024343153;-0,019907616;0,010592705;-0,000290984;0,023044186;-0,005540152;-0,004201688;-0,010121637;0,019322738;0,085401522;0,02052678;0,011082898;0,030405416;-0,000913182;-0,013002338;0,008000069;-0,007075361;-0,002958592;-0,025365097;0,004032106
2025-08-05;0,002321108;-0,004029019;0,010212665;-0,00788642;0,002224097;0,001915788;-0,005341783;-0,006992945;-0,005825372;0,01465172;0,000396149;-0,009009022;0,024137907;-0,020925905;-0,002884282;0,000873976;0,000752053;-0,004195854;-0,00369669;-0,007524713;0,004723714;0,011048113;0,006693784;0,001185507;0,002785403;0,035630578;0,010225133;-0,006006001;0,008742485;-0,009867234;0,003758288;0,002810215;0,00319928;0,000598641;-0,00129206;0,011876297;0,001618605;0,036277602;0,001353679
2025-08-06;0,016674465;0,009708763;0,03987639;0,011128848;0;-0,001274771;0,00429646;0;0,019531211;0,018050701;0,000395835;0,025454469;-0,021885541;0,014426981;0,022314071;0,015062251;0,009519078;0,02387652;-0,011131831;0,003990468;0,01269396;0,012608664;0,023417202;0,052101976;0,019444572;0,003168841;0,062752932;0,001321716;0,186666593;0,007282488;0,020280943;0,012143883;0,004783572;0,021544073;-0,006283431;0;0,027740257;0,012937645;0,010416745
2025-08-07;0,012756281;0,004807705;0,028355547;0,014936975;0,005177441;0,007657936;0,011229855;-0,015258229;0,013409995;0,05319166;0,001187113;0,021276664;0,0275387;0,035290996;0,004446242;0,039569865;-0,004218369;-0,002057673;0,013133324;-0,03736095;0,004642573;0,01770892;0,007062278;0,015194166;0,010899086;-0,002707557;-0,051428512;-0,003582735;-0,011235951;0,012176519;0,007339519;0,005999043;-0,028565051;0,021675498;0,007253055;0,016431969;0,022012677;0,021788079;0,01479136
2025-08-08;0,004498312;-0,013556653;-0,070378106;-0,002323768;0,008830101;0,010766322;0,001057745;0,044100104;0,008506659;0,033669953;-0,003952482;-0,002604242;-0,028475646;0,016026355;0,010462802;-0,00620606;0,009220033;-0,013745679;0,011728279;-0,042526813;0,008317976;0,006797284;-0,007012752;-0,072616442;-0,051212981;0,006334814;0,01204809;0,012679674;0,002840852;0,009022602;-0,000607323;0,026146889;0,002333795;-0,0636468;0,0227105;-0,011547262;-0,023076958;-0,003676467;-0,00450457
2025-08-11;0,004030611;-0,004850377;-0,057909788;-0,009316798;-0,002188333;-0,003759426;0,008980361;-0,077625604;0,00374888;-0,035830678;0,007539634;-0,011314185;-0,027586262;-0,014521663;-0,014336958;-0,016444582;-0,024691384;-0,004878119;-0,002440482;-0,003880891;-0,003666361;0,00621119;-0,023163678;-0,018529608;-0,002840866;0,001798602;-0,003968188;-0,002055569;-0,015297345;-0,004843623;0,009720588;0,011622551;-0,00302678;0,001224783;-0,00108319;-0,007476717;-0,023096996;-0,016974169;-0,002133718
2025-08-12;0,018287168;-0,006498879;0,029685246;-0,008620696;0,021199065;0,023270547;0,007329953;-0,003712838;0,018674097;0,010134909;0,04844418;0,022006984;0,03723405;0,00482713;0,022222228;0,034285746;0,010632908;0,007002861;0,007393732;-0,012554288;0,017479254;0,020665567;-0,004627133;0,018270317;0,001424588;-0,006732564;-0,017928233;0,030149724;0,012082883;0,013103767;-0,008724304;-0,024303849;0,002101797;0,046483188;0,010482568;0,024011325;-0,01638914;0,010510471;0,016892415
2025-08-13;-0,004380181;-0,008994218;-0,038439107;0,003952522;-0,010737443;-0,008604856;0,002078903;-0,013664613;-0,001833158;-0,040133715;-0,015401951;-0,024978363;-0,01196576;-0,00960809;-0,023320186;-0,022561144;-0,017785652;-0,007100326;0,007339346;0,005261015;-0,014918603;-0,009466299;0,011040082;-0,037679337;-0,042674323;-0,030727448;-0,014198795;0;-0,003979543;-0,002217269;0,004248552;0;-0,013283491;-0,008766931;0,001395667;-0,025287352;0,000273121;-0,034175335;-0,008896849
2025-08-14;0,005719588;-0,008250764;-0,02816481;0,011811196;-0,001447105;-0,007439482;0,029564348;-0,026448367;-0,006428075;0;0,032048891;0,001766805;-0,065743962;0,016339128;0,019425362;0,001068585;0,003315532;-0,002147485;-0,010321792;0,003052735;0,010555324;-0,001327563;-0,011494194;-0,004350545;-0,007429421;0,001398544;-0,014403305;-0,030539929;0,003424634;-0,005185149;0,002417692;0,007246208;-0,024563184;0,040094367;-0,012386827;0,003773626;-0,003549928;0,003076967;-0,002421591
2025-08-15;0;0,001663815;0,025241588;0,023346179;-0,000724859;0,001249292;0,04030231;-0,011642969;-0,009241933;-0,013937101;-0,011830052;-0,004409177;0,0148148;-0,008289455;0,024215957;-0,002134889;0,000254236;0,010043044;-0,004294459;-0,007826158;0,00499539;-0,003455463;-0,005232577;0,006866373;-0,008982127;0,087523329;0,025052185;-0,018188637;-0,006257142;0,002606012;0,00783846;0,002697938;0,020823238;-0,002834451;-0,001871934;-0,019736832;-0,014250516;0,000766901;-0,000110006
2025-08-18;0,013123115;0,002491701;0,033434654;0,000760553;0,015228583;0,019962586;0,020339004;0,040575909;0,004664072;0,035335704;0,000748356;-0,003543;0,052919701;-0,00405263;-0,015891521;0,003423222;0,010165167;0,006392052;0,00985837;0,010078888;0,000451761;0,007202017;0,019287075;0,004959704;0,043806789;0;0,042769896;0,01432393;-0,001144774;0,012625376;0,015255723;0,008520242;0,000948796;0,015349706;-0,002250534;0,000958656;0,012232354;0,014559343;0,007195194
2025-08-19;-0,020293668;0;-0,045882477;-0,047872387;-0,032857157;-0,034250947;-0,060275242;-0,028930821;-0,018570162;-0,047781683;-0,028037323;-0,02133331;-0,064124764;-0,01144465;-0,020480392;-0,023454192;-0,006289298;-0,014820009;-0,006711275;0,004772254;-0,011743407;-0,02905606;-0,030963412;-0,020974684;-0,00723589;0,001712286;0,029296817;-0,024477435;-0,005730657;-0,048771498;-0,001178514;-0,007114376;-0,016824619;-0,033594661;0,00075187;-0,010536336;-0,022246606;-0,013595169;-0,021045426
2025-08-20;-0,00132219;0,002485508;-0,034216963;-0,015961661;0,004431392;0,003166649;0,003030208;0,025906774;0,037843075;-0,007168561;0,015384505;0,016348779;-0,0148148;0,002829974;-0,013269001;0,017030543;0,000506342;-0,000716389;-0,01289938;0,003886003;0,006855692;0,000550708;-0,016567939;-0,010081919;-0,026239111;-0,031623922;0,017077841;0,015826963;0,031700105;0,020817257;0,001179904;-0,000447693;0,000241029;0,04345306;-0,004507907;0,00048402;0,01320232;-0,009954065;0,001748096
2025-08-21;-0,003089194;-0,003305711;-0,001276682;-0,006488259;-0,002941252;-0,003156653;-0,008559831;0,037878812;-0,031905225;-0,018050307;0,029166741;-0,010723895;-0,018797064;-0,003078407;-0,002445065;-0,008157954;0,014676145;-0,003584225;-0,00560048;-0,000430078;-0,001361894;0,001101273;-0,016245545;-0,017186528;0;-0,018976183;0,001865594;-0,034771016;0,020111816;0,000755303;0,003535657;0,007168472;-0,011325374;-0,011660145;0,008490609;-0,002902815;-0,004435907;-0,060324866;-0,001158413
2025-08-22;0,024542701;0,012437759;0,057845865;0,025306177;0,029498463;0,032932284;0,041137477;0,040145975;0,024482098;0,077205863;0,029444249;0,023486899;0,045977061;0,021101392;0,067401978;0,027489147;0,003096255;0,022302189;0,023779716;0,021944881;0,018181912;0,028044852;0,058715484;0,030440442;0,032934087;0,021142655;0,070763607;0,004527558;0,022453368;0,023396203;0,009982476;0,007117361;0,030952984;0,027999955;0,025070139;0,048035012;0,044277387;0,061728427;0,0257005
2025-08-25;-0,00217014;-0,007371026;0,010574162;-0,0007962;0,00358181;0,002452625;-0,02195115;0,017543815;-0,000919058;0,013651976;-0,004647912;-0,003530401;-0,001831544;-0,010080715;0,01492537;-0,003370579;-0,004829787;-0,0014075;0,019559886;-0,007578933;0,00223212;-0,005081396;0;-0,00377112;0,031884163;0,004405219;0;0,010190026;-0,02999451;0,007005904;0,012500037;0,010600638;0,000472919;-0,004446892;0,002372665;-0,001388966;0,006133435;0,011627975;0,000413139
2025-08-26;-0,007394469;0,004950508;0,010463268;-0,008765025;0,00142748;-0,002446625;0,01645887;0,012643749;0,011039324;-0,020202303;0,005387991;-0,009743113;-0,007339443;0,006364567;0,001508239;0;0,002809788;-0,002818897;0,007194143;-0,003394083;0,005790714;-0,006720623;-0,005776978;-0,012618426;-0,01685396;0;0,031304252;-0,010863172;-0,000552214;0,006590914;-0,008692144;-0,000874039;-0,022920677;0,012841936;0,008922101;0,031061768;-0,003710609;-0,024521188;-0,001840246
2025-08-27;0,019719643;-0,002463142;0,021301753;0,018488862;0,001425445;0,007357379;0,012266941;0,057888678;0,00727935;0;0,040014261;0,009838975;0,031423305;-0,005565344;0,016566348;0,017966643;0,009679119;0,013427631;-0,001190304;0,019582819;0,005314527;0,016779549;0,016850743;0,02172528;0,025714329;0,001754426;0,001686437;0,009609697;0,028729338;0,009821821;-0,010449841;0,003936971;0,018379603;0,017089342;-0,000541412;0,040917294;0,003990429;0,015710985;0,010415835
2025-08-28;0,027503125;0,008230556;0,013325607;0,028413502;0,023487629;0,021911361;0,020358628;0,010729655;0,004516798;0,003436569;0,025420804;0,002657204;0,025089582;0,002035078;0,030740741;0,011420239;0,004288604;0,018131135;0,00059592;0,014613612;0,020264092;0,02076111;0,019714149;0,011882446;0,091921945;0,035901913;0,013467954;0,025641072;0,012352294;0,015129722;-0,004400271;0,005664367;0,005224483;0,080758867;0,000361137;0,049675888;0,002119651;0,012374343;0,013239372
2025-08-29;0,002091176;0,008163286;-0,007718621;-0,003837329;0,004172534;0,002382085;0,016152129;-0,005307876;-0,000899128;0;0,001340137;-0,01060074;0,022727294;-0,000507815;0,010420392;0,00205293;0,003265408;0,019863001;-0,007742809;0,004115355;0,002159048;0,003650662;0,004202892;0,004944316;0,044642987;0,053677112;0,001661143;-0,019886419;-0,068965492;0,001419406;-0,002062459;-0,014297905;0,018190427;-0,014042204;0,002888122;-0,010699509;-0,00423044;0,004583602;0,002644471
2025-09-01;0,000417294;-0,004048593;0,000864316;0;-0,00692521;-0,006535695;-0,01402535;-0,028815316;-0,008100944;0;-0,016393579;-0,003571378;0,034188084;-0,014985996;-0,011379817;-0,00450728;-0,023535261;0,032236318;0,014405913;-0,016393465;-0,007324494;0,007996693;0,005859489;-0,001229982;0,010988936;-0,027276386;-0,001658388;0,001352775;0,005697891;-0,000354366;-0,003247672;0,000439606;-0,011833046;0,00508652;0,000719861;0,002911857;0,003982906;0,002281458;-0,002100098
2025-09-02;-0,00709215;-0,011382142;-0,027346005;-0,017719527;-0,017647098;-0,011438031;-0,031768554;-0,005494526;-0,015426448;-0,023972567;0,013605414;0,006272244;0,033057819;-0,009283168;-0,001438795;-0,012965576;0,003076981;-0,009108655;0,00118326;-0,014583333;-0,005642427;-0,017019103;-0,00138712;-0,009236411;-0,01570058;-0,026391727;-0,001661061;-0,006947186;-0,014730852;-0,00389934;-0,008886336;-0,003954446;-0,010330933;-0,005060779;-0,00377693;0;-0,003438305;-0,016692003;-0,005597874
2025-09-03;0,001260557;-0,021381633;-0,005622979;0,015686243;0,001421708;-0,000605686;-0,006855936;-0,007734878;0,000921696;0;0,013422925;-0,007123676;0,08;-0,013534487;-0,00540348;-0,011259448;-0,003067542;0,011162206;-0,009456171;-0,02114172;-0,000872937;-0,008656884;0,010000147;-0,003728994;0,008588982;-0,007200342;-0,003327896;-0,013991495;-0,018976292;-0,000711687;0,000597711;0,001764361;-0,005694035;0,000508632;0,00379125;0,007465753;0,004511734;0,012345699;-0,003356255
2025-09-04;0,015526515;0,021848796;-0,011011928;0,010810805;0,021291803;0,020000001;0,006903264;0,017817462;0,020257862;0,063157826;0,028145634;0,011659192;0,059259273;-0,001055449;0,016660607;0,020244711;-0,001025614;0,001948076;0,014319841;0,004319704;0,003495064;0,003969289;0,01760169;0,004990644;0,052311597;0,021331058;0,018364004;0,013795914;0,021688161;0,003917392;0,00328562;-0,002641836;0,007396849;0,003558713;0,001978392;-0,005763774;-0,015851968;0,063262154;0,008072127
2025-09-05;0,011983631;0,007401335;-0,010833604;0,022154326;0,02223751;0,024361263;0,035749303;0,028446309;0,005415095;0,013201417;0,010306052;0,01063824;0,020979034;0,016904371;0,027075189;0,034105009;0,011293615;0,022035047;0,025882294;0,008602248;0,008707097;0,011070135;0,029729684;0,014897522;0,071676199;-0,016290781;0,001639357;-0,009525708;-0,004589831;0,035473557;0,012206055;0,013244969;0,020606348;0,065856174;0,00915465;0,033126394;0,016107301;0,019354879;0,011681431
2025-09-08;-0,008983295;-0,008979615;-0,01947065;-0,017937199;-0,004758618;-0,005220471;-0,009456366;0,02234043;-0,004488321;-0,009772035;0,011794733;-0,010526259;0,023287616;-0,015584363;-0,01387442;-0,019788199;0,002538039;-0,003804739;-0,004013686;-0,002985209;0,000431309;-0,004692304;-0,018110113;-0,029357808;-0,038834907;-0,034819521;-0,006546697;-0,017664415;-0,018443865;-0,017129181;-0,012058864;-0,007407466;-0,001624557;-0,011406881;0,002490185;-0,016032154;-0,010832257;-0,029535895;-0,005945036
2025-09-09;-0,004532448;0,015650699;-0,024511266;-0,009893428;-0,006830728;-0,009329332;0,021479737;-0,041623271;-0,000901655;-0,026315801;-0,001260274;0,013297892;-0,034805858;-0,002110898;0,007034778;-0,004893964;0,017974708;0,005092253;-0,016119895;0,010692937;-0,00345099;-0,008643169;-0,004009761;-0,017643359;0,001122402;0,044874636;0,018121893;-0,000199818;0,012918445;-0,002091367;-0,004763296;-0,005267701;-0,02138535;-0,023076902;-0,003016356;-0,014663809;-0,012286317;-0,006521705;-0,00122715
2025-09-10;0,002483462;0,002433096;0,012086477;-0,003074567;-0,008252969;-0,007062832;0,030373774;-0,036916412;-0,000902752;0,016891854;-0,005362814;0,007874063;0,016643535;0;0,016765654;0,006147606;0,008952963;-0,004433155;-0,009947332;-0,005501359;0,005627333;0,000792422;0,002147212;0,023733155;0,036995261;0,041684201;0,017799335;0,010591565;0,011014569;0,001397166;-0,006580835;-0,009267405;0,016864582;0,010334728;0,006940791;0,007027587;0,008112614;0,006564516;0,005161773
2025-09-11;0,014037975;0,012945017;0,035512275;0,011565089;0,010402271;0,009483993;0,007709759;0,018038314;-0,002709947;0;0,012686303;0,003472263;0,006821308;0,01427821;0,049124024;0,011608927;0;-0,007633552;0,004728259;0,014893531;0,001291717;0,001847963;0,036154017;0,013784498;0,081081308;0,012530294;0,030206684;-0,002966205;0,006880572;0,010812791;0,007828967;0,004899742;-0,014015402;0,000487077;0,007776571;0,004105113;-0,012070834;-0,00144926;0,00563404
2025-09-12;-0,00651451;0,004792344;-0,01153259;-0,0129573;-0,010981532;-0,011743898;0,004050497;-0,012181579;-0,008152025;-0,029900302;0,027873576;0,003460159;0,006775029;-0,003649612;-0,006548815;-0,009059805;-0,004436692;0,012820496;-0,041176619;-0,039412978;0;-0,01501955;-0,021193961;-0,02039548;-0,0150001;0,0263473;0,024691327;-0,006743305;0,028473795;-0,011042129;0,00179248;0,003989414;0,016109879;0,008276381;-0,00035075;0,002453033;0,003258197;-0,04934685;-0,006140369
2025-09-15;0,002458865;0,003974573;0,027018771;0,032432492;0,013185462;0,011883456;-0,019722031;-0,007847499;0,013698601;0,044520616;-0,00213289;0,012931053;0,017496651;0,002093008;0,006591984;0,006704559;0,008170308;-0,014556969;0,024540055;0,003491861;0;0,016586334;0,011090579;0,023343776;0,074111655;0,013613395;-0,025602392;0,004392872;-0,039313311;0,004884752;0,008648888;0,002207465;0,017253526;0,005794418;0,008771888;0,006117446;-0,011907923;0,067175526;0,008961707
2025-09-16;0,015535711;0,006334062;-0,001195893;0,008227306;0;-0,002348649;0,003200646;0,020338909;0,008108054;0,009836114;0,004274836;0,004255237;0,022486783;0,005222023;0,002619485;0,002018213;-0,006385067;0,002568988;0,00479043;0,001304999;0,00773865;-0,002631863;0,021154271;0,041923504;0,015122931;0,056024598;0,01236486;0,005169037;0,00806907;0,002430609;-0,013009897;0,002643266;0,018565165;0,004800719;0,003478286;-0,006485681;0,007121246;-0,000715264;0,003587675
2025-09-17;0,015700306;0,006294273;0,011373868;0,017804134;0,030136774;0,03472636;-0,003190435;-0,013289024;0,018766756;0,019480438;0,013985947;0,016949178;0,034928846;0,010129852;0,001959498;0,006646493;0,007909038;-0,001921804;0,003575635;0,024326654;0,014505075;0,014248323;0,025575521;0,007100535;0,053072643;-0,021802339;-0,012213837;0,006724792;0,06060602;0,022861181;0,016476849;0,014499104;0,013951395;0,002388939;0,00173308;-0,008975875;-0,001631811;0,003579095;0,01063431
2025-09-18;0,002774591;-0,021110219;-0,03373775;0,000728883;-0,010638225;-0,010239012;0,010516523;-0,022446668;-0,008771912;-0,00636943;-0,002398748;-0,002499986;-0,018750012;-0,003599874;-0,001955666;-0,000200076;0,005149564;-0,003209239;-0,001781506;0,020780338;-0,006728343;0,001300432;-0,004987506;0,001762648;-0,007073368;-0,013744459;0,007728037;0,005500908;-0,022102345;-0,008466014;-0,006189201;-0,004764107;0,005326226;0,013346023;-0,00190309;-0,002058428;0,000544862;-0,017831653;-0,000645631
2025-09-19;0,000790465;0,002396172;-0,013782599;-0,005098322;0,016801113;0,01781599;-0,021719394;-0,024110222;-0,000884991;0,012820518;0,003606773;0,017543851;-0,044585976;-0,001548499;0,001306354;0,007804714;0,017321255;0,028332302;-0,002379541;-0,002492725;0,013971103;0,013250233;-0,006265681;-0,007624505;-0,010685771;-0,166101694;-0,003067509;0,009964833;-0,001102492;-0,006830612;-0,005337804;0,002610971;0,015231751;-0,018344227;0,003986775;-0,019801932;-0,010345876;-0,003631151;0,002508591
2025-09-22;-0,009083618;-0,015139481;-0,021739163;-0,011712993;0,002643669;0,001693938;-0,005087887;-0,011764751;-0,000885682;0,006329117;0,006588773;-0,013957344;-0,181333351;0,004652382;-0,021200278;-0,010127158;-0,00983212;-0,001878608;-0,001788825;-0,031237006;-0,017536493;-0,014358719;-0,013114747;-0,038416072;-0,024302449;-0,046070397;-0,013846188;-0,009092526;-0,028145717;-0,008940839;-0,001192802;-0,000433985;-0,005870772;0,001916569;0,001381267;-0,001683654;0,020907956;-0,013848428;-0,005182875
2025-09-23;0,028297906;0,008090636;0,013650778;-0,011851887;0,00856957;0,006200944;0,028823744;-0,023809502;0,012411378;0,022012545;0,011686634;0,013322217;0,032573337;0,019037851;0,006331262;0,021865635;-0,001210899;0,008783001;0,007168474;0,009028357;0,0140248;0,015868655;0,037311516;-0,021512068;0,014760204;-0,067234849;-0,006240223;-0,003319226;0,039182235;0,013532214;0,00164212;0,00781582;-0,010498676;0,021042599;-0,005689721;0,014755519;-0,011048152;-0,005173669;0,009069045
2025-09-24;-0,006920121;-0,006420562;-0,011587808;-0,006915258;-0,008496757;-0,007843381;-0,000903576;0,051219523;0,002626892;0,003076967;0,001192392;-0,008216939;0,056782279;0,004796768;0,006622474;-0,003140978;-0,015518899;0,011194041;-0,009489937;-0,00383476;-0,00125744;-0,00665812;-0,000985479;0,015268975;-0,010909109;0,001015155;0,023547914;0,002742412;-0,001092961;-0,010955184;-0,000299227;-0,009047712;0,020625348;-0,003747053;0,00381483;-0,00249269;0,005177004;0,005943546;0,000457572
2025-09-25;-0,001959218;0,006462052;-0,020595703;-0,016704608;-0,010547194;-0,007905157;-0,014473103;-0,044083541;-0,02358072;-0,036809831;-0,000297684;-0,017398501;-0,070149224;-0,013567887;-0,011513204;-0,004529346;-0,008128182;-0,012915224;-0,001197666;-0,014114602;-0,002517877;-0,007991662;-0,007398236;-0,013801735;0,012867777;-0,002535458;-0,018404903;-0,021293191;-0,035557816;-0,010730382;-0,011071131;-0,004347922;-0,0130378;0,006111804;0,005527724;0,001665946;-0,014638201;-0,051698626;-0,008096005
2025-09-26;0,001570451;0;-0,006146893;0,020849422;0,00532988;0,005122536;0,01468565;-0,148058231;0,007155545;0,015923704;0,005657924;-0,002529497;-0,004815443;-0,009169566;0,011314536;-0,003956409;-0,002979807;0,002492284;-0,003597072;0,003904634;0,024821225;0,004937596;0,008691823;0,006361319;0,01542633;-0,018810414;0,01406238;-0,014247545;0,009075301;0,023093154;-0,002117971;0,002183455;-0,009467194;-0,007476597;-0,019240643;0,005821292;-0,000825223;0,003115231;0,000970366
2025-09-29;0,01372014;-0,004012851;0,010742196;0,013615734;0,012591151;0,010192515;0,000452284;-0,05128207;0,00177627;0,028213132;0,013325566;0,017751471;0,012903291;0,006169688;0,008226355;0,009533266;0,023163186;0,003107453;0,008423545;0,005668203;0,024219971;0,00568928;-0,0004991;-0,00379269;-0,050938268;0,005699514;0,007704299;0,015759342;0,017425548;0,003761983;0,016373463;0,015803866;0,019115271;0,024011329;0,003328036;0,019015999;0,004425171;0,013198808;0,006119067
2025-09-30;-0,001160075;-0,025785643;-0,028985494;0;0,014666736;0,008388757;-0,001356328;-0,013513465;0,007353659;0,018292439;0,007890198;0,003322298;-0,017515944;0,006642809;0,001958286;0,000590192;-0,009250296;0;-0,00894993;-0,01087912;-0,011222283;0,004628248;-0,015227124;-0,039974543;-0,096045215;0,00051521;0,032110044;0,004634275;0,017679509;0,001703546;0,016408115;0,01687579;0,00174488;0,010114913;0,005237504;-0,002434039;0,00604901;-0,009961692;-0,000683354
2025-10-01;-0,008517256;-0,00827132;-0,019900557;-0,023134305;-0,019697903;-0,016958884;-0,007243104;0,045662056;-0,031390057;-0,008982082;-0,005509098;0,001655649;-0,001620783;-0,014720794;0,001302883;-0,006095222;0,008108078;-0,011152365;0,021071721;0,014078341;0,010133744;-0,017984866;0,013434689;0,001321798;0;0;0,00444448;-0,015242757;-0,00977192;-0,015306113;-0,005576588;-0,006382951;-0,024167177;-0,034592676;0,012677991;-0,017486682;-0,021863779;-0,013931969;-0,004923515
2025-10-02;-0,015228593;-0,0050041;-0,051438157;-0,019098599;-0,013595822;-0,016177756;-0,007751858;-0,03202326;0,000925986;-0,045317042;-0,0104955;-0,0214876;-0,030844166;-0,013910404;-0,010735201;-0,012858496;-0,01096761;0,002506275;0,012381958;-0,00477212;-0,0060192;-0,010951766;-0,030014936;-0,023102295;-0,04583327;-0,028321279;-0,001474938;-0,004887915;-0,012061464;-0,002072584;-0,018004825;-0,005995771;-0,021195908;-0,000471367;0,006688373;-0,013658989;0,009499915;-0,030612188;-0,010768501
2025-10-03;-0,000792765;-0,005029434;-0,026400342;-0,00700927;0;0,000585013;-0,008272067;-0,016541373;0,002775198;0,015822576;0,001767688;0,000844648;0,021775564;0,005224643;0,002959578;0,002003972;-0,006899903;0;0,019219585;-0,011769946;-0,009689384;0,007382208;0,005673032;-0,006756819;-0,001091769;-0,035506097;-0,002954233;-0,017396677;0,044950185;-0,002076749;0,001202316;0,011202083;0,018463612;-0,010849106;-0,001873911;0,005035679;0,007472793;0,01943323;0,001743661
2025-10-06;-0,018254093;-0,00168484;-0,027482505;-0,0086274;-0,008157631;-0,00584776;-0,007877762;0,033639185;0;-0,012460727;-0,007058738;-0,010970462;-0,009836056;0,001559364;-0,01639344;-0,007400039;-0,008684921;-0,005000019;-0,002857009;-0,008822154;-0,000407396;-0,011515508;-0,020000016;-0,021088316;-0,020765072;-0,017582505;-0,020740687;-0,020829005;-0,001486279;-0,008324703;-0,008405873;-0,000852074;-0,012309721;-0,009060576;0,017067747;-0,018789204;-0,019780146;0,001588466;-0,004112315
2025-10-07;-0,016976545;-0,011814376;-0,056895306;-0,031645698;-0,017820626;-0,016470839;-0,009341349;-0,007396478;-0,015682632;-0,037854987;-0,005627874;-0,016211662;-0,038079474;-0,01660611;-0,026000063;-0,023775949;0,00500633;-0,010678353;-0,01489969;-0,016911434;-0,022838743;-0,015885617;-0,036891659;-0,056984098;0,002232053;-0,020693454;0,012102821;-0,019357559;-0,012820506;-0,020636542;-0,022403879;-0,025586327;-0,016088828;-0,010587169;-0,014096348;-0,019148998;0,001401275;-0,049167271;-0,015681578
2025-10-08;0,004111948;0,014517544;0,008789404;0,034313728;0,014654664;0,016148592;-0,004243377;0,011922492;0,000937172;0,013114491;-0,010723964;-0,002601894;0,020654025;-0,000527779;0,022245128;-0,00350871;-0,008219147;-0,008888954;0,019778812;-0,050248989;0,002086875;0,001883203;-0,001086662;0,017686177;0,012249512;0,002855468;-0,017937141;-0,011279812;0,028679599;-0,002142904;0,003406567;-0,002188291;0,002763755;0,055447555;0,007659614;0,022125838;-0,006437134;-0,006672238;0,005581652
2025-10-09;-0,00778064;-0,013468047;-0,005544546;0,010268615;0,003438903;0,005297163;0,003314489;-0,039764357;-0,012172305;-0,012944727;0,004817807;0,006956424;-0,006745356;0;-0,022430525;0,000621452;0,0012556;-0,008328011;0,002281808;-0,005243149;-0,003748417;-0,001611091;-0,001631766;0,00217228;-0,013201232;-0,042710707;-0,016742827;0,017332087;-0,006312412;0,013242663;-0,001851781;-0,000877201;-0,022048656;-0,000460816;-0,001520251;0,003395533;0,047887273;-0,020151166;-0,003074326
2025-10-10;-0,009905094;0,0076792;-0,010354413;-0,01485533;-0,014393441;-0,013466215;-0,027371521;-0,038343558;0,001895663;-0,009836204;0,005993531;-0,001726958;-0,003395583;0,000263974;-0,006164436;-0,008072895;0,01454727;-0,003229905;-0,012521316;0,00862481;-0,001254202;-0,001075907;-0,024788959;0,010115572;-0,01783719;-0,013682305;0,010835923;-0,000646897;-0,011646446;-0,021547127;0,000618446;-0,012291507;0,00798486;-0,02028588;-0,004060311;-0,006768084;-0,013709653;-0,010282751;-0,007254354
2025-10-13;0,002917923;0,004233627;-0,007645894;0,008730107;0,00486774;0,004154367;0,013100357;0,039872408;0,010406905;0;0,0041703;0,011245583;0;0,01240439;-0,001722957;0,005843056;0,02595801;0,001296148;0,021325555;0,017577325;0,004185725;0,004038855;0,009497215;0,011444942;-0,023836502;-0,04161638;-0,010719764;0,007121242;-0,001071158;0,001444002;-0,002781315;0,003111139;-0,002795861;0,007529373;0,014948274;0,006814203;0,031343744;0,001731583;0,007840489
2025-10-14;-0,011221858;0,016020278;0,013787526;-0,012588488;0,010380758;0,01418433;-0,008620514;0,012269927;0,003745369;-0,03973503;0,010382802;0;0,001703617;0,011730957;-0,005177791;-0,003319531;-0,034939802;-0,006472418;-0,000564197;-0,001867543;-0,001667277;0,004290707;-0,007471007;0,01272985;0,020930089;-0,037130279;0,024767769;-0,001285647;0,004825748;-0,010454228;0,000619847;0,00354456;-0,003971954;-0,014479153;0;-0,005076063;-0,013477776;-0,004321431;-0,000705303
2025-10-15;0,0168137;-0,004979266;0,002799954;0,007171393;0,01301362;0,011654976;-0,0183576;0,022727288;0;0,037931005;0,056077303;0,00256637;0,015306067;0,003864944;0,007286693;0,017901784;-0,005742755;0,008468939;0,011857706;0,005145055;0,004592839;0;0,025648307;-0,004888251;0,014806471;0,001960767;0,018126884;0,001501881;0,04535746;0,017486353;0,007742449;0,020309057;-0,007506439;0,011848363;0,01857737;0,014030574;0,002410894;0,036458195;0,006500427
2025-10-16;-0,01033486;0,013344405;-0,023135117;-0,003164609;0,007437324;0,011520817;0,002460728;-0,066666638;0,000932705;0,01661144;-0,007784098;0,02218412;-0,045226129;0,00410672;-0,006889452;0,000408991;0,011049636;-0,007751903;-0,013950896;0,000465388;0,003740712;-0,002403141;-0,018755165;0,004210482;-0,079685809;0,008480112;0;-0,006855116;-0,003062761;0,002864366;0;0,003894453;-0,006145127;-0,012646457;-0,009201461;-0,021383582;0,026990962;-0,009212673;-0,00283302
2025-10-17;0,005430245;0,018107043;0,013883147;-0,003174577;0,010067313;0,006833851;0,026018682;-0,0063492;0,009319791;0,026143711;0,001681123;0,020033541;0,029824576;0,009202487;-0,002081159;0,026982783;-0,004967714;0,014322938;0,018675624;0,020465079;0,00331263;0,003479654;0,013850319;-0,004891667;0,024390306;0,013583444;0,007418457;-0,000647122;0,002560125;0,006783295;0,014136283;0,018965429;-0,017122424;-0,000474369;-0,002819201;0,006426726;0,044756769;0,01183436;0,008431786
2025-10-20;0,008309142;-0,00080841;0,024969794;0,007961679;0,017940178;0,018665138;-0,006220195;0,01277954;0,005540146;0,047770765;0,004755205;0,01472987;-0,003407152;0,015450899;0,030587352;0,005573319;-0,003993904;-0,043003836;0,014444532;0,019143063;0,008666921;0,017871387;0,010109459;0,004213508;-0,007142929;0,005743469;0,008836449;0,018562468;-0,005617912;0,024822591;-0,003333333;0,005076188;0,000241905;-0,008068291;0,012805625;0,003831358;-0,015193172;0,043441882;0,00774064
2025-10-21;0,00123616;-0,011326809;0,007072705;-0,026066353;-0,009791119;-0,013325865;-0,01107349;0,025236568;-0,011937577;-0,003039473;0,000278484;0,006451606;0,027350483;0,000997793;0,003372695;-0,000791836;-0,006015083;-0,004024126;-0,003833551;0,024597518;-0,007773997;-0,009434045;0,010278612;0,023076921;0,002398045;-0,006979734;0;-0,003390557;0,005649651;-0,004844257;0,004864711;-0,010101017;0,008708248;-0,012918749;-0,001642081;-0,014843036;0,003287806;0,000800672;-0,002934073
2025-10-22;0,00422193;-0,01227499;0,01872806;0,009732441;0,003955199;0,001125478;0,007302642;0,00615384;-0,001858857;0,024390086;0,007514465;0,016826998;-0,009983431;0,012957863;0,000672313;0,001782937;-0,008320695;-0,02693606;-0,01044535;0,004801452;0,00453602;0,008201153;0,01178036;-0,010936384;-0,002392308;0,003833893;0,005839391;0,004039995;-0,006639488;0,008002868;0,002420522;0,008503393;-0,00479619;-0,011148768;0,017763196;0,00387424;0,008822846;0,014400003;0,005468994
2025-10-23;0,004115287;0,004142513;0,055534224;0,011244927;0,008535619;0,010680128;-0,00193321;0,055045892;0,007448796;0,011904849;0,003591316;0,007880151;0,035294125;0,001230033;0,006046338;0,010282761;0,001779782;-0,017301016;0,010555607;-0,003475225;0,006568311;-0,000787211;0,010849492;0,024187889;-0,05635488;-0,028644163;0,027576204;0,003388319;-0,003084705;0,008084441;0,012979312;0,015598623;0,011566201;0,016666655;-0,001939342;0,024442614;0,035482206;0,026813904;0,005853403
2025-10-24;0,005327855;-0,000825085;0,01741663;-0,007148531;0,007812615;0,005561662;-0,006295406;0,024637692;-0,01016626;0,023529421;0,033030472;0,003909391;-0,025974002;0,002456944;0,006009999;0,017420178;-0,003299526;0,017605611;0,001099454;0,031822069;0,000407562;-0,001312905;0,014397866;-0,001349514;0,026683621;-0,015072116;-0,001412371;-0,006331655;0,009798797;0,014992972;0,025029648;0,018264839;0,008575672;0,02121508;-0,00048568;0,00879024;-0,001689143;0,01766513;0,003094955
2025-10-27;0,006930233;0,003302981;0,023181108;0,0024;0,003875929;0,008296462;0,016081888;0,009900947;0,014005553;-0,008620811;-0,011457658;0,005451657;0,019999981;0,014460751;0,00265513;0,005194377;0,015024158;0,013148786;0,000549231;-0,009716851;0,012637691;0,008414213;0,01470964;0,001351337;0,054455431;0,06453761;-0,004243315;0,010832578;0,011236025;0,009962178;0,005813995;0,017937301;0,001653215;-0,001888612;-0,001133956;0,000829863;0,007251556;-0,019622654;0,005452481
2025-10-28;-0,011336067;-0,009876487;-0,009062294;0,007980899;0,004504511;0,000548321;0,005275692;-0,004201643;0,019336949;0,037681218;0,020485388;-0,008520507;-0,009803912;0,002657673;-0,002648099;-0,026220117;-0,002759603;0,001366091;0,013172152;-0,00469297;0,001610225;0,003389937;-0,003814806;-0,016194361;0,016431972;0,15625;0,008522795;0,008615224;-0,018686921;-0,001360491;0,000828428;0,005206214;0,025701454;-0,006149389;0,008757657;-0,010779356;0,015598829;0,013086963;0,003129912
2025-10-29;0,004504596;0;-0,011255793;0,000791818;0,02498395;0,03234662;0,012404594;-0,016877688;0,00451682;0,002793336;-0,010301243;0,012499986;0,003300327;0,001927784;-0,005974095;0,018081773;0,00779869;-0,011596138;0,042795468;0,048435519;0;0,022349256;0,015317858;0,003429421;-0,01501164;-0,07837842;-0,02957756;-0,001666671;0,013895967;0,016008135;-0,00695438;-0,00597607;-0,006666709;-0,012375067;0,01816723;-0,015926254;-0,006379961;-0,012158075;0,008166643
2025-10-30;0,008153318;0,046550328;0,019210206;-0,003164609;-0,035624913;-0,038767948;0,019321416;-0,028612277;0,011690668;0,013927392;0,004003311;-0,000771654;-0,001644696;0,002404945;0,006009999;-0,000772187;-0,005990923;-0,001380233;-0,027532604;0,049468533;0,022508203;-0,001270961;-0,01332659;-0,002734079;-0,003516975;0,019354835;0,004354243;0,013355709;0,008121924;0,026148175;-0,005544219;0,001202335;0,012034356;0,024096333;0,007579376;0,020017084;-0,014268768;0,008461562;0,000989013
2025-10-31;0,008896092;0,009531319;0,002094269;0,004761827;0,002592282;0,003315094;0,012482676;-0,004418223;0,007999972;0,027472844;0,004518835;0,012355199;0,013179559;-0,001919458;0,011284425;0,001352372;0,004520324;0,005528631;0,011752216;0,006622462;-0,005495394;0,003817843;0,005096744;0,017134944;-0,003529507;0,028193424;0,037572195;-0,01050267;0,007049416;0,017314586;-0,059859253;-0,027622027;0,014635239;0,007529373;0,022723735;-0,006263127;0,015681429;0,083905419;0,005108213
2025-11-03;0,0008015;0,015735682;-0,016022289;0,014218011;0,013574746;0,011013071;0,008219187;-0,016272209;0,010581973;-0,005347668;-0,001587598;0,016781125;-0,009756088;0,02644237;0,004594715;0,009646915;0,007499972;-0,00137461;-0,012143664;-0,005417841;0,020708734;0,016682114;0,005324697;-0,00606466;-0,015348206;-0,017907196;0,027855169;-0,000416131;-0,008500106;0,012202952;0,006554369;-0,001646783;-0,024115456;-0,000934115;0,00137902;-0,005041938;0,016627284;-0,024630591;0,006112077
2025-11-04;0,01121349;0,019364806;0,004601758;0;0,003016711;0,003215419;0,008605082;-0,007518826;0,007853465;0,010752472;0;0,003000786;-0,031198695;0,008899393;0,011107472;0,000764366;0,026302676;0,001376503;-0,006948146;-0,015564291;0,01443635;-0,002994095;0,031525825;0,014915231;0,004796151;0,000569814;0,008130079;0,015615207;-0,017649955;0,003489821;0,023875894;0,011958705;0,003464201;0,000467494;-0,011170539;-0,003800796;-0,001168351;0,005050559;0,001661637
2025-11-05;0,027722856;0,001519837;0,024665295;0,028037385;0,018459595;0,021195859;0,015267104;0,019696987;0,02337654;0,013298062;0,014047022;0,017950615;0,037288099;-0,005571145;0,023263328;0,029406194;0,020551291;0,017869449;0,027448853;-0,009881432;0,006153666;0,004254399;0,016381287;0,032732149;0,04295938;0,015375881;-0,002688193;0,003075008;0,036960864;0,027505565;0,025136293;0,019152415;0,020023055;0,032710324;0,017177311;0,030945374;0,017777742;-0,023689872;0,017186007
2025-11-06;0,00809247;-0,007587348;-0,030261323;-0,007575659;-0,00312503;-0,004257787;0,011057152;-0,054977695;-0,007614187;-0,015748181;0,000261349;-0,017634073;-0,006535942;-0,006302495;0,013261789;-0,010758638;0,016109888;0,019581352;0,001571635;-0,013971991;0,006116337;0;-0,010103355;-0,058214709;-0,085812363;-0,033090306;-0,134770834;0,014101804;0,037623795;-0,008923046;-0,008271751;-0,021191475;0,03000901;0,000905041;-0,00349918;0,01562493;0,009193376;-0,029411812;0,000293554
2025-11-07;-0,00152909;0,003058112;0,019503511;-0,009160455;0,002507761;0,001068998;0,001312253;0,02358492;-0,013640249;-0,069333153;-0,015155427;0,006731452;0,008223716;0,006342469;0,038641359;-0,011813346;-0,008859799;0,039735049;-0,0047072;0,006072801;0,009498426;0,000996684;-0,006318353;-0,041895602;0,018773468;0,058584701;-0,048286602;-0,000604526;0,025763323;0,005588261;0,001787393;0,002450921;-0,010514813;0,013110183;-0,01099241;0,004453458;0,024823506;-0,00075753;0,004728086
2025-11-10;0,011485385;0,004573259;-0,020521724;0,010785927;0,015634738;0,01868638;-0,004805513;0,004608254;0,012964607;0,022922488;-0,000530708;0,01783059;0,006525279;0,017740429;0,000599975;0,00796974;0,017407624;0,004458696;0,003678437;0,007645993;0,005645418;0,00672149;0,028857839;0,039426496;0,034398074;0,028493176;0,014729906;0,006049481;0,028837265;0,008027251;-0,007136585;0,001630007;0,020588907;0,008032155;0,006637891;0,018540965;0,008222198;0,02729341;0,007743535
2025-11-11;0,015140114;0,031107665;0,020951689;0,031249951;0,019088772;0,021488619;0,030289674;0,180428109;0,035836226;0,011204564;0,005840259;-0,008759077;0,082657981;0,024082607;0,038680642;0,022402029;0,012023118;0,003170509;0,004250814;0,029153285;0,017589951;0,01928759;0,028048515;0,031034462;0,079572413;0,081512986;0,035483915;-0,076367877;0,035262256;0,023277177;0,038334829;0,01830757;0,012581342;0,020362999;-0,002606929;0,012663207;0,014547046;0,019926167;0,016050806
2025-11-12;0,010067041;0,002207511;0,028173856;0,043606827;0,002416785;-0,002565286;-0,028547112;0,006476709;-0,010708504;-0,019390779;0,01029288;-0,000736424;-0,04041916;0,019260863;-0,005484903;-0,001288874;0,013251139;0,020227509;0,00793645;-0,001164206;0,010297768;-0,022804338;-0,004392932;-0,000668922;0,006600727;0,028571426;0;-0,006076533;-0,002183459;-0,000299315;0,01471008;-0,008789452;0,017566502;-0,009110615;0,011070093;0,000390772;-0,024766407;-0,010130208;-0,000735345
2025-11-13;0,04577351;0,000734216;-0,00608925;0,02478756;0,003616528;0,002057609;-0,013157909;-0,048906064;-0,011656941;0,011299596;0,008359424;0,014738492;-0,048361927;-0,011206233;-0,014804171;-0,009955732;-0,014430651;-0,01796771;-0,007349137;0,00427363;-0,004004311;0,003972305;-0,023687985;-0,00736274;-0,00983611;0,043582461;-0,020249305;0,015283904;-0,007439746;0,005389277;0,000568604;-0,008061177;-0,008421181;-0,047723256;-0,001368657;-0,005859367;-0,001559413;-0,010233953;-0,002987953
2025-11-14;0,016943157;0,004401992;0,012253185;-0,002073323;-0,002402091;-0,000513218;-0,002666584;0,07848443;-0,053075053;-0,033519645;0,019430173;0;0,014754124;0,024444407;0,038597548;0,01080079;-0,012354168;0,003154506;-0,007403342;-0,009284371;0,002193038;0,003956381;0,047811602;0,02225219;0,058498988;0,119779651;0,038155873;0,000430173;0,007936438;0,005955751;-0,011363649;0,010971085;0,02208079;0,029425227;-0,006091106;0,011394881;-0,008478341;-0,069423914;0,003671371
2025-11-17;-0,028462443;0,005113308;-0,02353729;-0,019390561;-0,008428703;-0,007704375;0,002673713;-0,013801714;0,025800837;-0,0115607;-0,021601036;-0,007988512;-0,030694678;0,01062909;-0,026950346;-0,012159271;-0,000463304;-0,007547135;-0,003729383;-0,001171403;0,000729437;-0,007389006;-0,019977315;-0,001978839;-0,047966588;0,04918036;0,019908048;-0,009028461;0,010936138;-0,008584933;-0,016379234;-0,006430926;-0,024719592;-0,018758346;-0,000765978;0,006215992;-0,010576099;-0,01904765;-0,004729331
2025-11-18;-0,003572611;-0,001453492;0,044077153;-0,007768316;-0,009107436;-0,011904664;-0,027555586;0,017811688;-0,006071157;0,09941518;-0,01090906;-0,002928141;-0,008333365;0,016097887;0,006997125;0,006900446;0,001854012;-0,008871928;-0,002673846;0,004691184;-0,001457811;-0,004962916;-0,003937968;-0,003304755;0,037239688;-0,080468728;0,021021115;-0,00412141;0,02336656;-0,002090198;0,017820638;0,012135951;0,002555876;0,022303106;-0,003066628;0,02046333;-0,012053575;0,023462812;-0,003000134
2025-11-19;-0,009621849;-0,024017528;-0,019459089;-0,014234899;-0,007352964;-0,009952863;-0,01371099;0,006250024;-0,030541025;-0,013297699;0,000787754;-0,030102803;-0,018487338;0,009083158;-0,011001745;-0,016669693;-0,008558944;-0,000639437;-0,008579123;-0,010505861;-0,009853933;-0,006234299;-0,005813913;-0,010610099;-0,014783464;-0,08623622;-0,041176506;-0,014158203;-0,019027526;-0,007181284;-0,013203306;-0,02997597;-0,01487143;-0,009349941;-0,001076578;-0,020809602;0,004834213;0,013438708;-0,00728971
2025-11-21;-0,013538201;0,015659996;0,02253611;0,002888134;-0,004938246;-0,005820016;0,019462395;-0,009937938;-0,009000838;0,018867822;-0,005772727;-0,014383017;0,001712286;-0,001674668;-0,001756496;-0,002448708;-0,005132951;-0,019193834;-0,001081644;-0,009830917;-0,000737234;0,003011165;-0,016608156;0,01809649;0,032154342;-0,037656879;-0,0260736;0,009721589;-0,013793096;-0,003013835;0,002908615;0,018541328;-0,066637963;-0,020224739;0,003233401;0,000772703;-0,009851013;-0,018720702;-0,00393227
2025-11-24;0,029673685;0,011013244;-0,024350237;0,006479411;-0,002481562;0,000531959;-0,007272647;0,011292426;0,01725704;-0,010581799;0,008181565;0,009984558;0,010256401;0,008806909;0,012023497;0,013406346;0,018527178;-0,006523215;0,006496996;0,005162739;0,011803787;-0,003752683;0,022121761;-0,005924921;0,028037405;0,004830844;0,001574816;0,017505515;0,013986007;0,00030236;0,006670525;0,003236275;-0,012938916;0,009633105;-0,001074388;0,011582995;-0,000694235;0,003179616;0,00328229
2025-11-25;0,009726187;-0,002178655;-0,010420309;0,013590892;0,008706516;0,007978842;0,005952298;-0,037220865;0,006250039;0,024064069;0,027225177;0,016730079;-0,006768183;0,001870677;0,004346584;0,002049526;-0,002302464;-0,01313196;0,009144726;0,003556018;0,004818487;0,002260154;0,012566918;0,008609214;0,036363698;-0,032692232;-0,00628928;0,001935435;-0,011637872;0,01511022;0,005383957;0,004435443;0,013576684;0,005906319;0,007835329;0,018702323;-0,005325279;0,020602233;0,004070119
2025-11-26;-0,002497427;-0,005094627;0,025271985;0,038108681;0,025894102;0,030079285;0,011379077;-0,006443323;0,015971549;0,013054657;0,007645167;0,024682067;0,035775135;0,017427447;0,009232558;0,032725971;0,024001839;0,032601504;0,01972283;0,024803155;0,005845737;0,023552963;0,028729007;0,014445217;-0,014619981;-0,003479205;-0,004746951;0,019746734;0,028347138;0,017862406;0,009198065;0,006423101;-0,008314064;-0,004065009;0,014939079;-0,003510851;0,033519703;0,027173889;0,016964916
2025-11-27;-0,001072861;0,003657654;-0,02327962;0,001359575;-0,003005017;-0,002049278;-0,002700186;-0,00907914;0,001746749;0,005154712;0,047041096;-0,002189769;0,004934245;0,004486093;-0,006003443;-0,005084861;0,000856378;0,007731988;-0,001045457;0,01575104;0,003632406;-0,003427422;-0,001340396;0,027831774;0,00098918;-0,021945069;-0,007949111;-0,000210514;0,00339262;0,000877574;0,003987367;-0,001196501;-0,009781047;0,01133789;-0,003754894;0,020357318;-0,007883023;0,000755887;-0,00165873
2025-11-28;0,01503756;0,010204035;0,015071799;0,015614416;0,0090415;0,008726858;0,013989009;-0,005235597;0,002615509;0;0,005555503;-0,003657574;0,008183259;-0,00994724;0,027610048;-0,005645137;-0,034047927;0,026214722;-0,003663031;0,013615642;0,007962487;0,022844659;0,012304217;-0,008186405;0,015810236;-0,014278464;-0,001602577;-0,006526218;0,014793007;-0,000584459;0,005106394;0,011581413;0,006585138;-0,013901375;0,016131439;0,013029299;0,004540248;0,02794558;0,004927602
2025-12-01;0,001410921;0,010822539;-0,027624281;-0,004679057;-0,007765539;-0,015266996;-0,009345633;-0,005263153;-0,020869581;-0,010256485;0,027384047;-0,001468446;-0,001623336;-0,003485776;0,006157292;-0,016828833;-0,009138318;-0,008722681;0,005777296;-0,016417809;-0,014721836;-0,007744725;0,003314963;0,000634883;0,005836635;-0,05018103;-0,02889237;0,011655009;-0,02290718;-0,008479503;-0,017217085;-0,036715372;0,012149548;-0,018190085;0,007715035;0,000401941;0,021016938;0,001469565;-0,002898059
2025-12-02;0,020781894;-0,000713778;0,024502841;0,014103358;0,010079644;0,010810193;0,016762392;0,010582001;0,005328578;0,00259071;0,019639972;0,010294087;0,040650406;0,023251041;0,024200179;0,023509989;0,02338595;0,011942236;-0,002088731;0,001138074;0,011297341;0,022276151;0,047356736;0,001903565;0,024177949;0,003812619;0,008264447;0,006493408;0,036231834;0,026245861;0,007754181;-0,007377116;0,015235428;0,033348788;0,008245126;0,019686569;0,009517589;-0,000733704;0,015642042
2025-12-03;0,004140818;0,010714242;-0,012478351;-0,020529845;-0,025656488;-0,027635582;-0,00595919;0,04188484;0;0,002583945;-0,015134049;0,002911243;0,015624985;-0,002815184;-0,000543163;-0,005440267;-0,008368174;-6,1985E-05;0,027210842;0,015157196;-0,006126071;0;-0,006940028;-0,020899302;0,061378561;0,042322234;0,009836063;0,000416296;-0,010283758;-0,012931167;-0,022228494;-0,016515179;0,007730769;0,011653974;0,032272194;0,005122215;-0,01227802;0,029368624;0,004115661
2025-12-04;0,020618641;-0,014134242;0,000702021;0,015551138;0,011022838;0,014210716;0,017426365;-0,017587923;0,014134196;0,030927923;-0,001397048;0,010885357;0,015384601;0,013309182;0,040489193;0,034440858;0,013956552;0,012500035;-0,001528242;0,029115354;0,015228347;0,024632761;0,050402331;-0,027166852;0,036476924;0,04424781;0,016233735;0,010817626;0,000831275;0,01018945;0,020402146;0,002938649;0,072653487;0,039875892;0,017399863;0,014896095;0,020247841;0,019971465;0,016698093
2025-12-05;-0,082828279;-0,024372751;-0,099614181;-0,067243695;-0,056329522;-0,059678545;-0,070707064;0,007672627;-0,034843056;-0,077499935;-0,026579664;-0,046661947;-0,077272691;-0,033830854;-0,098981485;-0,051116344;-0,051216402;-0,058479568;-0,025510184;-0,080522323;-0,048214251;-0,046232018;-0,073991881;-0,077127698;-0,097854025;-0,028414741;-0,019169324;-0,026754521;-0,04983394;-0,044092267;-0,046558119;-0,025952265;-0,034286976;-0,068172044;-0,023637297;-0,049053613;0,026373645;-0,10839165;-0,043093593
2025-12-08;0,011747393;0,000734756;-0,004674776;0,024268356;0,0051348;0,007174559;0,020793839;0;0,003610065;0,005420056;0,04;-0,001505964;-0,009852207;0,003089567;0,04173907;-0,014860706;0,015182194;0,000690147;-0,00261785;-0,024457632;0,009005507;0,004847221;0,001959548;0,025936611;0,002854405;0,002052382;-0,003257355;0,016070965;0,02600312;-0,009647251;0,0095866;0,009883974;-0,00936615;-0,00574992;-0,0068358;0,01543458;0,022912177;-0,003137221;0,005197974
2025-12-09;0,014876657;0,001468433;0,001957005;-0,016027898;-0,007662789;-0,013150727;-0,005092521;0,005076137;-0,00449651;-0,008086367;-0,011745732;0,002262353;-0,023217303;0,005954861;-0,025598185;0,002304643;0,001661654;-0,006206907;0,001574873;-0,019409548;-0,011528416;-0,002170844;-0,022164378;-0,018258442;-0,049335881;-0,001024089;-0,009803919;0,011238426;0,013727988;-0,021308956;-0,00949557;-0,002553215;-0,006156469;-0,009638591;0,000573667;-0,016400009;-0,002302675;-0,007867892;-0,001302256
2025-12-10;0,013943433;-0,002932486;-0,024609385;0,006373938;0,012869914;0,01776789;0,005118588;0,008838345;-0,004516635;0,010869719;0,010953223;0;0,020373576;-0,003878426;0,007739954;0,002090269;0,004976821;0,028452453;0,026729527;-0,023505192;0,007900787;0,007870286;0,022000062;0,002861271;-0,002993992;0,005638166;0,009900988;-0,007408991;0,01142615;-0,009331355;0,020671106;0,013651915;-0,000221364;0,010219027;0,018343246;0,011793359;0,016995431;-0,009516233;0,006924883
2025-12-11;0,010578287;0,01323518;-0,004405253;0,006333568;0,006353287;0,011456733;-0,00138891;-0,012515633;-0,006352034;0;-0,005302023;0,005267142;-0,008319499;0,001024608;0,009526661;0,006049247;0,000660247;-0,000674715;0,013782561;0,005489853;0,008958594;-0,000760762;0,016525345;0,004279626;-0,0410411;0,00152899;0,003268;0,011818431;0,032217517;0,004081612;-0,023187605;-0,013888846;0,00597482;0,015414243;0,013228316;0,007234703;0,001650458;-0,006405135;0,000716643
2025-12-12;0,017097068;0,018867974;0,020514915;0,002097902;0,011994962;0,006472459;0,00602704;0,00633716;0,01552509;0,021505311;0,012282782;0,010479089;-0,0218121;0,026202726;0,008828034;0,019489916;0,004618937;0,018230891;0,003524699;-0,006299798;0,005179452;0,008881033;0,01582889;0,025106701;0,030271442;0,010687074;-0,017915291;0,013114705;0,013376638;-0,000938034;0,005108184;-0,000426807;0,017157963;0,019924102;0,002802944;0,01795696;0,019979435;0,008058091;0,009906463
2025-12-15;0,008233129;0,01709399;-0,024044213;0,005582717;0,011228941;0,013933441;0,014285633;-0,023929478;0,00989199;0,005263232;0,002747129;0,015555548;0,012006891;0,029323737;-0,002715756;0,0146431;0,017405573;0,007957552;0,02207731;-0,003803925;0,044902499;0,01509068;0,005685289;0,019014116;-0,003039596;0,017119846;-0,001658388;0,00343855;-0,011999953;0,03098586;0,01315399;0,004269808;0,009731827;0,011627907;0,00612153;0,011760055;0,003231004;0,020783386;0,010673899
2025-12-16;-0,03640679;-0,008403313;-0,025444276;-0,047883415;-0,02776066;-0,027484146;-0,013630199;-0,025806427;-0,021371345;-0,049738202;-0,028310369;-0,035740267;-0,067796625;-0,012209305;-0,047806353;-0,044097029;-0,021626846;-0,028289431;0,013745616;-0,033092928;-0,015850778;-0,025768193;-0,051507502;-0,037318585;-0,034552786;-0,0282179;-0,016300672;-0,008667639;-0,049392782;-0,035822655;-0,025081085;-0,032312876;-0,023430832;-0,054712668;0,003766509;-0,025184016;0,005233423;-0,024275655;-0,024027277
2025-12-17;-0,019420916;-0,00988696;-0,005387475;-0,034256585;-0,008248703;-0,008152079;-0,007369869;-0,015894087;-0,001819674;-0,013774222;0,020161715;-0,019667245;-0,034545465;-0,0098097;-0,014934837;-0,014887798;0,001979563;-0,014218012;-0,016464934;-0,021939381;-0,028632827;-0,008901361;-0,037306832;-0,035893772;-0,031578947;-0,004075391;-0,019097282;-0,044123687;-0,005536619;-0,005982429;-0,005145406;-0,000439459;-0,011226097;-0,009241179;0,012700206;-0,022654971;-0,002803362;-0,012038512;-0,007888862
2025-12-18;0,004681357;-0,007132757;0,01666665;0,00377361;0,005758123;0,004383503;0,001856147;-0,014804799;0;-0,011173342;0,00069959;0,003086456;-0,005649667;0,002773908;-0,016129032;0,005534315;0,009548878;0,009615342;0,005908491;0,004037548;0,00301505;0,00513203;0,005232157;-0,003722996;0,016304348;0,000511521;-0,001769948;0,010848794;-0,01199136;0,015204339;0,001217035;-0,001758258;-0,011353468;-0,001472788;0,002565203;0,001220043;0,004016107;0,009748147;0,003788288
2025-12-19;0,003584159;-0,002126514;0,016393426;0,006766917;0,008905842;0,009274385;-0,006947588;0,065573772;0,010027343;0,016949394;0,008156628;-0,009999998;-0,001893983;0,009879478;-0,023934411;0,000635029;0,013984595;-0,011564631;-0,002936798;0,021894605;-0,002219769;0,009190751;0,010618673;0,012705517;-0,010695295;-0,001022421;0,005319174;-0,021885493;0,001300343;0,008424362;-0,002734854;0,004843725;-0,021616754;0,012291052;0,007107321;0,008529583;-0,005599996;-0,005631596;0,00348271
2025-12-22;-0,011820679;-0,012048182;0,007957865;-0,01120239;-0,010088359;-0,014054163;-0,006529889;0,0153846;-0,003610157;-0,050000171;-0,001849186;-0,012432078;-0,024667953;-0,018000428;-0,024521314;-0,02475147;-0,022258045;0,007570586;0,009818257;-0,003935239;0,012977413;0,002024012;-0,007994484;-0,034686402;-0,028108067;-0,013817832;-0,00705465;0,000430272;0,009090916;0,010519848;-0,010968828;-0,022240407;-0,020483247;-0,007285071;0,029216651;0,00040275;-0,01694475;-0,032362432;-0,002088684
2025-12-23;0,02629653;0,026676859;0,017948722;0,021903274;0,009554275;0,009320366;0,021126808;-0,049242407;0,023487322;0,058479725;0,026953806;0,017309248;0,027237422;0,025901694;0,017561925;0,027114968;0,02672386;0,02459014;0,00875062;0,017559278;0,016471406;0,016409952;0,03384762;0,035932781;0,033370526;0,013492487;0,012433393;0,027526865;0,003371939;0,044090473;0,003696866;0,003541181;0,004934151;0,023972591;-0,000274227;0,016103058;0,013008795;0,048494958;0,014632419
2025-12-26;0,006405685;0,018559762;0,026868153;0,014042917;0,000630869;-0,00054327;0,004597652;0,042496638;0,018949911;0,010649701;-0,016147329;0,00541379;0,02272725;0,033792926;0,002707273;-0,000633554;0,005141402;-0,00733331;0;0,007765305;0,006841863;0,000322739;-0,000222792;0,007380049;-0,004305857;0,024577549;0,00350876;0,002720883;0,004797229;0,005278647;0,013505128;-0,000931084;-0,009118522;-0,003344467;0,003017849;0,000396208;0,009734937;0,001594959;0,002748417
2025-12-29;-0,006011233;0,010932917;0,014717932;0,005102017;-0,000630471;0,004891118;-0,005949629;0,012738842;-0,003597081;-0,031152738;-0,001387025;-0,009999998;-0,018518501;-0,002254376;-0,02159971;-0,008453118;-0,011508968;-0,008059092;-0,010602383;0,005614141;-0,021101516;-0,003068822;0,00200489;-0,010989045;0,010810921;-0,003498236;0,010489559;0,003537918;0,013020791;-0,026837736;0,000605812;0,008387656;-0,013685718;-0,000479397;-0,013676148;-0,00237623;-0,000820519;0,005766335;-0,002529569
2025-12-30;0,009249396;-0,000720997;0,013698636;0,00725168;0,006528933;0,00476775;0,009208094;-0,007547163;0,010830288;0,016077218;0,016666707;0,016317008;0,003773581;0,003389204;0,021731669;0,005115125;0,014553676;0,015572074;-0,00681934;0,015517235;0,014102059;0,006413422;-0,031347207;-0,003703691;0,003957265;0,002005968;-0,003460196;0,017248675;0,004712959;0,02098319;0,005147855;-0,013863177;0,006698576;0,002398045;-0,002218575;0,005557768;-0,004105965;0,009121033;0,003956633
